/Users/shouryakaveti/VS_Projects/sparse-ppo-drl-research/.venv/lib/python3.12/site-packages/matplotlib/_fontconfig_pattern.py:64: PyparsingDeprecationWarning: 'oneOf' deprecated - use 'one_of'
  prop = Group((name + Suppress("=") + comma_separated(value)) | oneOf(_CONSTANTS))
/Users/shouryakaveti/VS_Projects/sparse-ppo-drl-research/.venv/lib/python3.12/site-packages/matplotlib/_fontconfig_pattern.py:85: PyparsingDeprecationWarning: 'parseString' deprecated - use 'parse_string'
  parse = parser.parseString(pattern)
/Users/shouryakaveti/VS_Projects/sparse-ppo-drl-research/.venv/lib/python3.12/site-packages/matplotlib/_fontconfig_pattern.py:89: PyparsingDeprecationWarning: 'resetCache' deprecated - use 'reset_cache'
  parser.resetCache()
/Users/shouryakaveti/VS_Projects/sparse-ppo-drl-research/.venv/lib/python3.12/site-packages/matplotlib/_fontconfig_pattern.py:85: PyparsingDeprecationWarning: 'parseString' deprecated - use 'parse_string'
  parse = parser.parseString(pattern)
/Users/shouryakaveti/VS_Projects/sparse-ppo-drl-research/.venv/lib/python3.12/site-packages/matplotlib/_fontconfig_pattern.py:89: PyparsingDeprecationWarning: 'resetCache' deprecated - use 'reset_cache'
  parser.resetCache()
/Users/shouryakaveti/VS_Projects/sparse-ppo-drl-research/.venv/lib/python3.12/site-packages/matplotlib/_fontconfig_pattern.py:85: PyparsingDeprecationWarning: 'parseString' deprecated - use 'parse_string'
  parse = parser.parseString(pattern)
/Users/shouryakaveti/VS_Projects/sparse-ppo-drl-research/.venv/lib/python3.12/site-packages/matplotlib/_fontconfig_pattern.py:89: PyparsingDeprecationWarning: 'resetCache' deprecated - use 'reset_cache'
  parser.resetCache()
/Users/shouryakaveti/VS_Projects/sparse-ppo-drl-research/.venv/lib/python3.12/site-packages/matplotlib/_fontconfig_pattern.py:85: PyparsingDeprecationWarning: 'parseString' deprecated - use 'parse_string'
  parse = parser.parseString(pattern)
/Users/shouryakaveti/VS_Projects/sparse-ppo-drl-research/.venv/lib/python3.12/site-packages/matplotlib/_fontconfig_pattern.py:89: PyparsingDeprecationWarning: 'resetCache' deprecated - use 'reset_cache'
  parser.resetCache()
/Users/shouryakaveti/VS_Projects/sparse-ppo-drl-research/.venv/lib/python3.12/site-packages/matplotlib/_fontconfig_pattern.py:85: PyparsingDeprecationWarning: 'parseString' deprecated - use 'parse_string'
  parse = parser.parseString(pattern)
/Users/shouryakaveti/VS_Projects/sparse-ppo-drl-research/.venv/lib/python3.12/site-packages/matplotlib/_fontconfig_pattern.py:89: PyparsingDeprecationWarning: 'resetCache' deprecated - use 'reset_cache'
  parser.resetCache()
/Users/shouryakaveti/VS_Projects/sparse-ppo-drl-research/.venv/lib/python3.12/site-packages/matplotlib/_fontconfig_pattern.py:85: PyparsingDeprecationWarning: 'parseString' deprecated - use 'parse_string'
  parse = parser.parseString(pattern)
/Users/shouryakaveti/VS_Projects/sparse-ppo-drl-research/.venv/lib/python3.12/site-packages/matplotlib/_fontconfig_pattern.py:89: PyparsingDeprecationWarning: 'resetCache' deprecated - use 'reset_cache'
  parser.resetCache()
/Users/shouryakaveti/VS_Projects/sparse-ppo-drl-research/.venv/lib/python3.12/site-packages/matplotlib/_mathtext.py:45: PyparsingDeprecationWarning: 'enablePackrat' deprecated - use 'enable_packrat'
  ParserElement.enablePackrat()
test_complete_keys_with_shortened_methodology_are_rejected (tests.test_exp12_completeness.CompletenessTest.test_complete_keys_with_shortened_methodology_are_rejected) ... ok
test_confirmatory_output_contains_full_population_certificate (tests.test_exp12_completeness.CompletenessTest.test_confirmatory_output_contains_full_population_certificate) ... /tmp/exp12-validation-deps/arch/bootstrap/base.py:402: FutureWarning: random_state is deprecated and will be removed in a future version. The default random number generator is changing to a NumPy Generator. To continue using RandomState, please directly pass a RandomState instance using the ``generator`` keyword argument.
  warnings.warn(
/tmp/exp12-validation-deps/arch/bootstrap/base.py:402: FutureWarning: random_state is deprecated and will be removed in a future version. The default random number generator is changing to a NumPy Generator. To continue using RandomState, please directly pass a RandomState instance using the ``generator`` keyword argument.
  warnings.warn(
/tmp/exp12-validation-deps/arch/bootstrap/base.py:402: FutureWarning: random_state is deprecated and will be removed in a future version. The default random number generator is changing to a NumPy Generator. To continue using RandomState, please directly pass a RandomState instance using the ``generator`` keyword argument.
  warnings.warn(
/tmp/exp12-validation-deps/arch/bootstrap/base.py:402: FutureWarning: random_state is deprecated and will be removed in a future version. The default random number generator is changing to a NumPy Generator. To continue using RandomState, please directly pass a RandomState instance using the ``generator`` keyword argument.
  warnings.warn(
/tmp/exp12-validation-deps/arch/bootstrap/base.py:402: FutureWarning: random_state is deprecated and will be removed in a future version. The default random number generator is changing to a NumPy Generator. To continue using RandomState, please directly pass a RandomState instance using the ``generator`` keyword argument.
  warnings.warn(
/tmp/exp12-validation-deps/arch/bootstrap/base.py:402: FutureWarning: random_state is deprecated and will be removed in a future version. The default random number generator is changing to a NumPy Generator. To continue using RandomState, please directly pass a RandomState instance using the ``generator`` keyword argument.
  warnings.warn(
/tmp/exp12-validation-deps/arch/bootstrap/base.py:402: FutureWarning: random_state is deprecated and will be removed in a future version. The default random number generator is changing to a NumPy Generator. To continue using RandomState, please directly pass a RandomState instance using the ``generator`` keyword argument.
  warnings.warn(
/tmp/exp12-validation-deps/arch/bootstrap/base.py:402: FutureWarning: random_state is deprecated and will be removed in a future version. The default random number generator is changing to a NumPy Generator. To continue using RandomState, please directly pass a RandomState instance using the ``generator`` keyword argument.
  warnings.warn(
/tmp/exp12-validation-deps/arch/bootstrap/base.py:402: FutureWarning: random_state is deprecated and will be removed in a future version. The default random number generator is changing to a NumPy Generator. To continue using RandomState, please directly pass a RandomState instance using the ``generator`` keyword argument.
  warnings.warn(
/tmp/exp12-validation-deps/arch/bootstrap/base.py:402: FutureWarning: random_state is deprecated and will be removed in a future version. The default random number generator is changing to a NumPy Generator. To continue using RandomState, please directly pass a RandomState instance using the ``generator`` keyword argument.
  warnings.warn(
/tmp/exp12-validation-deps/arch/bootstrap/base.py:402: FutureWarning: random_state is deprecated and will be removed in a future version. The default random number generator is changing to a NumPy Generator. To continue using RandomState, please directly pass a RandomState instance using the ``generator`` keyword argument.
  warnings.warn(
/tmp/exp12-validation-deps/arch/bootstrap/base.py:402: FutureWarning: random_state is deprecated and will be removed in a future version. The default random number generator is changing to a NumPy Generator. To continue using RandomState, please directly pass a RandomState instance using the ``generator`` keyword argument.
  warnings.warn(
/tmp/exp12-validation-deps/arch/bootstrap/base.py:402: FutureWarning: random_state is deprecated and will be removed in a future version. The default random number generator is changing to a NumPy Generator. To continue using RandomState, please directly pass a RandomState instance using the ``generator`` keyword argument.
  warnings.warn(
/tmp/exp12-validation-deps/arch/bootstrap/base.py:402: FutureWarning: random_state is deprecated and will be removed in a future version. The default random number generator is changing to a NumPy Generator. To continue using RandomState, please directly pass a RandomState instance using the ``generator`` keyword argument.
  warnings.warn(
/tmp/exp12-validation-deps/arch/bootstrap/base.py:402: FutureWarning: random_state is deprecated and will be removed in a future version. The default random number generator is changing to a NumPy Generator. To continue using RandomState, please directly pass a RandomState instance using the ``generator`` keyword argument.
  warnings.warn(
/tmp/exp12-validation-deps/arch/bootstrap/base.py:402: FutureWarning: random_state is deprecated and will be removed in a future version. The default random number generator is changing to a NumPy Generator. To continue using RandomState, please directly pass a RandomState instance using the ``generator`` keyword argument.
  warnings.warn(
/tmp/exp12-validation-deps/arch/bootstrap/base.py:402: FutureWarning: random_state is deprecated and will be removed in a future version. The default random number generator is changing to a NumPy Generator. To continue using RandomState, please directly pass a RandomState instance using the ``generator`` keyword argument.
  warnings.warn(
/tmp/exp12-validation-deps/arch/bootstrap/base.py:402: FutureWarning: random_state is deprecated and will be removed in a future version. The default random number generator is changing to a NumPy Generator. To continue using RandomState, please directly pass a RandomState instance using the ``generator`` keyword argument.
  warnings.warn(
/tmp/exp12-validation-deps/arch/bootstrap/base.py:402: FutureWarning: random_state is deprecated and will be removed in a future version. The default random number generator is changing to a NumPy Generator. To continue using RandomState, please directly pass a RandomState instance using the ``generator`` keyword argument.
  warnings.warn(
/tmp/exp12-validation-deps/arch/bootstrap/base.py:402: FutureWarning: random_state is deprecated and will be removed in a future version. The default random number generator is changing to a NumPy Generator. To continue using RandomState, please directly pass a RandomState instance using the ``generator`` keyword argument.
  warnings.warn(
/tmp/exp12-validation-deps/arch/bootstrap/base.py:402: FutureWarning: random_state is deprecated and will be removed in a future version. The default random number generator is changing to a NumPy Generator. To continue using RandomState, please directly pass a RandomState instance using the ``generator`` keyword argument.
  warnings.warn(
/tmp/exp12-validation-deps/arch/bootstrap/base.py:402: FutureWarning: random_state is deprecated and will be removed in a future version. The default random number generator is changing to a NumPy Generator. To continue using RandomState, please directly pass a RandomState instance using the ``generator`` keyword argument.
  warnings.warn(
/tmp/exp12-validation-deps/arch/bootstrap/base.py:402: FutureWarning: random_state is deprecated and will be removed in a future version. The default random number generator is changing to a NumPy Generator. To continue using RandomState, please directly pass a RandomState instance using the ``generator`` keyword argument.
  warnings.warn(
/tmp/exp12-validation-deps/arch/bootstrap/base.py:402: FutureWarning: random_state is deprecated and will be removed in a future version. The default random number generator is changing to a NumPy Generator. To continue using RandomState, please directly pass a RandomState instance using the ``generator`` keyword argument.
  warnings.warn(
/tmp/exp12-validation-deps/arch/bootstrap/base.py:402: FutureWarning: random_state is deprecated and will be removed in a future version. The default random number generator is changing to a NumPy Generator. To continue using RandomState, please directly pass a RandomState instance using the ``generator`` keyword argument.
  warnings.warn(
/tmp/exp12-validation-deps/arch/bootstrap/base.py:402: FutureWarning: random_state is deprecated and will be removed in a future version. The default random number generator is changing to a NumPy Generator. To continue using RandomState, please directly pass a RandomState instance using the ``generator`` keyword argument.
  warnings.warn(
/tmp/exp12-validation-deps/arch/bootstrap/base.py:402: FutureWarning: random_state is deprecated and will be removed in a future version. The default random number generator is changing to a NumPy Generator. To continue using RandomState, please directly pass a RandomState instance using the ``generator`` keyword argument.
  warnings.warn(
/tmp/exp12-validation-deps/arch/bootstrap/base.py:402: FutureWarning: random_state is deprecated and will be removed in a future version. The default random number generator is changing to a NumPy Generator. To continue using RandomState, please directly pass a RandomState instance using the ``generator`` keyword argument.
  warnings.warn(
/tmp/exp12-validation-deps/arch/bootstrap/base.py:402: FutureWarning: random_state is deprecated and will be removed in a future version. The default random number generator is changing to a NumPy Generator. To continue using RandomState, please directly pass a RandomState instance using the ``generator`` keyword argument.
  warnings.warn(
/tmp/exp12-validation-deps/arch/bootstrap/base.py:402: FutureWarning: random_state is deprecated and will be removed in a future version. The default random number generator is changing to a NumPy Generator. To continue using RandomState, please directly pass a RandomState instance using the ``generator`` keyword argument.
  warnings.warn(
/tmp/exp12-validation-deps/arch/bootstrap/base.py:402: FutureWarning: random_state is deprecated and will be removed in a future version. The default random number generator is changing to a NumPy Generator. To continue using RandomState, please directly pass a RandomState instance using the ``generator`` keyword argument.
  warnings.warn(
/tmp/exp12-validation-deps/arch/bootstrap/base.py:402: FutureWarning: random_state is deprecated and will be removed in a future version. The default random number generator is changing to a NumPy Generator. To continue using RandomState, please directly pass a RandomState instance using the ``generator`` keyword argument.
  warnings.warn(
/tmp/exp12-validation-deps/arch/bootstrap/base.py:402: FutureWarning: random_state is deprecated and will be removed in a future version. The default random number generator is changing to a NumPy Generator. To continue using RandomState, please directly pass a RandomState instance using the ``generator`` keyword argument.
  warnings.warn(
/tmp/exp12-validation-deps/arch/bootstrap/base.py:402: FutureWarning: random_state is deprecated and will be removed in a future version. The default random number generator is changing to a NumPy Generator. To continue using RandomState, please directly pass a RandomState instance using the ``generator`` keyword argument.
  warnings.warn(
/tmp/exp12-validation-deps/arch/bootstrap/base.py:402: FutureWarning: random_state is deprecated and will be removed in a future version. The default random number generator is changing to a NumPy Generator. To continue using RandomState, please directly pass a RandomState instance using the ``generator`` keyword argument.
  warnings.warn(
/tmp/exp12-validation-deps/arch/bootstrap/base.py:402: FutureWarning: random_state is deprecated and will be removed in a future version. The default random number generator is changing to a NumPy Generator. To continue using RandomState, please directly pass a RandomState instance using the ``generator`` keyword argument.
  warnings.warn(
/tmp/exp12-validation-deps/arch/bootstrap/base.py:402: FutureWarning: random_state is deprecated and will be removed in a future version. The default random number generator is changing to a NumPy Generator. To continue using RandomState, please directly pass a RandomState instance using the ``generator`` keyword argument.
  warnings.warn(
/tmp/exp12-validation-deps/arch/bootstrap/base.py:402: FutureWarning: random_state is deprecated and will be removed in a future version. The default random number generator is changing to a NumPy Generator. To continue using RandomState, please directly pass a RandomState instance using the ``generator`` keyword argument.
  warnings.warn(
/tmp/exp12-validation-deps/arch/bootstrap/base.py:402: FutureWarning: random_state is deprecated and will be removed in a future version. The default random number generator is changing to a NumPy Generator. To continue using RandomState, please directly pass a RandomState instance using the ``generator`` keyword argument.
  warnings.warn(
/tmp/exp12-validation-deps/arch/bootstrap/base.py:402: FutureWarning: random_state is deprecated and will be removed in a future version. The default random number generator is changing to a NumPy Generator. To continue using RandomState, please directly pass a RandomState instance using the ``generator`` keyword argument.
  warnings.warn(
/tmp/exp12-validation-deps/arch/bootstrap/base.py:402: FutureWarning: random_state is deprecated and will be removed in a future version. The default random number generator is changing to a NumPy Generator. To continue using RandomState, please directly pass a RandomState instance using the ``generator`` keyword argument.
  warnings.warn(
/tmp/exp12-validation-deps/arch/bootstrap/base.py:402: FutureWarning: random_state is deprecated and will be removed in a future version. The default random number generator is changing to a NumPy Generator. To continue using RandomState, please directly pass a RandomState instance using the ``generator`` keyword argument.
  warnings.warn(
/tmp/exp12-validation-deps/arch/bootstrap/base.py:402: FutureWarning: random_state is deprecated and will be removed in a future version. The default random number generator is changing to a NumPy Generator. To continue using RandomState, please directly pass a RandomState instance using the ``generator`` keyword argument.
  warnings.warn(
/tmp/exp12-validation-deps/arch/bootstrap/base.py:402: FutureWarning: random_state is deprecated and will be removed in a future version. The default random number generator is changing to a NumPy Generator. To continue using RandomState, please directly pass a RandomState instance using the ``generator`` keyword argument.
  warnings.warn(
/tmp/exp12-validation-deps/arch/bootstrap/base.py:402: FutureWarning: random_state is deprecated and will be removed in a future version. The default random number generator is changing to a NumPy Generator. To continue using RandomState, please directly pass a RandomState instance using the ``generator`` keyword argument.
  warnings.warn(
/tmp/exp12-validation-deps/arch/bootstrap/base.py:402: FutureWarning: random_state is deprecated and will be removed in a future version. The default random number generator is changing to a NumPy Generator. To continue using RandomState, please directly pass a RandomState instance using the ``generator`` keyword argument.
  warnings.warn(
/tmp/exp12-validation-deps/arch/bootstrap/base.py:402: FutureWarning: random_state is deprecated and will be removed in a future version. The default random number generator is changing to a NumPy Generator. To continue using RandomState, please directly pass a RandomState instance using the ``generator`` keyword argument.
  warnings.warn(
/tmp/exp12-validation-deps/arch/bootstrap/base.py:402: FutureWarning: random_state is deprecated and will be removed in a future version. The default random number generator is changing to a NumPy Generator. To continue using RandomState, please directly pass a RandomState instance using the ``generator`` keyword argument.
  warnings.warn(
/tmp/exp12-validation-deps/arch/bootstrap/base.py:402: FutureWarning: random_state is deprecated and will be removed in a future version. The default random number generator is changing to a NumPy Generator. To continue using RandomState, please directly pass a RandomState instance using the ``generator`` keyword argument.
  warnings.warn(
/tmp/exp12-validation-deps/arch/bootstrap/base.py:402: FutureWarning: random_state is deprecated and will be removed in a future version. The default random number generator is changing to a NumPy Generator. To continue using RandomState, please directly pass a RandomState instance using the ``generator`` keyword argument.
  warnings.warn(
/tmp/exp12-validation-deps/arch/bootstrap/base.py:402: FutureWarning: random_state is deprecated and will be removed in a future version. The default random number generator is changing to a NumPy Generator. To continue using RandomState, please directly pass a RandomState instance using the ``generator`` keyword argument.
  warnings.warn(
/tmp/exp12-validation-deps/arch/bootstrap/base.py:402: FutureWarning: random_state is deprecated and will be removed in a future version. The default random number generator is changing to a NumPy Generator. To continue using RandomState, please directly pass a RandomState instance using the ``generator`` keyword argument.
  warnings.warn(
/tmp/exp12-validation-deps/arch/bootstrap/base.py:402: FutureWarning: random_state is deprecated and will be removed in a future version. The default random number generator is changing to a NumPy Generator. To continue using RandomState, please directly pass a RandomState instance using the ``generator`` keyword argument.
  warnings.warn(
/tmp/exp12-validation-deps/arch/bootstrap/base.py:402: FutureWarning: random_state is deprecated and will be removed in a future version. The default random number generator is changing to a NumPy Generator. To continue using RandomState, please directly pass a RandomState instance using the ``generator`` keyword argument.
  warnings.warn(
/tmp/exp12-validation-deps/arch/bootstrap/base.py:402: FutureWarning: random_state is deprecated and will be removed in a future version. The default random number generator is changing to a NumPy Generator. To continue using RandomState, please directly pass a RandomState instance using the ``generator`` keyword argument.
  warnings.warn(
/tmp/exp12-validation-deps/arch/bootstrap/base.py:402: FutureWarning: random_state is deprecated and will be removed in a future version. The default random number generator is changing to a NumPy Generator. To continue using RandomState, please directly pass a RandomState instance using the ``generator`` keyword argument.
  warnings.warn(
/tmp/exp12-validation-deps/arch/bootstrap/base.py:402: FutureWarning: random_state is deprecated and will be removed in a future version. The default random number generator is changing to a NumPy Generator. To continue using RandomState, please directly pass a RandomState instance using the ``generator`` keyword argument.
  warnings.warn(
/tmp/exp12-validation-deps/arch/bootstrap/base.py:402: FutureWarning: random_state is deprecated and will be removed in a future version. The default random number generator is changing to a NumPy Generator. To continue using RandomState, please directly pass a RandomState instance using the ``generator`` keyword argument.
  warnings.warn(
/tmp/exp12-validation-deps/arch/bootstrap/base.py:402: FutureWarning: random_state is deprecated and will be removed in a future version. The default random number generator is changing to a NumPy Generator. To continue using RandomState, please directly pass a RandomState instance using the ``generator`` keyword argument.
  warnings.warn(
/tmp/exp12-validation-deps/arch/bootstrap/base.py:402: FutureWarning: random_state is deprecated and will be removed in a future version. The default random number generator is changing to a NumPy Generator. To continue using RandomState, please directly pass a RandomState instance using the ``generator`` keyword argument.
  warnings.warn(
/tmp/exp12-validation-deps/arch/bootstrap/base.py:402: FutureWarning: random_state is deprecated and will be removed in a future version. The default random number generator is changing to a NumPy Generator. To continue using RandomState, please directly pass a RandomState instance using the ``generator`` keyword argument.
  warnings.warn(
/tmp/exp12-validation-deps/arch/bootstrap/base.py:402: FutureWarning: random_state is deprecated and will be removed in a future version. The default random number generator is changing to a NumPy Generator. To continue using RandomState, please directly pass a RandomState instance using the ``generator`` keyword argument.
  warnings.warn(
/tmp/exp12-validation-deps/arch/bootstrap/base.py:402: FutureWarning: random_state is deprecated and will be removed in a future version. The default random number generator is changing to a NumPy Generator. To continue using RandomState, please directly pass a RandomState instance using the ``generator`` keyword argument.
  warnings.warn(
/tmp/exp12-validation-deps/arch/bootstrap/base.py:402: FutureWarning: random_state is deprecated and will be removed in a future version. The default random number generator is changing to a NumPy Generator. To continue using RandomState, please directly pass a RandomState instance using the ``generator`` keyword argument.
  warnings.warn(
/tmp/exp12-validation-deps/arch/bootstrap/base.py:402: FutureWarning: random_state is deprecated and will be removed in a future version. The default random number generator is changing to a NumPy Generator. To continue using RandomState, please directly pass a RandomState instance using the ``generator`` keyword argument.
  warnings.warn(
ok
test_control_original_panel_change_is_rejected_in_exp1 (tests.test_exp12_completeness.CompletenessTest.test_control_original_panel_change_is_rejected_in_exp1) ... ok
test_directory_addition_prevents_publication (tests.test_exp12_completeness.CompletenessTest.test_directory_addition_prevents_publication) ... ok
test_episode_grid_breaks_and_early_termination (tests.test_exp12_completeness.CompletenessTest.test_episode_grid_breaks_and_early_termination) ... ok
test_full_population_and_b5_invalids_pass (tests.test_exp12_completeness.CompletenessTest.test_full_population_and_b5_invalids_pass) ... ok
test_independent_population_cannot_shrink_to_observed (tests.test_exp12_completeness.CompletenessTest.test_independent_population_cannot_shrink_to_observed) ... ok
test_last_eligible_check_keeps_full_horizon_and_nominal_endpoint (tests.test_exp12_completeness.CompletenessTest.test_last_eligible_check_keeps_full_horizon_and_nominal_endpoint) ... ok
test_missing_and_wrong_per_q_curve_rejected (tests.test_exp12_completeness.CompletenessTest.test_missing_and_wrong_per_q_curve_rejected) ... ok
test_missing_endpoints_duplicates_times_and_provenance (tests.test_exp12_completeness.CompletenessTest.test_missing_endpoints_duplicates_times_and_provenance) ... ok
test_missing_fork_arm_check1_and_check2_evidence (tests.test_exp12_completeness.CompletenessTest.test_missing_fork_arm_check1_and_check2_evidence) ... ok
test_missing_seed_environment_and_architecture_rejected (tests.test_exp12_completeness.CompletenessTest.test_missing_seed_environment_and_architecture_rejected) ... ok
test_one_seed_reporting_is_blocked_pending_decision (tests.test_exp12_completeness.CompletenessTest.test_one_seed_reporting_is_blocked_pending_decision) ... ok
test_primary_contains_check2_failure (tests.test_exp12_completeness.CompletenessTest.test_primary_contains_check2_failure) ... ok
test_routine_pruned_checkpoints_not_required (tests.test_exp12_completeness.CompletenessTest.test_routine_pruned_checkpoints_not_required) ... ok
test_snapshot_change_and_exploratory_atomic_markers (tests.test_exp12_completeness.CompletenessTest.test_snapshot_change_and_exploratory_atomic_markers) ... ok
test_terminal_episode_loss_and_nonfinite_return_rejected (tests.test_exp12_completeness.CompletenessTest.test_terminal_episode_loss_and_nonfinite_return_rejected) ... ok
test_twin_aggregate_cannot_disagree_with_individual_measurements (tests.test_exp12_completeness.CompletenessTest.test_twin_aggregate_cannot_disagree_with_individual_measurements) ... ok
test_zero_eligible_is_explicit (tests.test_exp12_completeness.CompletenessTest.test_zero_eligible_is_explicit) ... WARNING:matplotlib.style.core:In /Users/shouryakaveti/VS_Projects/sparse-ppo-drl-research/.venv/lib/python3.12/site-packages/matplotlib/mpl-data/stylelib/classic.mplstyle: 'parseString' deprecated - use 'parse_string'
WARNING:matplotlib.style.core:In /Users/shouryakaveti/VS_Projects/sparse-ppo-drl-research/.venv/lib/python3.12/site-packages/matplotlib/mpl-data/stylelib/classic.mplstyle: 'resetCache' deprecated - use 'reset_cache'
ok
test_diagnostic_forward_passes_are_highest_and_training_matmuls_keep_the_run_setting (tests.test_exp12_diagnostics.DiagnosticsPrecisionTest.test_diagnostic_forward_passes_are_highest_and_training_matmuls_keep_the_run_setting) ... ok
test_diagnostics_never_change_the_update (tests.test_exp12_diagnostics.KnownAnswerTest.test_diagnostics_never_change_the_update) ... ok
test_existing_path_has_no_new_outputs (tests.test_exp12_diagnostics.KnownAnswerTest.test_existing_path_has_no_new_outputs) ... ok
test_gnorm_std_is_the_population_sd_of_the_window (tests.test_exp12_diagnostics.KnownAnswerTest.test_gnorm_std_is_the_population_sd_of_the_window) ... ok
test_policy_kl_is_the_closed_form_gaussian_kl_new_vs_old (tests.test_exp12_diagnostics.KnownAnswerTest.test_policy_kl_is_the_closed_form_gaussian_kl_new_vs_old) ... NUMERICS {"name": "policy_kl/well_conditioned", "diagnostic": 0.019231459125876427, "closed_form": 0.019231496205573323, "rel_diff": 1.928071352322165e-06, "sigma_min": 0.12534983456134796, "sigma_max": 0.8838428258895874}
ok
test_policy_kl_near_deterministic_actor_is_reported_not_gated (tests.test_exp12_diagnostics.KnownAnswerTest.test_policy_kl_near_deterministic_actor_is_reported_not_gated) ... NUMERICS {"name": "policy_kl/near_deterministic (information only)", "diagnostic": 402.2524719238281, "closed_form": 402.25764072528887, "rel_diff": 1.2849479879166843e-05, "sigma_min": 5.286415762384422e-05}
ok
test_saturation_is_the_fraction_of_sampled_components_beyond_the_threshold (tests.test_exp12_diagnostics.KnownAnswerTest.test_saturation_is_the_fraction_of_sampled_components_beyond_the_threshold) ... ok
test_reference_batch_per_window_from_a_dedicated_stream (tests.test_exp12_diagnostics.ReferenceBatchTest.test_reference_batch_per_window_from_a_dedicated_stream) ... ok
WARNING:absl:SaveArgs.aggregate is deprecated, please use custom TypeHandler (https://orbax.readthedocs.io/en/latest/custom_handlers.html#typehandler) or contact Orbax team to migrate before May 1st, 2024.
WARNING:absl:SaveArgs.aggregate is deprecated, please use custom TypeHandler (https://orbax.readthedocs.io/en/latest/custom_handlers.html#typehandler) or contact Orbax team to migrate before May 1st, 2024.
WARNING:absl:SaveArgs.aggregate is deprecated, please use custom TypeHandler (https://orbax.readthedocs.io/en/latest/custom_handlers.html#typehandler) or contact Orbax team to migrate before May 1st, 2024.
WARNING:absl:SaveArgs.aggregate is deprecated, please use custom TypeHandler (https://orbax.readthedocs.io/en/latest/custom_handlers.html#typehandler) or contact Orbax team to migrate before May 1st, 2024.
WARNING:absl:SaveArgs.aggregate is deprecated, please use custom TypeHandler (https://orbax.readthedocs.io/en/latest/custom_handlers.html#typehandler) or contact Orbax team to migrate before May 1st, 2024.
WARNING:absl:SaveArgs.aggregate is deprecated, please use custom TypeHandler (https://orbax.readthedocs.io/en/latest/custom_handlers.html#typehandler) or contact Orbax team to migrate before May 1st, 2024.
WARNING:absl:SaveArgs.aggregate is deprecated, please use custom TypeHandler (https://orbax.readthedocs.io/en/latest/custom_handlers.html#typehandler) or contact Orbax team to migrate before May 1st, 2024.
WARNING:absl:SaveArgs.aggregate is deprecated, please use custom TypeHandler (https://orbax.readthedocs.io/en/latest/custom_handlers.html#typehandler) or contact Orbax team to migrate before May 1st, 2024.
WARNING:absl:SaveArgs.aggregate is deprecated, please use custom TypeHandler (https://orbax.readthedocs.io/en/latest/custom_handlers.html#typehandler) or contact Orbax team to migrate before May 1st, 2024.
WARNING:absl:SaveArgs.aggregate is deprecated, please use custom TypeHandler (https://orbax.readthedocs.io/en/latest/custom_handlers.html#typehandler) or contact Orbax team to migrate before May 1st, 2024.
WARNING:absl:SaveArgs.aggregate is deprecated, please use custom TypeHandler (https://orbax.readthedocs.io/en/latest/custom_handlers.html#typehandler) or contact Orbax team to migrate before May 1st, 2024.
WARNING:absl:SaveArgs.aggregate is deprecated, please use custom TypeHandler (https://orbax.readthedocs.io/en/latest/custom_handlers.html#typehandler) or contact Orbax team to migrate before May 1st, 2024.
WARNING:absl:SaveArgs.aggregate is deprecated, please use custom TypeHandler (https://orbax.readthedocs.io/en/latest/custom_handlers.html#typehandler) or contact Orbax team to migrate before May 1st, 2024.
WARNING:absl:SaveArgs.aggregate is deprecated, please use custom TypeHandler (https://orbax.readthedocs.io/en/latest/custom_handlers.html#typehandler) or contact Orbax team to migrate before May 1st, 2024.
WARNING:absl:SaveArgs.aggregate is deprecated, please use custom TypeHandler (https://orbax.readthedocs.io/en/latest/custom_handlers.html#typehandler) or contact Orbax team to migrate before May 1st, 2024.
WARNING:absl:SaveArgs.aggregate is deprecated, please use custom TypeHandler (https://orbax.readthedocs.io/en/latest/custom_handlers.html#typehandler) or contact Orbax team to migrate before May 1st, 2024.
WARNING:absl:SaveArgs.aggregate is deprecated, please use custom TypeHandler (https://orbax.readthedocs.io/en/latest/custom_handlers.html#typehandler) or contact Orbax team to migrate before May 1st, 2024.
WARNING:absl:SaveArgs.aggregate is deprecated, please use custom TypeHandler (https://orbax.readthedocs.io/en/latest/custom_handlers.html#typehandler) or contact Orbax team to migrate before May 1st, 2024.
WARNING:absl:SaveArgs.aggregate is deprecated, please use custom TypeHandler (https://orbax.readthedocs.io/en/latest/custom_handlers.html#typehandler) or contact Orbax team to migrate before May 1st, 2024.
WARNING:absl:SaveArgs.aggregate is deprecated, please use custom TypeHandler (https://orbax.readthedocs.io/en/latest/custom_handlers.html#typehandler) or contact Orbax team to migrate before May 1st, 2024.
WARNING:absl:SaveArgs.aggregate is deprecated, please use custom TypeHandler (https://orbax.readthedocs.io/en/latest/custom_handlers.html#typehandler) or contact Orbax team to migrate before May 1st, 2024.
WARNING:absl:SaveArgs.aggregate is deprecated, please use custom TypeHandler (https://orbax.readthedocs.io/en/latest/custom_handlers.html#typehandler) or contact Orbax team to migrate before May 1st, 2024.
test_metrics_logged_every_window_once_learning_starts (tests.test_exp12_diagnostics.TrainingRunTest.test_metrics_logged_every_window_once_learning_starts) ... ok
test_training_is_identical_with_diagnostics_on_and_off (tests.test_exp12_diagnostics.TrainingRunTest.test_training_is_identical_with_diagnostics_on_and_off) ... /Users/shouryakaveti/VS_Projects/sparse-ppo-drl-research/.venv/lib/python3.12/site-packages/orbax/checkpoint/type_handlers.py:1475: UserWarning: Couldn't find sharding info under RestoreArgs. Populating sharding info from sharding file. Please note restoration time will be slightly increased due to reading from file instead of directly from RestoreArgs.
  warnings.warn(
ok
test_constant_seeds_give_a_degenerate_band (tests.test_exp12_exp2_analysis.BandTest.test_constant_seeds_give_a_degenerate_band) ... ok
test_iqm_is_the_default_and_unknown_statistics_are_refused (tests.test_exp12_exp2_analysis.BandTest.test_iqm_is_the_default_and_unknown_statistics_are_refused) ... ok
test_point_is_the_statistic_over_seeds_and_the_band_contains_it (tests.test_exp12_exp2_analysis.BandTest.test_point_is_the_statistic_over_seeds_and_the_band_contains_it) ... ok
test_reproducible_and_iqm_resists_an_outlier (tests.test_exp12_exp2_analysis.BandTest.test_reproducible_and_iqm_resists_an_outlier) ... ok
test_resampled_seed_sets_are_shared_across_points (tests.test_exp12_exp2_analysis.BandTest.test_resampled_seed_sets_are_shared_across_points) ... ok
test_band_per_environment_over_complete_confirmatory_forks (tests.test_exp12_exp2_analysis.SyntheticResultsTest.test_band_per_environment_over_complete_confirmatory_forks) ... ok
test_dev_included_on_request (tests.test_exp12_exp2_analysis.SyntheticResultsTest.test_dev_included_on_request) ... ok
test_normalize_hook_is_applied_per_environment (tests.test_exp12_exp2_analysis.SyntheticResultsTest.test_normalize_hook_is_applied_per_environment) ... ok
test_paired_difference_is_injected_minus_control_mean_return (tests.test_exp12_exp2_analysis.SyntheticResultsTest.test_paired_difference_is_injected_minus_control_mean_return) ... ok
test_secondary_is_the_check2_success_subset (tests.test_exp12_exp2_analysis.SyntheticResultsTest.test_secondary_is_the_check2_success_subset) ... ok
test_tables_and_files (tests.test_exp12_exp2_analysis.SyntheticResultsTest.test_tables_and_files) ... ok
WARNING:absl:SaveArgs.aggregate is deprecated, please use custom TypeHandler (https://orbax.readthedocs.io/en/latest/custom_handlers.html#typehandler) or contact Orbax team to migrate before May 1st, 2024.
WARNING:absl:SaveArgs.aggregate is deprecated, please use custom TypeHandler (https://orbax.readthedocs.io/en/latest/custom_handlers.html#typehandler) or contact Orbax team to migrate before May 1st, 2024.
WARNING:absl:SaveArgs.aggregate is deprecated, please use custom TypeHandler (https://orbax.readthedocs.io/en/latest/custom_handlers.html#typehandler) or contact Orbax team to migrate before May 1st, 2024.
WARNING:absl:SaveArgs.aggregate is deprecated, please use custom TypeHandler (https://orbax.readthedocs.io/en/latest/custom_handlers.html#typehandler) or contact Orbax team to migrate before May 1st, 2024.
WARNING:absl:SaveArgs.aggregate is deprecated, please use custom TypeHandler (https://orbax.readthedocs.io/en/latest/custom_handlers.html#typehandler) or contact Orbax team to migrate before May 1st, 2024.
WARNING:absl:SaveArgs.aggregate is deprecated, please use custom TypeHandler (https://orbax.readthedocs.io/en/latest/custom_handlers.html#typehandler) or contact Orbax team to migrate before May 1st, 2024.
WARNING:absl:SaveArgs.aggregate is deprecated, please use custom TypeHandler (https://orbax.readthedocs.io/en/latest/custom_handlers.html#typehandler) or contact Orbax team to migrate before May 1st, 2024.
WARNING:absl:SaveArgs.aggregate is deprecated, please use custom TypeHandler (https://orbax.readthedocs.io/en/latest/custom_handlers.html#typehandler) or contact Orbax team to migrate before May 1st, 2024.
WARNING:absl:SaveArgs.aggregate is deprecated, please use custom TypeHandler (https://orbax.readthedocs.io/en/latest/custom_handlers.html#typehandler) or contact Orbax team to migrate before May 1st, 2024.
WARNING:absl:SaveArgs.aggregate is deprecated, please use custom TypeHandler (https://orbax.readthedocs.io/en/latest/custom_handlers.html#typehandler) or contact Orbax team to migrate before May 1st, 2024.
WARNING:absl:SaveArgs.aggregate is deprecated, please use custom TypeHandler (https://orbax.readthedocs.io/en/latest/custom_handlers.html#typehandler) or contact Orbax team to migrate before May 1st, 2024.
 total params: 1.54K
 total params: 1.54K
 total params: 1.54K
 total params: 1.54K
[exp1] fork state saved at interaction_step 100 in 0.1 s
/Users/shouryakaveti/VS_Projects/sparse-ppo-drl-research/.venv/lib/python3.12/site-packages/orbax/checkpoint/type_handlers.py:1475: UserWarning: Couldn't find sharding info under RestoreArgs. Populating sharding info from sharding file. Please note restoration time will be slightly increased due to reading from file instead of directly from RestoreArgs.
  warnings.warn(
 total params: 1.54K
[exp1] restored interaction_step 100 from /var/folders/ms/h3zjmq652jvg08wcslr2z3t80000gn/T/tmpap09dopx/run/fork/state/step_000000100_48bd5174 in 0.1 s
[control] post-fork evaluation 0: 0.1 s for 1 episodes
[control] post-fork evaluation 1: 0.0 s for 1 episodes
[control] post-fork evaluation 2: 0.0 s for 1 episodes
[control] post-fork evaluation 3: 0.0 s for 1 episodes
[control] post-fork evaluation 4: 0.0 s for 1 episodes
[control] post-fork evaluation 5: 0.0 s for 1 episodes
[control] post-fork evaluation 6: 0.0 s for 1 episodes
[control] post-fork evaluation 7: 0.0 s for 1 episodes
[control] post-fork evaluation 8: 0.0 s for 1 episodes
[control] post-fork evaluation 9: 0.0 s for 1 episodes
[control] post-fork evaluation 10: 0.0 s for 1 episodes
[control] post-fork evaluation 11: 0.0 s for 1 episodes
[control] post-fork evaluation 12: 0.0 s for 1 episodes
WARNING:absl:SaveArgs.aggregate is deprecated, please use custom TypeHandler (https://orbax.readthedocs.io/en/latest/custom_handlers.html#typehandler) or contact Orbax team to migrate before May 1st, 2024.
WARNING:absl:SaveArgs.aggregate is deprecated, please use custom TypeHandler (https://orbax.readthedocs.io/en/latest/custom_handlers.html#typehandler) or contact Orbax team to migrate before May 1st, 2024.
WARNING:absl:SaveArgs.aggregate is deprecated, please use custom TypeHandler (https://orbax.readthedocs.io/en/latest/custom_handlers.html#typehandler) or contact Orbax team to migrate before May 1st, 2024.
WARNING:absl:SaveArgs.aggregate is deprecated, please use custom TypeHandler (https://orbax.readthedocs.io/en/latest/custom_handlers.html#typehandler) or contact Orbax team to migrate before May 1st, 2024.
WARNING:absl:SaveArgs.aggregate is deprecated, please use custom TypeHandler (https://orbax.readthedocs.io/en/latest/custom_handlers.html#typehandler) or contact Orbax team to migrate before May 1st, 2024.
WARNING:absl:SaveArgs.aggregate is deprecated, please use custom TypeHandler (https://orbax.readthedocs.io/en/latest/custom_handlers.html#typehandler) or contact Orbax team to migrate before May 1st, 2024.
WARNING:absl:SaveArgs.aggregate is deprecated, please use custom TypeHandler (https://orbax.readthedocs.io/en/latest/custom_handlers.html#typehandler) or contact Orbax team to migrate before May 1st, 2024.
WARNING:absl:SaveArgs.aggregate is deprecated, please use custom TypeHandler (https://orbax.readthedocs.io/en/latest/custom_handlers.html#typehandler) or contact Orbax team to migrate before May 1st, 2024.
WARNING:absl:SaveArgs.aggregate is deprecated, please use custom TypeHandler (https://orbax.readthedocs.io/en/latest/custom_handlers.html#typehandler) or contact Orbax team to migrate before May 1st, 2024.
WARNING:absl:SaveArgs.aggregate is deprecated, please use custom TypeHandler (https://orbax.readthedocs.io/en/latest/custom_handlers.html#typehandler) or contact Orbax team to migrate before May 1st, 2024.
WARNING:absl:SaveArgs.aggregate is deprecated, please use custom TypeHandler (https://orbax.readthedocs.io/en/latest/custom_handlers.html#typehandler) or contact Orbax team to migrate before May 1st, 2024.
[control] post-fork evaluation 13: 0.0 s for 1 episodes
[control] post-fork evaluation 14: 0.0 s for 1 episodes
[control] post-fork evaluation 15: 0.0 s for 1 episodes
[control] post-fork evaluation 16: 0.0 s for 1 episodes
[control] post-fork evaluation 17: 0.0 s for 1 episodes
[control] post-fork evaluation 18: 0.0 s for 1 episodes
[control] post-fork evaluation 19: 0.0 s for 1 episodes
[control] post-fork evaluation 20: 0.0 s for 1 episodes
[control] post-fork evaluation 21: 0.0 s for 1 episodes
[control] post-fork evaluation 22: 0.0 s for 1 episodes
[control] post-fork evaluation 23: 0.0 s for 1 episodes
[control] post-fork evaluation 24: 0.0 s for 1 episodes
[control] post-fork evaluation 25: 0.0 s for 1 episodes
WARNING:absl:SaveArgs.aggregate is deprecated, please use custom TypeHandler (https://orbax.readthedocs.io/en/latest/custom_handlers.html#typehandler) or contact Orbax team to migrate before May 1st, 2024.
WARNING:absl:SaveArgs.aggregate is deprecated, please use custom TypeHandler (https://orbax.readthedocs.io/en/latest/custom_handlers.html#typehandler) or contact Orbax team to migrate before May 1st, 2024.
WARNING:absl:SaveArgs.aggregate is deprecated, please use custom TypeHandler (https://orbax.readthedocs.io/en/latest/custom_handlers.html#typehandler) or contact Orbax team to migrate before May 1st, 2024.
WARNING:absl:SaveArgs.aggregate is deprecated, please use custom TypeHandler (https://orbax.readthedocs.io/en/latest/custom_handlers.html#typehandler) or contact Orbax team to migrate before May 1st, 2024.
WARNING:absl:SaveArgs.aggregate is deprecated, please use custom TypeHandler (https://orbax.readthedocs.io/en/latest/custom_handlers.html#typehandler) or contact Orbax team to migrate before May 1st, 2024.
WARNING:absl:SaveArgs.aggregate is deprecated, please use custom TypeHandler (https://orbax.readthedocs.io/en/latest/custom_handlers.html#typehandler) or contact Orbax team to migrate before May 1st, 2024.
WARNING:absl:SaveArgs.aggregate is deprecated, please use custom TypeHandler (https://orbax.readthedocs.io/en/latest/custom_handlers.html#typehandler) or contact Orbax team to migrate before May 1st, 2024.
WARNING:absl:SaveArgs.aggregate is deprecated, please use custom TypeHandler (https://orbax.readthedocs.io/en/latest/custom_handlers.html#typehandler) or contact Orbax team to migrate before May 1st, 2024.
WARNING:absl:SaveArgs.aggregate is deprecated, please use custom TypeHandler (https://orbax.readthedocs.io/en/latest/custom_handlers.html#typehandler) or contact Orbax team to migrate before May 1st, 2024.
WARNING:absl:SaveArgs.aggregate is deprecated, please use custom TypeHandler (https://orbax.readthedocs.io/en/latest/custom_handlers.html#typehandler) or contact Orbax team to migrate before May 1st, 2024.
WARNING:absl:SaveArgs.aggregate is deprecated, please use custom TypeHandler (https://orbax.readthedocs.io/en/latest/custom_handlers.html#typehandler) or contact Orbax team to migrate before May 1st, 2024.
/Users/shouryakaveti/VS_Projects/sparse-ppo-drl-research/.venv/lib/python3.12/site-packages/orbax/checkpoint/type_handlers.py:1475: UserWarning: Couldn't find sharding info under RestoreArgs. Populating sharding info from sharding file. Please note restoration time will be slightly increased due to reading from file instead of directly from RestoreArgs.
  warnings.warn(
 total params: 1.54K
[exp2_arm] fork state restored in 0.1 s
[identity] post-fork evaluation 0: 0.1 s for 1 episodes
WARNING:absl:SaveArgs.aggregate is deprecated, please use custom TypeHandler (https://orbax.readthedocs.io/en/latest/custom_handlers.html#typehandler) or contact Orbax team to migrate before May 1st, 2024.
WARNING:absl:SaveArgs.aggregate is deprecated, please use custom TypeHandler (https://orbax.readthedocs.io/en/latest/custom_handlers.html#typehandler) or contact Orbax team to migrate before May 1st, 2024.
WARNING:absl:SaveArgs.aggregate is deprecated, please use custom TypeHandler (https://orbax.readthedocs.io/en/latest/custom_handlers.html#typehandler) or contact Orbax team to migrate before May 1st, 2024.
WARNING:absl:SaveArgs.aggregate is deprecated, please use custom TypeHandler (https://orbax.readthedocs.io/en/latest/custom_handlers.html#typehandler) or contact Orbax team to migrate before May 1st, 2024.
WARNING:absl:SaveArgs.aggregate is deprecated, please use custom TypeHandler (https://orbax.readthedocs.io/en/latest/custom_handlers.html#typehandler) or contact Orbax team to migrate before May 1st, 2024.
WARNING:absl:SaveArgs.aggregate is deprecated, please use custom TypeHandler (https://orbax.readthedocs.io/en/latest/custom_handlers.html#typehandler) or contact Orbax team to migrate before May 1st, 2024.
WARNING:absl:SaveArgs.aggregate is deprecated, please use custom TypeHandler (https://orbax.readthedocs.io/en/latest/custom_handlers.html#typehandler) or contact Orbax team to migrate before May 1st, 2024.
WARNING:absl:SaveArgs.aggregate is deprecated, please use custom TypeHandler (https://orbax.readthedocs.io/en/latest/custom_handlers.html#typehandler) or contact Orbax team to migrate before May 1st, 2024.
WARNING:absl:SaveArgs.aggregate is deprecated, please use custom TypeHandler (https://orbax.readthedocs.io/en/latest/custom_handlers.html#typehandler) or contact Orbax team to migrate before May 1st, 2024.
WARNING:absl:SaveArgs.aggregate is deprecated, please use custom TypeHandler (https://orbax.readthedocs.io/en/latest/custom_handlers.html#typehandler) or contact Orbax team to migrate before May 1st, 2024.
WARNING:absl:SaveArgs.aggregate is deprecated, please use custom TypeHandler (https://orbax.readthedocs.io/en/latest/custom_handlers.html#typehandler) or contact Orbax team to migrate before May 1st, 2024.
[identity] post-fork evaluation 1: 0.0 s for 1 episodes
[identity] post-fork evaluation 2: 0.0 s for 1 episodes
[identity] post-fork evaluation 3: 0.0 s for 1 episodes
[identity] post-fork evaluation 4: 0.0 s for 1 episodes
[identity] post-fork evaluation 5: 0.0 s for 1 episodes
[identity] post-fork evaluation 6: 0.0 s for 1 episodes
[identity] post-fork evaluation 7: 0.0 s for 1 episodes
[identity] post-fork evaluation 8: 0.0 s for 1 episodes
[identity] post-fork evaluation 9: 0.0 s for 1 episodes
[identity] post-fork evaluation 10: 0.0 s for 1 episodes
[identity] post-fork evaluation 11: 0.0 s for 1 episodes
[identity] post-fork evaluation 12: 0.0 s for 1 episodes
WARNING:absl:SaveArgs.aggregate is deprecated, please use custom TypeHandler (https://orbax.readthedocs.io/en/latest/custom_handlers.html#typehandler) or contact Orbax team to migrate before May 1st, 2024.
WARNING:absl:SaveArgs.aggregate is deprecated, please use custom TypeHandler (https://orbax.readthedocs.io/en/latest/custom_handlers.html#typehandler) or contact Orbax team to migrate before May 1st, 2024.
WARNING:absl:SaveArgs.aggregate is deprecated, please use custom TypeHandler (https://orbax.readthedocs.io/en/latest/custom_handlers.html#typehandler) or contact Orbax team to migrate before May 1st, 2024.
WARNING:absl:SaveArgs.aggregate is deprecated, please use custom TypeHandler (https://orbax.readthedocs.io/en/latest/custom_handlers.html#typehandler) or contact Orbax team to migrate before May 1st, 2024.
WARNING:absl:SaveArgs.aggregate is deprecated, please use custom TypeHandler (https://orbax.readthedocs.io/en/latest/custom_handlers.html#typehandler) or contact Orbax team to migrate before May 1st, 2024.
WARNING:absl:SaveArgs.aggregate is deprecated, please use custom TypeHandler (https://orbax.readthedocs.io/en/latest/custom_handlers.html#typehandler) or contact Orbax team to migrate before May 1st, 2024.
WARNING:absl:SaveArgs.aggregate is deprecated, please use custom TypeHandler (https://orbax.readthedocs.io/en/latest/custom_handlers.html#typehandler) or contact Orbax team to migrate before May 1st, 2024.
WARNING:absl:SaveArgs.aggregate is deprecated, please use custom TypeHandler (https://orbax.readthedocs.io/en/latest/custom_handlers.html#typehandler) or contact Orbax team to migrate before May 1st, 2024.
WARNING:absl:SaveArgs.aggregate is deprecated, please use custom TypeHandler (https://orbax.readthedocs.io/en/latest/custom_handlers.html#typehandler) or contact Orbax team to migrate before May 1st, 2024.
WARNING:absl:SaveArgs.aggregate is deprecated, please use custom TypeHandler (https://orbax.readthedocs.io/en/latest/custom_handlers.html#typehandler) or contact Orbax team to migrate before May 1st, 2024.
WARNING:absl:SaveArgs.aggregate is deprecated, please use custom TypeHandler (https://orbax.readthedocs.io/en/latest/custom_handlers.html#typehandler) or contact Orbax team to migrate before May 1st, 2024.
[identity] post-fork evaluation 13: 0.0 s for 1 episodes
[identity] post-fork evaluation 14: 0.0 s for 1 episodes
[identity] post-fork evaluation 15: 0.0 s for 1 episodes
[identity] post-fork evaluation 16: 0.0 s for 1 episodes
[identity] post-fork evaluation 17: 0.0 s for 1 episodes
[identity] post-fork evaluation 18: 0.0 s for 1 episodes
[identity] post-fork evaluation 19: 0.0 s for 1 episodes
[identity] post-fork evaluation 20: 0.0 s for 1 episodes
[identity] post-fork evaluation 21: 0.0 s for 1 episodes
[identity] post-fork evaluation 22: 0.0 s for 1 episodes
[identity] post-fork evaluation 23: 0.0 s for 1 episodes
[identity] post-fork evaluation 24: 0.0 s for 1 episodes
[identity] post-fork evaluation 25: 0.0 s for 1 episodes
WARNING:absl:SaveArgs.aggregate is deprecated, please use custom TypeHandler (https://orbax.readthedocs.io/en/latest/custom_handlers.html#typehandler) or contact Orbax team to migrate before May 1st, 2024.
WARNING:absl:SaveArgs.aggregate is deprecated, please use custom TypeHandler (https://orbax.readthedocs.io/en/latest/custom_handlers.html#typehandler) or contact Orbax team to migrate before May 1st, 2024.
WARNING:absl:SaveArgs.aggregate is deprecated, please use custom TypeHandler (https://orbax.readthedocs.io/en/latest/custom_handlers.html#typehandler) or contact Orbax team to migrate before May 1st, 2024.
WARNING:absl:SaveArgs.aggregate is deprecated, please use custom TypeHandler (https://orbax.readthedocs.io/en/latest/custom_handlers.html#typehandler) or contact Orbax team to migrate before May 1st, 2024.
WARNING:absl:SaveArgs.aggregate is deprecated, please use custom TypeHandler (https://orbax.readthedocs.io/en/latest/custom_handlers.html#typehandler) or contact Orbax team to migrate before May 1st, 2024.
WARNING:absl:SaveArgs.aggregate is deprecated, please use custom TypeHandler (https://orbax.readthedocs.io/en/latest/custom_handlers.html#typehandler) or contact Orbax team to migrate before May 1st, 2024.
WARNING:absl:SaveArgs.aggregate is deprecated, please use custom TypeHandler (https://orbax.readthedocs.io/en/latest/custom_handlers.html#typehandler) or contact Orbax team to migrate before May 1st, 2024.
WARNING:absl:SaveArgs.aggregate is deprecated, please use custom TypeHandler (https://orbax.readthedocs.io/en/latest/custom_handlers.html#typehandler) or contact Orbax team to migrate before May 1st, 2024.
WARNING:absl:SaveArgs.aggregate is deprecated, please use custom TypeHandler (https://orbax.readthedocs.io/en/latest/custom_handlers.html#typehandler) or contact Orbax team to migrate before May 1st, 2024.
WARNING:absl:SaveArgs.aggregate is deprecated, please use custom TypeHandler (https://orbax.readthedocs.io/en/latest/custom_handlers.html#typehandler) or contact Orbax team to migrate before May 1st, 2024.
WARNING:absl:SaveArgs.aggregate is deprecated, please use custom TypeHandler (https://orbax.readthedocs.io/en/latest/custom_handlers.html#typehandler) or contact Orbax team to migrate before May 1st, 2024.
/Users/shouryakaveti/VS_Projects/sparse-ppo-drl-research/.venv/lib/python3.12/site-packages/orbax/checkpoint/type_handlers.py:1475: UserWarning: Couldn't find sharding info under RestoreArgs. Populating sharding info from sharding file. Please note restoration time will be slightly increased due to reading from file instead of directly from RestoreArgs.
  warnings.warn(
 total params: 1.54K
[exp2_arm] fork state restored in 0.1 s
[injected] post-fork evaluation 0: 0.1 s for 1 episodes
WARNING:absl:SaveArgs.aggregate is deprecated, please use custom TypeHandler (https://orbax.readthedocs.io/en/latest/custom_handlers.html#typehandler) or contact Orbax team to migrate before May 1st, 2024.
WARNING:absl:SaveArgs.aggregate is deprecated, please use custom TypeHandler (https://orbax.readthedocs.io/en/latest/custom_handlers.html#typehandler) or contact Orbax team to migrate before May 1st, 2024.
WARNING:absl:SaveArgs.aggregate is deprecated, please use custom TypeHandler (https://orbax.readthedocs.io/en/latest/custom_handlers.html#typehandler) or contact Orbax team to migrate before May 1st, 2024.
WARNING:absl:SaveArgs.aggregate is deprecated, please use custom TypeHandler (https://orbax.readthedocs.io/en/latest/custom_handlers.html#typehandler) or contact Orbax team to migrate before May 1st, 2024.
WARNING:absl:SaveArgs.aggregate is deprecated, please use custom TypeHandler (https://orbax.readthedocs.io/en/latest/custom_handlers.html#typehandler) or contact Orbax team to migrate before May 1st, 2024.
WARNING:absl:SaveArgs.aggregate is deprecated, please use custom TypeHandler (https://orbax.readthedocs.io/en/latest/custom_handlers.html#typehandler) or contact Orbax team to migrate before May 1st, 2024.
WARNING:absl:SaveArgs.aggregate is deprecated, please use custom TypeHandler (https://orbax.readthedocs.io/en/latest/custom_handlers.html#typehandler) or contact Orbax team to migrate before May 1st, 2024.
WARNING:absl:SaveArgs.aggregate is deprecated, please use custom TypeHandler (https://orbax.readthedocs.io/en/latest/custom_handlers.html#typehandler) or contact Orbax team to migrate before May 1st, 2024.
WARNING:absl:SaveArgs.aggregate is deprecated, please use custom TypeHandler (https://orbax.readthedocs.io/en/latest/custom_handlers.html#typehandler) or contact Orbax team to migrate before May 1st, 2024.
WARNING:absl:SaveArgs.aggregate is deprecated, please use custom TypeHandler (https://orbax.readthedocs.io/en/latest/custom_handlers.html#typehandler) or contact Orbax team to migrate before May 1st, 2024.
WARNING:absl:SaveArgs.aggregate is deprecated, please use custom TypeHandler (https://orbax.readthedocs.io/en/latest/custom_handlers.html#typehandler) or contact Orbax team to migrate before May 1st, 2024.
WARNING:absl:SaveArgs.aggregate is deprecated, please use custom TypeHandler (https://orbax.readthedocs.io/en/latest/custom_handlers.html#typehandler) or contact Orbax team to migrate before May 1st, 2024.
WARNING:absl:SaveArgs.aggregate is deprecated, please use custom TypeHandler (https://orbax.readthedocs.io/en/latest/custom_handlers.html#typehandler) or contact Orbax team to migrate before May 1st, 2024.
[injected] post-fork evaluation 1: 0.0 s for 1 episodes
[injected] post-fork evaluation 2: 0.0 s for 1 episodes
[injected] post-fork evaluation 3: 0.0 s for 1 episodes
[injected] post-fork evaluation 4: 0.0 s for 1 episodes
[injected] post-fork evaluation 5: 0.0 s for 1 episodes
[injected] post-fork evaluation 6: 0.0 s for 1 episodes
[injected] post-fork evaluation 7: 0.0 s for 1 episodes
[injected] post-fork evaluation 8: 0.0 s for 1 episodes
[injected] post-fork evaluation 9: 0.0 s for 1 episodes
[injected] post-fork evaluation 10: 0.0 s for 1 episodes
[injected] post-fork evaluation 11: 0.0 s for 1 episodes
[injected] post-fork evaluation 12: 0.0 s for 1 episodes
WARNING:absl:SaveArgs.aggregate is deprecated, please use custom TypeHandler (https://orbax.readthedocs.io/en/latest/custom_handlers.html#typehandler) or contact Orbax team to migrate before May 1st, 2024.
WARNING:absl:SaveArgs.aggregate is deprecated, please use custom TypeHandler (https://orbax.readthedocs.io/en/latest/custom_handlers.html#typehandler) or contact Orbax team to migrate before May 1st, 2024.
WARNING:absl:SaveArgs.aggregate is deprecated, please use custom TypeHandler (https://orbax.readthedocs.io/en/latest/custom_handlers.html#typehandler) or contact Orbax team to migrate before May 1st, 2024.
WARNING:absl:SaveArgs.aggregate is deprecated, please use custom TypeHandler (https://orbax.readthedocs.io/en/latest/custom_handlers.html#typehandler) or contact Orbax team to migrate before May 1st, 2024.
WARNING:absl:SaveArgs.aggregate is deprecated, please use custom TypeHandler (https://orbax.readthedocs.io/en/latest/custom_handlers.html#typehandler) or contact Orbax team to migrate before May 1st, 2024.
WARNING:absl:SaveArgs.aggregate is deprecated, please use custom TypeHandler (https://orbax.readthedocs.io/en/latest/custom_handlers.html#typehandler) or contact Orbax team to migrate before May 1st, 2024.
WARNING:absl:SaveArgs.aggregate is deprecated, please use custom TypeHandler (https://orbax.readthedocs.io/en/latest/custom_handlers.html#typehandler) or contact Orbax team to migrate before May 1st, 2024.
WARNING:absl:SaveArgs.aggregate is deprecated, please use custom TypeHandler (https://orbax.readthedocs.io/en/latest/custom_handlers.html#typehandler) or contact Orbax team to migrate before May 1st, 2024.
WARNING:absl:SaveArgs.aggregate is deprecated, please use custom TypeHandler (https://orbax.readthedocs.io/en/latest/custom_handlers.html#typehandler) or contact Orbax team to migrate before May 1st, 2024.
WARNING:absl:SaveArgs.aggregate is deprecated, please use custom TypeHandler (https://orbax.readthedocs.io/en/latest/custom_handlers.html#typehandler) or contact Orbax team to migrate before May 1st, 2024.
WARNING:absl:SaveArgs.aggregate is deprecated, please use custom TypeHandler (https://orbax.readthedocs.io/en/latest/custom_handlers.html#typehandler) or contact Orbax team to migrate before May 1st, 2024.
WARNING:absl:SaveArgs.aggregate is deprecated, please use custom TypeHandler (https://orbax.readthedocs.io/en/latest/custom_handlers.html#typehandler) or contact Orbax team to migrate before May 1st, 2024.
WARNING:absl:SaveArgs.aggregate is deprecated, please use custom TypeHandler (https://orbax.readthedocs.io/en/latest/custom_handlers.html#typehandler) or contact Orbax team to migrate before May 1st, 2024.
[injected] post-fork evaluation 13: 0.0 s for 1 episodes
[injected] post-fork evaluation 14: 0.0 s for 1 episodes
[injected] post-fork evaluation 15: 0.0 s for 1 episodes
[injected] post-fork evaluation 16: 0.0 s for 1 episodes
[injected] post-fork evaluation 17: 0.0 s for 1 episodes
[injected] post-fork evaluation 18: 0.0 s for 1 episodes
[injected] post-fork evaluation 19: 0.0 s for 1 episodes
[injected] post-fork evaluation 20: 0.0 s for 1 episodes
[injected] post-fork evaluation 21: 0.0 s for 1 episodes
[injected] post-fork evaluation 22: 0.0 s for 1 episodes
[injected] post-fork evaluation 23: 0.0 s for 1 episodes
[injected] post-fork evaluation 24: 0.0 s for 1 episodes
[injected] post-fork evaluation 25: 0.0 s for 1 episodes
WARNING:absl:SaveArgs.aggregate is deprecated, please use custom TypeHandler (https://orbax.readthedocs.io/en/latest/custom_handlers.html#typehandler) or contact Orbax team to migrate before May 1st, 2024.
WARNING:absl:SaveArgs.aggregate is deprecated, please use custom TypeHandler (https://orbax.readthedocs.io/en/latest/custom_handlers.html#typehandler) or contact Orbax team to migrate before May 1st, 2024.
WARNING:absl:SaveArgs.aggregate is deprecated, please use custom TypeHandler (https://orbax.readthedocs.io/en/latest/custom_handlers.html#typehandler) or contact Orbax team to migrate before May 1st, 2024.
WARNING:absl:SaveArgs.aggregate is deprecated, please use custom TypeHandler (https://orbax.readthedocs.io/en/latest/custom_handlers.html#typehandler) or contact Orbax team to migrate before May 1st, 2024.
WARNING:absl:SaveArgs.aggregate is deprecated, please use custom TypeHandler (https://orbax.readthedocs.io/en/latest/custom_handlers.html#typehandler) or contact Orbax team to migrate before May 1st, 2024.
WARNING:absl:SaveArgs.aggregate is deprecated, please use custom TypeHandler (https://orbax.readthedocs.io/en/latest/custom_handlers.html#typehandler) or contact Orbax team to migrate before May 1st, 2024.
WARNING:absl:SaveArgs.aggregate is deprecated, please use custom TypeHandler (https://orbax.readthedocs.io/en/latest/custom_handlers.html#typehandler) or contact Orbax team to migrate before May 1st, 2024.
WARNING:absl:SaveArgs.aggregate is deprecated, please use custom TypeHandler (https://orbax.readthedocs.io/en/latest/custom_handlers.html#typehandler) or contact Orbax team to migrate before May 1st, 2024.
WARNING:absl:SaveArgs.aggregate is deprecated, please use custom TypeHandler (https://orbax.readthedocs.io/en/latest/custom_handlers.html#typehandler) or contact Orbax team to migrate before May 1st, 2024.
WARNING:absl:SaveArgs.aggregate is deprecated, please use custom TypeHandler (https://orbax.readthedocs.io/en/latest/custom_handlers.html#typehandler) or contact Orbax team to migrate before May 1st, 2024.
WARNING:absl:SaveArgs.aggregate is deprecated, please use custom TypeHandler (https://orbax.readthedocs.io/en/latest/custom_handlers.html#typehandler) or contact Orbax team to migrate before May 1st, 2024.
WARNING:absl:SaveArgs.aggregate is deprecated, please use custom TypeHandler (https://orbax.readthedocs.io/en/latest/custom_handlers.html#typehandler) or contact Orbax team to migrate before May 1st, 2024.
WARNING:absl:SaveArgs.aggregate is deprecated, please use custom TypeHandler (https://orbax.readthedocs.io/en/latest/custom_handlers.html#typehandler) or contact Orbax team to migrate before May 1st, 2024.
test_arm_rechecks_original_panel_for_existing_forks (tests.test_exp12_fork.ForkEndToEndTest.test_arm_rechecks_original_panel_for_existing_forks) ... ok
test_arm_records (tests.test_exp12_fork.ForkEndToEndTest.test_arm_records) ... ok
test_arm_refuses_bad_inputs (tests.test_exp12_fork.ForkEndToEndTest.test_arm_refuses_bad_inputs) ... ok
test_arm_stops_before_training_when_check1_fails (tests.test_exp12_fork.ForkEndToEndTest.test_arm_stops_before_training_when_check1_fails) ... /Users/shouryakaveti/VS_Projects/sparse-ppo-drl-research/.venv/lib/python3.12/site-packages/orbax/checkpoint/type_handlers.py:1475: UserWarning: Couldn't find sharding info under RestoreArgs. Populating sharding info from sharding file. Please note restoration time will be slightly increased due to reading from file instead of directly from RestoreArgs.
  warnings.warn(
 total params: 1.54K
 total params: 1.54K
[exp2_arm] fork state restored in 0.1 s
ok
test_check1 (tests.test_exp12_fork.ForkEndToEndTest.test_check1) ... ok
test_check2_written_and_paired_with_the_exp1_check (tests.test_exp12_fork.ForkEndToEndTest.test_check2_written_and_paired_with_the_exp1_check) ... ok
test_control_stops_before_ready_if_restore_changes_panel (tests.test_exp12_fork.ForkEndToEndTest.test_control_stops_before_ready_if_restore_changes_panel) ... WARNING:absl:SaveArgs.aggregate is deprecated, please use custom TypeHandler (https://orbax.readthedocs.io/en/latest/custom_handlers.html#typehandler) or contact Orbax team to migrate before May 1st, 2024.
WARNING:absl:SaveArgs.aggregate is deprecated, please use custom TypeHandler (https://orbax.readthedocs.io/en/latest/custom_handlers.html#typehandler) or contact Orbax team to migrate before May 1st, 2024.
WARNING:absl:SaveArgs.aggregate is deprecated, please use custom TypeHandler (https://orbax.readthedocs.io/en/latest/custom_handlers.html#typehandler) or contact Orbax team to migrate before May 1st, 2024.
WARNING:absl:SaveArgs.aggregate is deprecated, please use custom TypeHandler (https://orbax.readthedocs.io/en/latest/custom_handlers.html#typehandler) or contact Orbax team to migrate before May 1st, 2024.
WARNING:absl:SaveArgs.aggregate is deprecated, please use custom TypeHandler (https://orbax.readthedocs.io/en/latest/custom_handlers.html#typehandler) or contact Orbax team to migrate before May 1st, 2024.
WARNING:absl:SaveArgs.aggregate is deprecated, please use custom TypeHandler (https://orbax.readthedocs.io/en/latest/custom_handlers.html#typehandler) or contact Orbax team to migrate before May 1st, 2024.
WARNING:absl:SaveArgs.aggregate is deprecated, please use custom TypeHandler (https://orbax.readthedocs.io/en/latest/custom_handlers.html#typehandler) or contact Orbax team to migrate before May 1st, 2024.
WARNING:absl:SaveArgs.aggregate is deprecated, please use custom TypeHandler (https://orbax.readthedocs.io/en/latest/custom_handlers.html#typehandler) or contact Orbax team to migrate before May 1st, 2024.
WARNING:absl:SaveArgs.aggregate is deprecated, please use custom TypeHandler (https://orbax.readthedocs.io/en/latest/custom_handlers.html#typehandler) or contact Orbax team to migrate before May 1st, 2024.
WARNING:absl:SaveArgs.aggregate is deprecated, please use custom TypeHandler (https://orbax.readthedocs.io/en/latest/custom_handlers.html#typehandler) or contact Orbax team to migrate before May 1st, 2024.
WARNING:absl:SaveArgs.aggregate is deprecated, please use custom TypeHandler (https://orbax.readthedocs.io/en/latest/custom_handlers.html#typehandler) or contact Orbax team to migrate before May 1st, 2024.
 total params: 1.54K
[exp1] fork state saved at interaction_step 100 in 0.1 s
/Users/shouryakaveti/VS_Projects/sparse-ppo-drl-research/.venv/lib/python3.12/site-packages/orbax/checkpoint/type_handlers.py:1475: UserWarning: Couldn't find sharding info under RestoreArgs. Populating sharding info from sharding file. Please note restoration time will be slightly increased due to reading from file instead of directly from RestoreArgs.
  warnings.warn(
 total params: 1.54K
[exp1] restored interaction_step 100 from /var/folders/ms/h3zjmq652jvg08wcslr2z3t80000gn/T/tmpap09dopx/bad_restore_q/fork/state/step_000000100_24d2351e in 0.1 s
WARNING:absl:SaveArgs.aggregate is deprecated, please use custom TypeHandler (https://orbax.readthedocs.io/en/latest/custom_handlers.html#typehandler) or contact Orbax team to migrate before May 1st, 2024.
WARNING:absl:SaveArgs.aggregate is deprecated, please use custom TypeHandler (https://orbax.readthedocs.io/en/latest/custom_handlers.html#typehandler) or contact Orbax team to migrate before May 1st, 2024.
WARNING:absl:SaveArgs.aggregate is deprecated, please use custom TypeHandler (https://orbax.readthedocs.io/en/latest/custom_handlers.html#typehandler) or contact Orbax team to migrate before May 1st, 2024.
WARNING:absl:SaveArgs.aggregate is deprecated, please use custom TypeHandler (https://orbax.readthedocs.io/en/latest/custom_handlers.html#typehandler) or contact Orbax team to migrate before May 1st, 2024.
WARNING:absl:SaveArgs.aggregate is deprecated, please use custom TypeHandler (https://orbax.readthedocs.io/en/latest/custom_handlers.html#typehandler) or contact Orbax team to migrate before May 1st, 2024.
WARNING:absl:SaveArgs.aggregate is deprecated, please use custom TypeHandler (https://orbax.readthedocs.io/en/latest/custom_handlers.html#typehandler) or contact Orbax team to migrate before May 1st, 2024.
WARNING:absl:SaveArgs.aggregate is deprecated, please use custom TypeHandler (https://orbax.readthedocs.io/en/latest/custom_handlers.html#typehandler) or contact Orbax team to migrate before May 1st, 2024.
WARNING:absl:SaveArgs.aggregate is deprecated, please use custom TypeHandler (https://orbax.readthedocs.io/en/latest/custom_handlers.html#typehandler) or contact Orbax team to migrate before May 1st, 2024.
WARNING:absl:SaveArgs.aggregate is deprecated, please use custom TypeHandler (https://orbax.readthedocs.io/en/latest/custom_handlers.html#typehandler) or contact Orbax team to migrate before May 1st, 2024.
WARNING:absl:SaveArgs.aggregate is deprecated, please use custom TypeHandler (https://orbax.readthedocs.io/en/latest/custom_handlers.html#typehandler) or contact Orbax team to migrate before May 1st, 2024.
WARNING:absl:SaveArgs.aggregate is deprecated, please use custom TypeHandler (https://orbax.readthedocs.io/en/latest/custom_handlers.html#typehandler) or contact Orbax team to migrate before May 1st, 2024.
 total params: 1.54K
[exp1] fork state saved at interaction_step 100 in 0.1 s
/Users/shouryakaveti/VS_Projects/sparse-ppo-drl-research/.venv/lib/python3.12/site-packages/orbax/checkpoint/type_handlers.py:1475: UserWarning: Couldn't find sharding info under RestoreArgs. Populating sharding info from sharding file. Please note restoration time will be slightly increased due to reading from file instead of directly from RestoreArgs.
  warnings.warn(
 total params: 1.54K
[exp1] restored interaction_step 100 from /var/folders/ms/h3zjmq652jvg08wcslr2z3t80000gn/T/tmpap09dopx/bad_restore_dq_da/fork/state/step_000000100_5d5e09d3 in 0.1 s
ok
test_exp1_ledger_records_fork_and_control_completes (tests.test_exp12_fork.ForkEndToEndTest.test_exp1_ledger_records_fork_and_control_completes) ... ok
test_exp2_analysis_runs_on_the_real_outputs (tests.test_exp12_fork.ForkEndToEndTest.test_exp2_analysis_runs_on_the_real_outputs) ... ok
test_fork_is_invisible_to_the_exp1_trajectory (tests.test_exp12_fork.ForkEndToEndTest.test_fork_is_invisible_to_the_exp1_trajectory) ... WARNING:absl:SaveArgs.aggregate is deprecated, please use custom TypeHandler (https://orbax.readthedocs.io/en/latest/custom_handlers.html#typehandler) or contact Orbax team to migrate before May 1st, 2024.
WARNING:absl:SaveArgs.aggregate is deprecated, please use custom TypeHandler (https://orbax.readthedocs.io/en/latest/custom_handlers.html#typehandler) or contact Orbax team to migrate before May 1st, 2024.
WARNING:absl:SaveArgs.aggregate is deprecated, please use custom TypeHandler (https://orbax.readthedocs.io/en/latest/custom_handlers.html#typehandler) or contact Orbax team to migrate before May 1st, 2024.
WARNING:absl:SaveArgs.aggregate is deprecated, please use custom TypeHandler (https://orbax.readthedocs.io/en/latest/custom_handlers.html#typehandler) or contact Orbax team to migrate before May 1st, 2024.
WARNING:absl:SaveArgs.aggregate is deprecated, please use custom TypeHandler (https://orbax.readthedocs.io/en/latest/custom_handlers.html#typehandler) or contact Orbax team to migrate before May 1st, 2024.
WARNING:absl:SaveArgs.aggregate is deprecated, please use custom TypeHandler (https://orbax.readthedocs.io/en/latest/custom_handlers.html#typehandler) or contact Orbax team to migrate before May 1st, 2024.
WARNING:absl:SaveArgs.aggregate is deprecated, please use custom TypeHandler (https://orbax.readthedocs.io/en/latest/custom_handlers.html#typehandler) or contact Orbax team to migrate before May 1st, 2024.
WARNING:absl:SaveArgs.aggregate is deprecated, please use custom TypeHandler (https://orbax.readthedocs.io/en/latest/custom_handlers.html#typehandler) or contact Orbax team to migrate before May 1st, 2024.
WARNING:absl:SaveArgs.aggregate is deprecated, please use custom TypeHandler (https://orbax.readthedocs.io/en/latest/custom_handlers.html#typehandler) or contact Orbax team to migrate before May 1st, 2024.
WARNING:absl:SaveArgs.aggregate is deprecated, please use custom TypeHandler (https://orbax.readthedocs.io/en/latest/custom_handlers.html#typehandler) or contact Orbax team to migrate before May 1st, 2024.
WARNING:absl:SaveArgs.aggregate is deprecated, please use custom TypeHandler (https://orbax.readthedocs.io/en/latest/custom_handlers.html#typehandler) or contact Orbax team to migrate before May 1st, 2024.
/Users/shouryakaveti/VS_Projects/sparse-ppo-drl-research/.venv/lib/python3.12/site-packages/orbax/checkpoint/type_handlers.py:1475: UserWarning: Couldn't find sharding info under RestoreArgs. Populating sharding info from sharding file. Please note restoration time will be slightly increased due to reading from file instead of directly from RestoreArgs.
  warnings.warn(
ok
test_fork_plan_and_files (tests.test_exp12_fork.ForkEndToEndTest.test_fork_plan_and_files) ... ok
test_identity_fork_is_bit_identical (tests.test_exp12_fork.ForkEndToEndTest.test_identity_fork_is_bit_identical) ... ok
test_injected_arm_frozen_head_unchanged_and_new_head_trained (tests.test_exp12_fork.ForkEndToEndTest.test_injected_arm_frozen_head_unchanged_and_new_head_trained) ... ok
test_both_arms_must_run_on_the_fork_device_model (tests.test_exp12_fork.ForkUnitTest.test_both_arms_must_run_on_the_fork_device_model) ... ok
test_check1_compares_values_and_action_gradients (tests.test_exp12_fork.ForkUnitTest.test_check1_compares_values_and_action_gradients) ... ok
test_check1_control_and_identity_must_be_bit_exact (tests.test_exp12_fork.ForkUnitTest.test_check1_control_and_identity_must_be_bit_exact) ... ok
test_check1_fails_when_the_injection_construction_is_broken (tests.test_exp12_fork.ForkUnitTest.test_check1_fails_when_the_injection_construction_is_broken) ... ok
test_fork_plan (tests.test_exp12_fork.ForkUnitTest.test_fork_plan) ... ok
test_post_fork_eval_leaves_training_state_untouched (tests.test_exp12_fork.ForkUnitTest.test_post_fork_eval_leaves_training_state_untouched) ...  total params: 1.54K
 total params: 1.54K
[control] post-fork evaluation 3: 0.1 s for 2 episodes
[injected] post-fork evaluation 3: 0.0 s for 2 episodes
ok
test_reach_eval_seeding_saves_and_restores_the_training_rng (tests.test_exp12_fork.HumanoidBenchReachEvalSeedingTest.test_reach_eval_seeding_saves_and_restores_the_training_rng) ... skipped 'needs humanoid_bench (venv_hb)'
WARNING:absl:SaveArgs.aggregate is deprecated, please use custom TypeHandler (https://orbax.readthedocs.io/en/latest/custom_handlers.html#typehandler) or contact Orbax team to migrate before May 1st, 2024.
WARNING:absl:SaveArgs.aggregate is deprecated, please use custom TypeHandler (https://orbax.readthedocs.io/en/latest/custom_handlers.html#typehandler) or contact Orbax team to migrate before May 1st, 2024.
WARNING:absl:SaveArgs.aggregate is deprecated, please use custom TypeHandler (https://orbax.readthedocs.io/en/latest/custom_handlers.html#typehandler) or contact Orbax team to migrate before May 1st, 2024.
WARNING:absl:SaveArgs.aggregate is deprecated, please use custom TypeHandler (https://orbax.readthedocs.io/en/latest/custom_handlers.html#typehandler) or contact Orbax team to migrate before May 1st, 2024.
WARNING:absl:SaveArgs.aggregate is deprecated, please use custom TypeHandler (https://orbax.readthedocs.io/en/latest/custom_handlers.html#typehandler) or contact Orbax team to migrate before May 1st, 2024.
WARNING:absl:SaveArgs.aggregate is deprecated, please use custom TypeHandler (https://orbax.readthedocs.io/en/latest/custom_handlers.html#typehandler) or contact Orbax team to migrate before May 1st, 2024.
WARNING:absl:SaveArgs.aggregate is deprecated, please use custom TypeHandler (https://orbax.readthedocs.io/en/latest/custom_handlers.html#typehandler) or contact Orbax team to migrate before May 1st, 2024.
WARNING:absl:SaveArgs.aggregate is deprecated, please use custom TypeHandler (https://orbax.readthedocs.io/en/latest/custom_handlers.html#typehandler) or contact Orbax team to migrate before May 1st, 2024.
WARNING:absl:SaveArgs.aggregate is deprecated, please use custom TypeHandler (https://orbax.readthedocs.io/en/latest/custom_handlers.html#typehandler) or contact Orbax team to migrate before May 1st, 2024.
WARNING:absl:SaveArgs.aggregate is deprecated, please use custom TypeHandler (https://orbax.readthedocs.io/en/latest/custom_handlers.html#typehandler) or contact Orbax team to migrate before May 1st, 2024.
WARNING:absl:SaveArgs.aggregate is deprecated, please use custom TypeHandler (https://orbax.readthedocs.io/en/latest/custom_handlers.html#typehandler) or contact Orbax team to migrate before May 1st, 2024.
WARNING:absl:SaveArgs.aggregate is deprecated, please use custom TypeHandler (https://orbax.readthedocs.io/en/latest/custom_handlers.html#typehandler) or contact Orbax team to migrate before May 1st, 2024.
WARNING:absl:SaveArgs.aggregate is deprecated, please use custom TypeHandler (https://orbax.readthedocs.io/en/latest/custom_handlers.html#typehandler) or contact Orbax team to migrate before May 1st, 2024.
WARNING:absl:SaveArgs.aggregate is deprecated, please use custom TypeHandler (https://orbax.readthedocs.io/en/latest/custom_handlers.html#typehandler) or contact Orbax team to migrate before May 1st, 2024.
WARNING:absl:SaveArgs.aggregate is deprecated, please use custom TypeHandler (https://orbax.readthedocs.io/en/latest/custom_handlers.html#typehandler) or contact Orbax team to migrate before May 1st, 2024.
WARNING:absl:SaveArgs.aggregate is deprecated, please use custom TypeHandler (https://orbax.readthedocs.io/en/latest/custom_handlers.html#typehandler) or contact Orbax team to migrate before May 1st, 2024.
WARNING:absl:SaveArgs.aggregate is deprecated, please use custom TypeHandler (https://orbax.readthedocs.io/en/latest/custom_handlers.html#typehandler) or contact Orbax team to migrate before May 1st, 2024.
WARNING:absl:SaveArgs.aggregate is deprecated, please use custom TypeHandler (https://orbax.readthedocs.io/en/latest/custom_handlers.html#typehandler) or contact Orbax team to migrate before May 1st, 2024.
WARNING:absl:SaveArgs.aggregate is deprecated, please use custom TypeHandler (https://orbax.readthedocs.io/en/latest/custom_handlers.html#typehandler) or contact Orbax team to migrate before May 1st, 2024.
WARNING:absl:SaveArgs.aggregate is deprecated, please use custom TypeHandler (https://orbax.readthedocs.io/en/latest/custom_handlers.html#typehandler) or contact Orbax team to migrate before May 1st, 2024.
WARNING:absl:SaveArgs.aggregate is deprecated, please use custom TypeHandler (https://orbax.readthedocs.io/en/latest/custom_handlers.html#typehandler) or contact Orbax team to migrate before May 1st, 2024.
WARNING:absl:SaveArgs.aggregate is deprecated, please use custom TypeHandler (https://orbax.readthedocs.io/en/latest/custom_handlers.html#typehandler) or contact Orbax team to migrate before May 1st, 2024.
WARNING:absl:SaveArgs.aggregate is deprecated, please use custom TypeHandler (https://orbax.readthedocs.io/en/latest/custom_handlers.html#typehandler) or contact Orbax team to migrate before May 1st, 2024.
WARNING:absl:SaveArgs.aggregate is deprecated, please use custom TypeHandler (https://orbax.readthedocs.io/en/latest/custom_handlers.html#typehandler) or contact Orbax team to migrate before May 1st, 2024.
WARNING:absl:SaveArgs.aggregate is deprecated, please use custom TypeHandler (https://orbax.readthedocs.io/en/latest/custom_handlers.html#typehandler) or contact Orbax team to migrate before May 1st, 2024.
WARNING:absl:SaveArgs.aggregate is deprecated, please use custom TypeHandler (https://orbax.readthedocs.io/en/latest/custom_handlers.html#typehandler) or contact Orbax team to migrate before May 1st, 2024.
WARNING:absl:SaveArgs.aggregate is deprecated, please use custom TypeHandler (https://orbax.readthedocs.io/en/latest/custom_handlers.html#typehandler) or contact Orbax team to migrate before May 1st, 2024.
WARNING:absl:SaveArgs.aggregate is deprecated, please use custom TypeHandler (https://orbax.readthedocs.io/en/latest/custom_handlers.html#typehandler) or contact Orbax team to migrate before May 1st, 2024.
WARNING:absl:SaveArgs.aggregate is deprecated, please use custom TypeHandler (https://orbax.readthedocs.io/en/latest/custom_handlers.html#typehandler) or contact Orbax team to migrate before May 1st, 2024.
WARNING:absl:SaveArgs.aggregate is deprecated, please use custom TypeHandler (https://orbax.readthedocs.io/en/latest/custom_handlers.html#typehandler) or contact Orbax team to migrate before May 1st, 2024.
WARNING:absl:SaveArgs.aggregate is deprecated, please use custom TypeHandler (https://orbax.readthedocs.io/en/latest/custom_handlers.html#typehandler) or contact Orbax team to migrate before May 1st, 2024.
WARNING:absl:SaveArgs.aggregate is deprecated, please use custom TypeHandler (https://orbax.readthedocs.io/en/latest/custom_handlers.html#typehandler) or contact Orbax team to migrate before May 1st, 2024.
WARNING:absl:SaveArgs.aggregate is deprecated, please use custom TypeHandler (https://orbax.readthedocs.io/en/latest/custom_handlers.html#typehandler) or contact Orbax team to migrate before May 1st, 2024.
WARNING:absl:SaveArgs.aggregate is deprecated, please use custom TypeHandler (https://orbax.readthedocs.io/en/latest/custom_handlers.html#typehandler) or contact Orbax team to migrate before May 1st, 2024.
WARNING:absl:SaveArgs.aggregate is deprecated, please use custom TypeHandler (https://orbax.readthedocs.io/en/latest/custom_handlers.html#typehandler) or contact Orbax team to migrate before May 1st, 2024.
WARNING:absl:SaveArgs.aggregate is deprecated, please use custom TypeHandler (https://orbax.readthedocs.io/en/latest/custom_handlers.html#typehandler) or contact Orbax team to migrate before May 1st, 2024.
WARNING:absl:SaveArgs.aggregate is deprecated, please use custom TypeHandler (https://orbax.readthedocs.io/en/latest/custom_handlers.html#typehandler) or contact Orbax team to migrate before May 1st, 2024.
WARNING:absl:SaveArgs.aggregate is deprecated, please use custom TypeHandler (https://orbax.readthedocs.io/en/latest/custom_handlers.html#typehandler) or contact Orbax team to migrate before May 1st, 2024.
WARNING:absl:SaveArgs.aggregate is deprecated, please use custom TypeHandler (https://orbax.readthedocs.io/en/latest/custom_handlers.html#typehandler) or contact Orbax team to migrate before May 1st, 2024.
WARNING:absl:SaveArgs.aggregate is deprecated, please use custom TypeHandler (https://orbax.readthedocs.io/en/latest/custom_handlers.html#typehandler) or contact Orbax team to migrate before May 1st, 2024.
WARNING:absl:SaveArgs.aggregate is deprecated, please use custom TypeHandler (https://orbax.readthedocs.io/en/latest/custom_handlers.html#typehandler) or contact Orbax team to migrate before May 1st, 2024.
WARNING:absl:SaveArgs.aggregate is deprecated, please use custom TypeHandler (https://orbax.readthedocs.io/en/latest/custom_handlers.html#typehandler) or contact Orbax team to migrate before May 1st, 2024.
WARNING:absl:SaveArgs.aggregate is deprecated, please use custom TypeHandler (https://orbax.readthedocs.io/en/latest/custom_handlers.html#typehandler) or contact Orbax team to migrate before May 1st, 2024.
WARNING:absl:SaveArgs.aggregate is deprecated, please use custom TypeHandler (https://orbax.readthedocs.io/en/latest/custom_handlers.html#typehandler) or contact Orbax team to migrate before May 1st, 2024.
WARNING:absl:SaveArgs.aggregate is deprecated, please use custom TypeHandler (https://orbax.readthedocs.io/en/latest/custom_handlers.html#typehandler) or contact Orbax team to migrate before May 1st, 2024.
WARNING:absl:SaveArgs.aggregate is deprecated, please use custom TypeHandler (https://orbax.readthedocs.io/en/latest/custom_handlers.html#typehandler) or contact Orbax team to migrate before May 1st, 2024.
WARNING:absl:SaveArgs.aggregate is deprecated, please use custom TypeHandler (https://orbax.readthedocs.io/en/latest/custom_handlers.html#typehandler) or contact Orbax team to migrate before May 1st, 2024.
WARNING:absl:SaveArgs.aggregate is deprecated, please use custom TypeHandler (https://orbax.readthedocs.io/en/latest/custom_handlers.html#typehandler) or contact Orbax team to migrate before May 1st, 2024.
WARNING:absl:SaveArgs.aggregate is deprecated, please use custom TypeHandler (https://orbax.readthedocs.io/en/latest/custom_handlers.html#typehandler) or contact Orbax team to migrate before May 1st, 2024.
WARNING:absl:SaveArgs.aggregate is deprecated, please use custom TypeHandler (https://orbax.readthedocs.io/en/latest/custom_handlers.html#typehandler) or contact Orbax team to migrate before May 1st, 2024.
WARNING:absl:SaveArgs.aggregate is deprecated, please use custom TypeHandler (https://orbax.readthedocs.io/en/latest/custom_handlers.html#typehandler) or contact Orbax team to migrate before May 1st, 2024.
WARNING:absl:SaveArgs.aggregate is deprecated, please use custom TypeHandler (https://orbax.readthedocs.io/en/latest/custom_handlers.html#typehandler) or contact Orbax team to migrate before May 1st, 2024.
WARNING:absl:SaveArgs.aggregate is deprecated, please use custom TypeHandler (https://orbax.readthedocs.io/en/latest/custom_handlers.html#typehandler) or contact Orbax team to migrate before May 1st, 2024.
WARNING:absl:SaveArgs.aggregate is deprecated, please use custom TypeHandler (https://orbax.readthedocs.io/en/latest/custom_handlers.html#typehandler) or contact Orbax team to migrate before May 1st, 2024.
WARNING:absl:SaveArgs.aggregate is deprecated, please use custom TypeHandler (https://orbax.readthedocs.io/en/latest/custom_handlers.html#typehandler) or contact Orbax team to migrate before May 1st, 2024.
 total params: 1.54K
[exp1] fork state saved at interaction_step 100 in 0.1 s
/Users/shouryakaveti/VS_Projects/sparse-ppo-drl-research/.venv/lib/python3.12/site-packages/orbax/checkpoint/type_handlers.py:1475: UserWarning: Couldn't find sharding info under RestoreArgs. Populating sharding info from sharding file. Please note restoration time will be slightly increased due to reading from file instead of directly from RestoreArgs.
  warnings.warn(
 total params: 1.54K
[exp1] restored interaction_step 100 from /var/folders/ms/h3zjmq652jvg08wcslr2z3t80000gn/T/tmpj5y7j_t7/parent/fork/state/step_000000100_3bc929f6 in 0.1 s
[control] post-fork evaluation 0: 0.1 s for 1 episodes
[control] post-fork evaluation 1: 0.0 s for 1 episodes
[control] post-fork evaluation 2: 0.0 s for 1 episodes
[control] post-fork evaluation 3: 0.0 s for 1 episodes
[control] post-fork evaluation 4: 0.0 s for 1 episodes
[control] post-fork evaluation 5: 0.0 s for 1 episodes
WARNING:absl:SaveArgs.aggregate is deprecated, please use custom TypeHandler (https://orbax.readthedocs.io/en/latest/custom_handlers.html#typehandler) or contact Orbax team to migrate before May 1st, 2024.
WARNING:absl:SaveArgs.aggregate is deprecated, please use custom TypeHandler (https://orbax.readthedocs.io/en/latest/custom_handlers.html#typehandler) or contact Orbax team to migrate before May 1st, 2024.
WARNING:absl:SaveArgs.aggregate is deprecated, please use custom TypeHandler (https://orbax.readthedocs.io/en/latest/custom_handlers.html#typehandler) or contact Orbax team to migrate before May 1st, 2024.
WARNING:absl:SaveArgs.aggregate is deprecated, please use custom TypeHandler (https://orbax.readthedocs.io/en/latest/custom_handlers.html#typehandler) or contact Orbax team to migrate before May 1st, 2024.
WARNING:absl:SaveArgs.aggregate is deprecated, please use custom TypeHandler (https://orbax.readthedocs.io/en/latest/custom_handlers.html#typehandler) or contact Orbax team to migrate before May 1st, 2024.
WARNING:absl:SaveArgs.aggregate is deprecated, please use custom TypeHandler (https://orbax.readthedocs.io/en/latest/custom_handlers.html#typehandler) or contact Orbax team to migrate before May 1st, 2024.
WARNING:absl:SaveArgs.aggregate is deprecated, please use custom TypeHandler (https://orbax.readthedocs.io/en/latest/custom_handlers.html#typehandler) or contact Orbax team to migrate before May 1st, 2024.
WARNING:absl:SaveArgs.aggregate is deprecated, please use custom TypeHandler (https://orbax.readthedocs.io/en/latest/custom_handlers.html#typehandler) or contact Orbax team to migrate before May 1st, 2024.
WARNING:absl:SaveArgs.aggregate is deprecated, please use custom TypeHandler (https://orbax.readthedocs.io/en/latest/custom_handlers.html#typehandler) or contact Orbax team to migrate before May 1st, 2024.
WARNING:absl:SaveArgs.aggregate is deprecated, please use custom TypeHandler (https://orbax.readthedocs.io/en/latest/custom_handlers.html#typehandler) or contact Orbax team to migrate before May 1st, 2024.
WARNING:absl:SaveArgs.aggregate is deprecated, please use custom TypeHandler (https://orbax.readthedocs.io/en/latest/custom_handlers.html#typehandler) or contact Orbax team to migrate before May 1st, 2024.
[control] post-fork evaluation 6: 0.0 s for 1 episodes
[control] post-fork evaluation 7: 0.0 s for 1 episodes
WARNING:absl:SaveArgs.aggregate is deprecated, please use custom TypeHandler (https://orbax.readthedocs.io/en/latest/custom_handlers.html#typehandler) or contact Orbax team to migrate before May 1st, 2024.
WARNING:absl:SaveArgs.aggregate is deprecated, please use custom TypeHandler (https://orbax.readthedocs.io/en/latest/custom_handlers.html#typehandler) or contact Orbax team to migrate before May 1st, 2024.
WARNING:absl:SaveArgs.aggregate is deprecated, please use custom TypeHandler (https://orbax.readthedocs.io/en/latest/custom_handlers.html#typehandler) or contact Orbax team to migrate before May 1st, 2024.
WARNING:absl:SaveArgs.aggregate is deprecated, please use custom TypeHandler (https://orbax.readthedocs.io/en/latest/custom_handlers.html#typehandler) or contact Orbax team to migrate before May 1st, 2024.
WARNING:absl:SaveArgs.aggregate is deprecated, please use custom TypeHandler (https://orbax.readthedocs.io/en/latest/custom_handlers.html#typehandler) or contact Orbax team to migrate before May 1st, 2024.
WARNING:absl:SaveArgs.aggregate is deprecated, please use custom TypeHandler (https://orbax.readthedocs.io/en/latest/custom_handlers.html#typehandler) or contact Orbax team to migrate before May 1st, 2024.
WARNING:absl:SaveArgs.aggregate is deprecated, please use custom TypeHandler (https://orbax.readthedocs.io/en/latest/custom_handlers.html#typehandler) or contact Orbax team to migrate before May 1st, 2024.
WARNING:absl:SaveArgs.aggregate is deprecated, please use custom TypeHandler (https://orbax.readthedocs.io/en/latest/custom_handlers.html#typehandler) or contact Orbax team to migrate before May 1st, 2024.
WARNING:absl:SaveArgs.aggregate is deprecated, please use custom TypeHandler (https://orbax.readthedocs.io/en/latest/custom_handlers.html#typehandler) or contact Orbax team to migrate before May 1st, 2024.
WARNING:absl:SaveArgs.aggregate is deprecated, please use custom TypeHandler (https://orbax.readthedocs.io/en/latest/custom_handlers.html#typehandler) or contact Orbax team to migrate before May 1st, 2024.
WARNING:absl:SaveArgs.aggregate is deprecated, please use custom TypeHandler (https://orbax.readthedocs.io/en/latest/custom_handlers.html#typehandler) or contact Orbax team to migrate before May 1st, 2024.
/Users/shouryakaveti/VS_Projects/sparse-ppo-drl-research/.venv/lib/python3.12/site-packages/orbax/checkpoint/type_handlers.py:1475: UserWarning: Couldn't find sharding info under RestoreArgs. Populating sharding info from sharding file. Please note restoration time will be slightly increased due to reading from file instead of directly from RestoreArgs.
  warnings.warn(
[exp1] identity snapshot saved; stopping (testing.stop_after_identity_snapshot)
 total params: 1.54K
[exp2_arm] fork state restored in 0.1 s
[identity] post-fork evaluation 0: 0.4 s for 1 episodes
WARNING:absl:SaveArgs.aggregate is deprecated, please use custom TypeHandler (https://orbax.readthedocs.io/en/latest/custom_handlers.html#typehandler) or contact Orbax team to migrate before May 1st, 2024.
WARNING:absl:SaveArgs.aggregate is deprecated, please use custom TypeHandler (https://orbax.readthedocs.io/en/latest/custom_handlers.html#typehandler) or contact Orbax team to migrate before May 1st, 2024.
WARNING:absl:SaveArgs.aggregate is deprecated, please use custom TypeHandler (https://orbax.readthedocs.io/en/latest/custom_handlers.html#typehandler) or contact Orbax team to migrate before May 1st, 2024.
WARNING:absl:SaveArgs.aggregate is deprecated, please use custom TypeHandler (https://orbax.readthedocs.io/en/latest/custom_handlers.html#typehandler) or contact Orbax team to migrate before May 1st, 2024.
WARNING:absl:SaveArgs.aggregate is deprecated, please use custom TypeHandler (https://orbax.readthedocs.io/en/latest/custom_handlers.html#typehandler) or contact Orbax team to migrate before May 1st, 2024.
WARNING:absl:SaveArgs.aggregate is deprecated, please use custom TypeHandler (https://orbax.readthedocs.io/en/latest/custom_handlers.html#typehandler) or contact Orbax team to migrate before May 1st, 2024.
WARNING:absl:SaveArgs.aggregate is deprecated, please use custom TypeHandler (https://orbax.readthedocs.io/en/latest/custom_handlers.html#typehandler) or contact Orbax team to migrate before May 1st, 2024.
WARNING:absl:SaveArgs.aggregate is deprecated, please use custom TypeHandler (https://orbax.readthedocs.io/en/latest/custom_handlers.html#typehandler) or contact Orbax team to migrate before May 1st, 2024.
WARNING:absl:SaveArgs.aggregate is deprecated, please use custom TypeHandler (https://orbax.readthedocs.io/en/latest/custom_handlers.html#typehandler) or contact Orbax team to migrate before May 1st, 2024.
WARNING:absl:SaveArgs.aggregate is deprecated, please use custom TypeHandler (https://orbax.readthedocs.io/en/latest/custom_handlers.html#typehandler) or contact Orbax team to migrate before May 1st, 2024.
WARNING:absl:SaveArgs.aggregate is deprecated, please use custom TypeHandler (https://orbax.readthedocs.io/en/latest/custom_handlers.html#typehandler) or contact Orbax team to migrate before May 1st, 2024.
[identity] post-fork evaluation 1: 0.0 s for 1 episodes
[identity] post-fork evaluation 2: 0.0 s for 1 episodes
[identity] post-fork evaluation 3: 0.0 s for 1 episodes
[identity] post-fork evaluation 4: 0.0 s for 1 episodes
[identity] post-fork evaluation 5: 0.0 s for 1 episodes
WARNING:absl:SaveArgs.aggregate is deprecated, please use custom TypeHandler (https://orbax.readthedocs.io/en/latest/custom_handlers.html#typehandler) or contact Orbax team to migrate before May 1st, 2024.
WARNING:absl:SaveArgs.aggregate is deprecated, please use custom TypeHandler (https://orbax.readthedocs.io/en/latest/custom_handlers.html#typehandler) or contact Orbax team to migrate before May 1st, 2024.
WARNING:absl:SaveArgs.aggregate is deprecated, please use custom TypeHandler (https://orbax.readthedocs.io/en/latest/custom_handlers.html#typehandler) or contact Orbax team to migrate before May 1st, 2024.
WARNING:absl:SaveArgs.aggregate is deprecated, please use custom TypeHandler (https://orbax.readthedocs.io/en/latest/custom_handlers.html#typehandler) or contact Orbax team to migrate before May 1st, 2024.
WARNING:absl:SaveArgs.aggregate is deprecated, please use custom TypeHandler (https://orbax.readthedocs.io/en/latest/custom_handlers.html#typehandler) or contact Orbax team to migrate before May 1st, 2024.
WARNING:absl:SaveArgs.aggregate is deprecated, please use custom TypeHandler (https://orbax.readthedocs.io/en/latest/custom_handlers.html#typehandler) or contact Orbax team to migrate before May 1st, 2024.
WARNING:absl:SaveArgs.aggregate is deprecated, please use custom TypeHandler (https://orbax.readthedocs.io/en/latest/custom_handlers.html#typehandler) or contact Orbax team to migrate before May 1st, 2024.
WARNING:absl:SaveArgs.aggregate is deprecated, please use custom TypeHandler (https://orbax.readthedocs.io/en/latest/custom_handlers.html#typehandler) or contact Orbax team to migrate before May 1st, 2024.
WARNING:absl:SaveArgs.aggregate is deprecated, please use custom TypeHandler (https://orbax.readthedocs.io/en/latest/custom_handlers.html#typehandler) or contact Orbax team to migrate before May 1st, 2024.
WARNING:absl:SaveArgs.aggregate is deprecated, please use custom TypeHandler (https://orbax.readthedocs.io/en/latest/custom_handlers.html#typehandler) or contact Orbax team to migrate before May 1st, 2024.
WARNING:absl:SaveArgs.aggregate is deprecated, please use custom TypeHandler (https://orbax.readthedocs.io/en/latest/custom_handlers.html#typehandler) or contact Orbax team to migrate before May 1st, 2024.
[identity] post-fork evaluation 6: 0.0 s for 1 episodes
[identity] post-fork evaluation 7: 0.0 s for 1 episodes
WARNING:absl:SaveArgs.aggregate is deprecated, please use custom TypeHandler (https://orbax.readthedocs.io/en/latest/custom_handlers.html#typehandler) or contact Orbax team to migrate before May 1st, 2024.
WARNING:absl:SaveArgs.aggregate is deprecated, please use custom TypeHandler (https://orbax.readthedocs.io/en/latest/custom_handlers.html#typehandler) or contact Orbax team to migrate before May 1st, 2024.
WARNING:absl:SaveArgs.aggregate is deprecated, please use custom TypeHandler (https://orbax.readthedocs.io/en/latest/custom_handlers.html#typehandler) or contact Orbax team to migrate before May 1st, 2024.
WARNING:absl:SaveArgs.aggregate is deprecated, please use custom TypeHandler (https://orbax.readthedocs.io/en/latest/custom_handlers.html#typehandler) or contact Orbax team to migrate before May 1st, 2024.
WARNING:absl:SaveArgs.aggregate is deprecated, please use custom TypeHandler (https://orbax.readthedocs.io/en/latest/custom_handlers.html#typehandler) or contact Orbax team to migrate before May 1st, 2024.
WARNING:absl:SaveArgs.aggregate is deprecated, please use custom TypeHandler (https://orbax.readthedocs.io/en/latest/custom_handlers.html#typehandler) or contact Orbax team to migrate before May 1st, 2024.
WARNING:absl:SaveArgs.aggregate is deprecated, please use custom TypeHandler (https://orbax.readthedocs.io/en/latest/custom_handlers.html#typehandler) or contact Orbax team to migrate before May 1st, 2024.
WARNING:absl:SaveArgs.aggregate is deprecated, please use custom TypeHandler (https://orbax.readthedocs.io/en/latest/custom_handlers.html#typehandler) or contact Orbax team to migrate before May 1st, 2024.
WARNING:absl:SaveArgs.aggregate is deprecated, please use custom TypeHandler (https://orbax.readthedocs.io/en/latest/custom_handlers.html#typehandler) or contact Orbax team to migrate before May 1st, 2024.
WARNING:absl:SaveArgs.aggregate is deprecated, please use custom TypeHandler (https://orbax.readthedocs.io/en/latest/custom_handlers.html#typehandler) or contact Orbax team to migrate before May 1st, 2024.
WARNING:absl:SaveArgs.aggregate is deprecated, please use custom TypeHandler (https://orbax.readthedocs.io/en/latest/custom_handlers.html#typehandler) or contact Orbax team to migrate before May 1st, 2024.
test_compare_script_passes_and_detects_a_difference (tests.test_exp12_fork.IdentityValidationTest.test_compare_script_passes_and_detects_a_difference) ... /Users/shouryakaveti/VS_Projects/sparse-ppo-drl-research/.venv/lib/python3.12/site-packages/orbax/checkpoint/type_handlers.py:1475: UserWarning: Couldn't find sharding info under RestoreArgs. Populating sharding info from sharding file. Please note restoration time will be slightly increased due to reading from file instead of directly from RestoreArgs.
  warnings.warn(
ok
test_flag_refused_outside_dev (tests.test_exp12_fork.IdentityValidationTest.test_flag_refused_outside_dev) ... ok
test_jobs_stop_at_the_snapshot (tests.test_exp12_fork.IdentityValidationTest.test_jobs_stop_at_the_snapshot) ... ok
test_at_and_after_the_fork (tests.test_exp12_fork.KillMatrixTest.test_at_and_after_the_fork) ... ok
test_exp1_before_the_fork (tests.test_exp12_fork.KillMatrixTest.test_exp1_before_the_fork) ... ok
test_same_params_optimizer_state_rng_and_metrics (tests.test_exp12_foundations.Angle1ParityTest.test_same_params_optimizer_state_rng_and_metrics) ... [exp2_arm] identity snapshot saved; stopping (testing.stop_after_identity_snapshot)
 total params: 1.62K
  0%|          | 0/290 [00:00<?, ?it/s]  0%|          | 1/290 [00:00<04:20,  1.11it/s]  1%|          | 2/290 [00:01<03:56,  1.22it/s]  1%|          | 3/290 [00:02<03:48,  1.26it/s]  7%|▋         | 20/290 [00:02<00:28,  9.47it/s] 34%|███▍      | 100/290 [00:02<00:03, 48.45it/s] 63%|██████▎   | 183/290 [00:02<00:01, 89.34it/s] 73%|███████▎  | 213/290 [00:03<00:01, 76.38it/s]WARNING:absl:SaveArgs.aggregate is deprecated, please use custom TypeHandler (https://orbax.readthedocs.io/en/latest/custom_handlers.html#typehandler) or contact Orbax team to migrate before May 1st, 2024.
WARNING:absl:SaveArgs.aggregate is deprecated, please use custom TypeHandler (https://orbax.readthedocs.io/en/latest/custom_handlers.html#typehandler) or contact Orbax team to migrate before May 1st, 2024.
WARNING:absl:SaveArgs.aggregate is deprecated, please use custom TypeHandler (https://orbax.readthedocs.io/en/latest/custom_handlers.html#typehandler) or contact Orbax team to migrate before May 1st, 2024.
WARNING:absl:SaveArgs.aggregate is deprecated, please use custom TypeHandler (https://orbax.readthedocs.io/en/latest/custom_handlers.html#typehandler) or contact Orbax team to migrate before May 1st, 2024.
WARNING:absl:SaveArgs.aggregate is deprecated, please use custom TypeHandler (https://orbax.readthedocs.io/en/latest/custom_handlers.html#typehandler) or contact Orbax team to migrate before May 1st, 2024.
WARNING:absl:SaveArgs.aggregate is deprecated, please use custom TypeHandler (https://orbax.readthedocs.io/en/latest/custom_handlers.html#typehandler) or contact Orbax team to migrate before May 1st, 2024.
WARNING:absl:SaveArgs.aggregate is deprecated, please use custom TypeHandler (https://orbax.readthedocs.io/en/latest/custom_handlers.html#typehandler) or contact Orbax team to migrate before May 1st, 2024.
WARNING:absl:SaveArgs.aggregate is deprecated, please use custom TypeHandler (https://orbax.readthedocs.io/en/latest/custom_handlers.html#typehandler) or contact Orbax team to migrate before May 1st, 2024.
WARNING:absl:SaveArgs.aggregate is deprecated, please use custom TypeHandler (https://orbax.readthedocs.io/en/latest/custom_handlers.html#typehandler) or contact Orbax team to migrate before May 1st, 2024.
WARNING:absl:SaveArgs.aggregate is deprecated, please use custom TypeHandler (https://orbax.readthedocs.io/en/latest/custom_handlers.html#typehandler) or contact Orbax team to migrate before May 1st, 2024.
WARNING:absl:SaveArgs.aggregate is deprecated, please use custom TypeHandler (https://orbax.readthedocs.io/en/latest/custom_handlers.html#typehandler) or contact Orbax team to migrate before May 1st, 2024.
100%|██████████| 290/290 [00:03<00:00, 105.77it/s]100%|██████████| 290/290 [00:03<00:00, 80.75it/s] 
WARNING:absl:SaveArgs.aggregate is deprecated, please use custom TypeHandler (https://orbax.readthedocs.io/en/latest/custom_handlers.html#typehandler) or contact Orbax team to migrate before May 1st, 2024.
WARNING:absl:SaveArgs.aggregate is deprecated, please use custom TypeHandler (https://orbax.readthedocs.io/en/latest/custom_handlers.html#typehandler) or contact Orbax team to migrate before May 1st, 2024.
WARNING:absl:SaveArgs.aggregate is deprecated, please use custom TypeHandler (https://orbax.readthedocs.io/en/latest/custom_handlers.html#typehandler) or contact Orbax team to migrate before May 1st, 2024.
WARNING:absl:SaveArgs.aggregate is deprecated, please use custom TypeHandler (https://orbax.readthedocs.io/en/latest/custom_handlers.html#typehandler) or contact Orbax team to migrate before May 1st, 2024.
WARNING:absl:SaveArgs.aggregate is deprecated, please use custom TypeHandler (https://orbax.readthedocs.io/en/latest/custom_handlers.html#typehandler) or contact Orbax team to migrate before May 1st, 2024.
WARNING:absl:SaveArgs.aggregate is deprecated, please use custom TypeHandler (https://orbax.readthedocs.io/en/latest/custom_handlers.html#typehandler) or contact Orbax team to migrate before May 1st, 2024.
WARNING:absl:SaveArgs.aggregate is deprecated, please use custom TypeHandler (https://orbax.readthedocs.io/en/latest/custom_handlers.html#typehandler) or contact Orbax team to migrate before May 1st, 2024.
WARNING:absl:SaveArgs.aggregate is deprecated, please use custom TypeHandler (https://orbax.readthedocs.io/en/latest/custom_handlers.html#typehandler) or contact Orbax team to migrate before May 1st, 2024.
WARNING:absl:SaveArgs.aggregate is deprecated, please use custom TypeHandler (https://orbax.readthedocs.io/en/latest/custom_handlers.html#typehandler) or contact Orbax team to migrate before May 1st, 2024.
WARNING:absl:SaveArgs.aggregate is deprecated, please use custom TypeHandler (https://orbax.readthedocs.io/en/latest/custom_handlers.html#typehandler) or contact Orbax team to migrate before May 1st, 2024.
WARNING:absl:SaveArgs.aggregate is deprecated, please use custom TypeHandler (https://orbax.readthedocs.io/en/latest/custom_handlers.html#typehandler) or contact Orbax team to migrate before May 1st, 2024.
/Users/shouryakaveti/VS_Projects/sparse-ppo-drl-research/.venv/lib/python3.12/site-packages/orbax/checkpoint/type_handlers.py:1475: UserWarning: Couldn't find sharding info under RestoreArgs. Populating sharding info from sharding file. Please note restoration time will be slightly increased due to reading from file instead of directly from RestoreArgs.
  warnings.warn(
ok
test_gamma_per_suite (tests.test_exp12_foundations.DiscountAndHorizonTest.test_gamma_per_suite) ... ok
test_keyturn_is_truncated_at_100_raw_steps (tests.test_exp12_foundations.DiscountAndHorizonTest.test_keyturn_is_truncated_at_100_raw_steps) ... /Users/shouryakaveti/VS_Projects/sparse-ppo-drl-research/.venv/lib/python3.12/site-packages/gymnasium/spaces/box.py:234: UserWarning: [33mWARN: Box low's precision lowered by casting to float32, current low.dtype=float64[0m
  gym.logger.warn(
/Users/shouryakaveti/VS_Projects/sparse-ppo-drl-research/.venv/lib/python3.12/site-packages/gymnasium/spaces/box.py:304: UserWarning: [33mWARN: Box high's precision lowered by casting to float32, current high.dtype=float64[0m
  gym.logger.warn(
ok
test_pen_twirl_keeps_its_registered_50_step_limit_as_in_simba (tests.test_exp12_foundations.DiscountAndHorizonTest.test_pen_twirl_keeps_its_registered_50_step_limit_as_in_simba) ... ok
test_truncation_bootstraps_and_termination_does_not (tests.test_exp12_foundations.DiscountAndHorizonTest.test_truncation_bootstraps_and_termination_does_not) ... ok
test_every_environment_replays_bit_exactly_in_a_new_process (tests.test_exp12_foundations.EnvRestoreAcrossProcessesTest.test_every_environment_replays_bit_exactly_in_a_new_process) ... ok
test_restore_is_exact_and_each_component_is_necessary (tests.test_exp12_foundations.EnvRestoreBreakTest.test_restore_is_exact_and_each_component_is_necessary) ... /Users/shouryakaveti/VS_Projects/sparse-ppo-drl-research/.venv/lib/python3.12/site-packages/gymnasium/spaces/box.py:234: UserWarning: [33mWARN: Box low's precision lowered by casting to float32, current low.dtype=float64[0m
  gym.logger.warn(
/Users/shouryakaveti/VS_Projects/sparse-ppo-drl-research/.venv/lib/python3.12/site-packages/gymnasium/spaces/box.py:304: UserWarning: [33mWARN: Box high's precision lowered by casting to float32, current high.dtype=float64[0m
  gym.logger.warn(
ok
test_kill_points (tests.test_exp12_foundations.KillAndResumeEntryPointTest.test_kill_points) ... /Users/shouryakaveti/VS_Projects/sparse-ppo-drl-research/.venv/lib/python3.12/site-packages/orbax/checkpoint/type_handlers.py:1475: UserWarning: Couldn't find sharding info under RestoreArgs. Populating sharding info from sharding file. Please note restoration time will be slightly increased due to reading from file instead of directly from RestoreArgs.
  warnings.warn(
ok
test_seeded_factory_is_reproducible_and_repo_factory_is_not (tests.test_exp12_foundations.MyoSuiteSeedingTest.test_seeded_factory_is_reproducible_and_repo_factory_is_not) ... ok
test_breaking_each_restored_component_is_detected (tests.test_exp12_foundations.ResumeExactnessTest.test_breaking_each_restored_component_is_detected) ... WARNING:absl:SaveArgs.aggregate is deprecated, please use custom TypeHandler (https://orbax.readthedocs.io/en/latest/custom_handlers.html#typehandler) or contact Orbax team to migrate before May 1st, 2024.
WARNING:absl:SaveArgs.aggregate is deprecated, please use custom TypeHandler (https://orbax.readthedocs.io/en/latest/custom_handlers.html#typehandler) or contact Orbax team to migrate before May 1st, 2024.
WARNING:absl:SaveArgs.aggregate is deprecated, please use custom TypeHandler (https://orbax.readthedocs.io/en/latest/custom_handlers.html#typehandler) or contact Orbax team to migrate before May 1st, 2024.
WARNING:absl:SaveArgs.aggregate is deprecated, please use custom TypeHandler (https://orbax.readthedocs.io/en/latest/custom_handlers.html#typehandler) or contact Orbax team to migrate before May 1st, 2024.
WARNING:absl:SaveArgs.aggregate is deprecated, please use custom TypeHandler (https://orbax.readthedocs.io/en/latest/custom_handlers.html#typehandler) or contact Orbax team to migrate before May 1st, 2024.
WARNING:absl:SaveArgs.aggregate is deprecated, please use custom TypeHandler (https://orbax.readthedocs.io/en/latest/custom_handlers.html#typehandler) or contact Orbax team to migrate before May 1st, 2024.
WARNING:absl:SaveArgs.aggregate is deprecated, please use custom TypeHandler (https://orbax.readthedocs.io/en/latest/custom_handlers.html#typehandler) or contact Orbax team to migrate before May 1st, 2024.
WARNING:absl:SaveArgs.aggregate is deprecated, please use custom TypeHandler (https://orbax.readthedocs.io/en/latest/custom_handlers.html#typehandler) or contact Orbax team to migrate before May 1st, 2024.
WARNING:absl:SaveArgs.aggregate is deprecated, please use custom TypeHandler (https://orbax.readthedocs.io/en/latest/custom_handlers.html#typehandler) or contact Orbax team to migrate before May 1st, 2024.
WARNING:absl:SaveArgs.aggregate is deprecated, please use custom TypeHandler (https://orbax.readthedocs.io/en/latest/custom_handlers.html#typehandler) or contact Orbax team to migrate before May 1st, 2024.
WARNING:absl:SaveArgs.aggregate is deprecated, please use custom TypeHandler (https://orbax.readthedocs.io/en/latest/custom_handlers.html#typehandler) or contact Orbax team to migrate before May 1st, 2024.
WARNING:absl:SaveArgs.aggregate is deprecated, please use custom TypeHandler (https://orbax.readthedocs.io/en/latest/custom_handlers.html#typehandler) or contact Orbax team to migrate before May 1st, 2024.
WARNING:absl:SaveArgs.aggregate is deprecated, please use custom TypeHandler (https://orbax.readthedocs.io/en/latest/custom_handlers.html#typehandler) or contact Orbax team to migrate before May 1st, 2024.
WARNING:absl:SaveArgs.aggregate is deprecated, please use custom TypeHandler (https://orbax.readthedocs.io/en/latest/custom_handlers.html#typehandler) or contact Orbax team to migrate before May 1st, 2024.
WARNING:absl:SaveArgs.aggregate is deprecated, please use custom TypeHandler (https://orbax.readthedocs.io/en/latest/custom_handlers.html#typehandler) or contact Orbax team to migrate before May 1st, 2024.
WARNING:absl:SaveArgs.aggregate is deprecated, please use custom TypeHandler (https://orbax.readthedocs.io/en/latest/custom_handlers.html#typehandler) or contact Orbax team to migrate before May 1st, 2024.
WARNING:absl:SaveArgs.aggregate is deprecated, please use custom TypeHandler (https://orbax.readthedocs.io/en/latest/custom_handlers.html#typehandler) or contact Orbax team to migrate before May 1st, 2024.
WARNING:absl:SaveArgs.aggregate is deprecated, please use custom TypeHandler (https://orbax.readthedocs.io/en/latest/custom_handlers.html#typehandler) or contact Orbax team to migrate before May 1st, 2024.
WARNING:absl:SaveArgs.aggregate is deprecated, please use custom TypeHandler (https://orbax.readthedocs.io/en/latest/custom_handlers.html#typehandler) or contact Orbax team to migrate before May 1st, 2024.
WARNING:absl:SaveArgs.aggregate is deprecated, please use custom TypeHandler (https://orbax.readthedocs.io/en/latest/custom_handlers.html#typehandler) or contact Orbax team to migrate before May 1st, 2024.
WARNING:absl:SaveArgs.aggregate is deprecated, please use custom TypeHandler (https://orbax.readthedocs.io/en/latest/custom_handlers.html#typehandler) or contact Orbax team to migrate before May 1st, 2024.
WARNING:absl:SaveArgs.aggregate is deprecated, please use custom TypeHandler (https://orbax.readthedocs.io/en/latest/custom_handlers.html#typehandler) or contact Orbax team to migrate before May 1st, 2024.
/Users/shouryakaveti/VS_Projects/sparse-ppo-drl-research/.venv/lib/python3.12/site-packages/orbax/checkpoint/type_handlers.py:1475: UserWarning: Couldn't find sharding info under RestoreArgs. Populating sharding info from sharding file. Please note restoration time will be slightly increased due to reading from file instead of directly from RestoreArgs.
  warnings.warn(
WARNING:absl:SaveArgs.aggregate is deprecated, please use custom TypeHandler (https://orbax.readthedocs.io/en/latest/custom_handlers.html#typehandler) or contact Orbax team to migrate before May 1st, 2024.
WARNING:absl:SaveArgs.aggregate is deprecated, please use custom TypeHandler (https://orbax.readthedocs.io/en/latest/custom_handlers.html#typehandler) or contact Orbax team to migrate before May 1st, 2024.
WARNING:absl:SaveArgs.aggregate is deprecated, please use custom TypeHandler (https://orbax.readthedocs.io/en/latest/custom_handlers.html#typehandler) or contact Orbax team to migrate before May 1st, 2024.
WARNING:absl:SaveArgs.aggregate is deprecated, please use custom TypeHandler (https://orbax.readthedocs.io/en/latest/custom_handlers.html#typehandler) or contact Orbax team to migrate before May 1st, 2024.
WARNING:absl:SaveArgs.aggregate is deprecated, please use custom TypeHandler (https://orbax.readthedocs.io/en/latest/custom_handlers.html#typehandler) or contact Orbax team to migrate before May 1st, 2024.
WARNING:absl:SaveArgs.aggregate is deprecated, please use custom TypeHandler (https://orbax.readthedocs.io/en/latest/custom_handlers.html#typehandler) or contact Orbax team to migrate before May 1st, 2024.
WARNING:absl:SaveArgs.aggregate is deprecated, please use custom TypeHandler (https://orbax.readthedocs.io/en/latest/custom_handlers.html#typehandler) or contact Orbax team to migrate before May 1st, 2024.
WARNING:absl:SaveArgs.aggregate is deprecated, please use custom TypeHandler (https://orbax.readthedocs.io/en/latest/custom_handlers.html#typehandler) or contact Orbax team to migrate before May 1st, 2024.
WARNING:absl:SaveArgs.aggregate is deprecated, please use custom TypeHandler (https://orbax.readthedocs.io/en/latest/custom_handlers.html#typehandler) or contact Orbax team to migrate before May 1st, 2024.
WARNING:absl:SaveArgs.aggregate is deprecated, please use custom TypeHandler (https://orbax.readthedocs.io/en/latest/custom_handlers.html#typehandler) or contact Orbax team to migrate before May 1st, 2024.
WARNING:absl:SaveArgs.aggregate is deprecated, please use custom TypeHandler (https://orbax.readthedocs.io/en/latest/custom_handlers.html#typehandler) or contact Orbax team to migrate before May 1st, 2024.
/Users/shouryakaveti/VS_Projects/sparse-ppo-drl-research/.venv/lib/python3.12/site-packages/orbax/checkpoint/type_handlers.py:1475: UserWarning: Couldn't find sharding info under RestoreArgs. Populating sharding info from sharding file. Please note restoration time will be slightly increased due to reading from file instead of directly from RestoreArgs.
  warnings.warn(
WARNING:absl:SaveArgs.aggregate is deprecated, please use custom TypeHandler (https://orbax.readthedocs.io/en/latest/custom_handlers.html#typehandler) or contact Orbax team to migrate before May 1st, 2024.
WARNING:absl:SaveArgs.aggregate is deprecated, please use custom TypeHandler (https://orbax.readthedocs.io/en/latest/custom_handlers.html#typehandler) or contact Orbax team to migrate before May 1st, 2024.
WARNING:absl:SaveArgs.aggregate is deprecated, please use custom TypeHandler (https://orbax.readthedocs.io/en/latest/custom_handlers.html#typehandler) or contact Orbax team to migrate before May 1st, 2024.
WARNING:absl:SaveArgs.aggregate is deprecated, please use custom TypeHandler (https://orbax.readthedocs.io/en/latest/custom_handlers.html#typehandler) or contact Orbax team to migrate before May 1st, 2024.
WARNING:absl:SaveArgs.aggregate is deprecated, please use custom TypeHandler (https://orbax.readthedocs.io/en/latest/custom_handlers.html#typehandler) or contact Orbax team to migrate before May 1st, 2024.
WARNING:absl:SaveArgs.aggregate is deprecated, please use custom TypeHandler (https://orbax.readthedocs.io/en/latest/custom_handlers.html#typehandler) or contact Orbax team to migrate before May 1st, 2024.
WARNING:absl:SaveArgs.aggregate is deprecated, please use custom TypeHandler (https://orbax.readthedocs.io/en/latest/custom_handlers.html#typehandler) or contact Orbax team to migrate before May 1st, 2024.
WARNING:absl:SaveArgs.aggregate is deprecated, please use custom TypeHandler (https://orbax.readthedocs.io/en/latest/custom_handlers.html#typehandler) or contact Orbax team to migrate before May 1st, 2024.
WARNING:absl:SaveArgs.aggregate is deprecated, please use custom TypeHandler (https://orbax.readthedocs.io/en/latest/custom_handlers.html#typehandler) or contact Orbax team to migrate before May 1st, 2024.
WARNING:absl:SaveArgs.aggregate is deprecated, please use custom TypeHandler (https://orbax.readthedocs.io/en/latest/custom_handlers.html#typehandler) or contact Orbax team to migrate before May 1st, 2024.
WARNING:absl:SaveArgs.aggregate is deprecated, please use custom TypeHandler (https://orbax.readthedocs.io/en/latest/custom_handlers.html#typehandler) or contact Orbax team to migrate before May 1st, 2024.
/Users/shouryakaveti/VS_Projects/sparse-ppo-drl-research/.venv/lib/python3.12/site-packages/orbax/checkpoint/type_handlers.py:1475: UserWarning: Couldn't find sharding info under RestoreArgs. Populating sharding info from sharding file. Please note restoration time will be slightly increased due to reading from file instead of directly from RestoreArgs.
  warnings.warn(
WARNING:absl:SaveArgs.aggregate is deprecated, please use custom TypeHandler (https://orbax.readthedocs.io/en/latest/custom_handlers.html#typehandler) or contact Orbax team to migrate before May 1st, 2024.
WARNING:absl:SaveArgs.aggregate is deprecated, please use custom TypeHandler (https://orbax.readthedocs.io/en/latest/custom_handlers.html#typehandler) or contact Orbax team to migrate before May 1st, 2024.
WARNING:absl:SaveArgs.aggregate is deprecated, please use custom TypeHandler (https://orbax.readthedocs.io/en/latest/custom_handlers.html#typehandler) or contact Orbax team to migrate before May 1st, 2024.
WARNING:absl:SaveArgs.aggregate is deprecated, please use custom TypeHandler (https://orbax.readthedocs.io/en/latest/custom_handlers.html#typehandler) or contact Orbax team to migrate before May 1st, 2024.
WARNING:absl:SaveArgs.aggregate is deprecated, please use custom TypeHandler (https://orbax.readthedocs.io/en/latest/custom_handlers.html#typehandler) or contact Orbax team to migrate before May 1st, 2024.
WARNING:absl:SaveArgs.aggregate is deprecated, please use custom TypeHandler (https://orbax.readthedocs.io/en/latest/custom_handlers.html#typehandler) or contact Orbax team to migrate before May 1st, 2024.
WARNING:absl:SaveArgs.aggregate is deprecated, please use custom TypeHandler (https://orbax.readthedocs.io/en/latest/custom_handlers.html#typehandler) or contact Orbax team to migrate before May 1st, 2024.
WARNING:absl:SaveArgs.aggregate is deprecated, please use custom TypeHandler (https://orbax.readthedocs.io/en/latest/custom_handlers.html#typehandler) or contact Orbax team to migrate before May 1st, 2024.
WARNING:absl:SaveArgs.aggregate is deprecated, please use custom TypeHandler (https://orbax.readthedocs.io/en/latest/custom_handlers.html#typehandler) or contact Orbax team to migrate before May 1st, 2024.
WARNING:absl:SaveArgs.aggregate is deprecated, please use custom TypeHandler (https://orbax.readthedocs.io/en/latest/custom_handlers.html#typehandler) or contact Orbax team to migrate before May 1st, 2024.
WARNING:absl:SaveArgs.aggregate is deprecated, please use custom TypeHandler (https://orbax.readthedocs.io/en/latest/custom_handlers.html#typehandler) or contact Orbax team to migrate before May 1st, 2024.
/Users/shouryakaveti/VS_Projects/sparse-ppo-drl-research/.venv/lib/python3.12/site-packages/orbax/checkpoint/type_handlers.py:1475: UserWarning: Couldn't find sharding info under RestoreArgs. Populating sharding info from sharding file. Please note restoration time will be slightly increased due to reading from file instead of directly from RestoreArgs.
  warnings.warn(
WARNING:absl:SaveArgs.aggregate is deprecated, please use custom TypeHandler (https://orbax.readthedocs.io/en/latest/custom_handlers.html#typehandler) or contact Orbax team to migrate before May 1st, 2024.
WARNING:absl:SaveArgs.aggregate is deprecated, please use custom TypeHandler (https://orbax.readthedocs.io/en/latest/custom_handlers.html#typehandler) or contact Orbax team to migrate before May 1st, 2024.
WARNING:absl:SaveArgs.aggregate is deprecated, please use custom TypeHandler (https://orbax.readthedocs.io/en/latest/custom_handlers.html#typehandler) or contact Orbax team to migrate before May 1st, 2024.
WARNING:absl:SaveArgs.aggregate is deprecated, please use custom TypeHandler (https://orbax.readthedocs.io/en/latest/custom_handlers.html#typehandler) or contact Orbax team to migrate before May 1st, 2024.
WARNING:absl:SaveArgs.aggregate is deprecated, please use custom TypeHandler (https://orbax.readthedocs.io/en/latest/custom_handlers.html#typehandler) or contact Orbax team to migrate before May 1st, 2024.
WARNING:absl:SaveArgs.aggregate is deprecated, please use custom TypeHandler (https://orbax.readthedocs.io/en/latest/custom_handlers.html#typehandler) or contact Orbax team to migrate before May 1st, 2024.
WARNING:absl:SaveArgs.aggregate is deprecated, please use custom TypeHandler (https://orbax.readthedocs.io/en/latest/custom_handlers.html#typehandler) or contact Orbax team to migrate before May 1st, 2024.
WARNING:absl:SaveArgs.aggregate is deprecated, please use custom TypeHandler (https://orbax.readthedocs.io/en/latest/custom_handlers.html#typehandler) or contact Orbax team to migrate before May 1st, 2024.
WARNING:absl:SaveArgs.aggregate is deprecated, please use custom TypeHandler (https://orbax.readthedocs.io/en/latest/custom_handlers.html#typehandler) or contact Orbax team to migrate before May 1st, 2024.
WARNING:absl:SaveArgs.aggregate is deprecated, please use custom TypeHandler (https://orbax.readthedocs.io/en/latest/custom_handlers.html#typehandler) or contact Orbax team to migrate before May 1st, 2024.
WARNING:absl:SaveArgs.aggregate is deprecated, please use custom TypeHandler (https://orbax.readthedocs.io/en/latest/custom_handlers.html#typehandler) or contact Orbax team to migrate before May 1st, 2024.
/Users/shouryakaveti/VS_Projects/sparse-ppo-drl-research/.venv/lib/python3.12/site-packages/orbax/checkpoint/type_handlers.py:1475: UserWarning: Couldn't find sharding info under RestoreArgs. Populating sharding info from sharding file. Please note restoration time will be slightly increased due to reading from file instead of directly from RestoreArgs.
  warnings.warn(
WARNING:absl:SaveArgs.aggregate is deprecated, please use custom TypeHandler (https://orbax.readthedocs.io/en/latest/custom_handlers.html#typehandler) or contact Orbax team to migrate before May 1st, 2024.
WARNING:absl:SaveArgs.aggregate is deprecated, please use custom TypeHandler (https://orbax.readthedocs.io/en/latest/custom_handlers.html#typehandler) or contact Orbax team to migrate before May 1st, 2024.
WARNING:absl:SaveArgs.aggregate is deprecated, please use custom TypeHandler (https://orbax.readthedocs.io/en/latest/custom_handlers.html#typehandler) or contact Orbax team to migrate before May 1st, 2024.
WARNING:absl:SaveArgs.aggregate is deprecated, please use custom TypeHandler (https://orbax.readthedocs.io/en/latest/custom_handlers.html#typehandler) or contact Orbax team to migrate before May 1st, 2024.
WARNING:absl:SaveArgs.aggregate is deprecated, please use custom TypeHandler (https://orbax.readthedocs.io/en/latest/custom_handlers.html#typehandler) or contact Orbax team to migrate before May 1st, 2024.
WARNING:absl:SaveArgs.aggregate is deprecated, please use custom TypeHandler (https://orbax.readthedocs.io/en/latest/custom_handlers.html#typehandler) or contact Orbax team to migrate before May 1st, 2024.
WARNING:absl:SaveArgs.aggregate is deprecated, please use custom TypeHandler (https://orbax.readthedocs.io/en/latest/custom_handlers.html#typehandler) or contact Orbax team to migrate before May 1st, 2024.
WARNING:absl:SaveArgs.aggregate is deprecated, please use custom TypeHandler (https://orbax.readthedocs.io/en/latest/custom_handlers.html#typehandler) or contact Orbax team to migrate before May 1st, 2024.
WARNING:absl:SaveArgs.aggregate is deprecated, please use custom TypeHandler (https://orbax.readthedocs.io/en/latest/custom_handlers.html#typehandler) or contact Orbax team to migrate before May 1st, 2024.
WARNING:absl:SaveArgs.aggregate is deprecated, please use custom TypeHandler (https://orbax.readthedocs.io/en/latest/custom_handlers.html#typehandler) or contact Orbax team to migrate before May 1st, 2024.
WARNING:absl:SaveArgs.aggregate is deprecated, please use custom TypeHandler (https://orbax.readthedocs.io/en/latest/custom_handlers.html#typehandler) or contact Orbax team to migrate before May 1st, 2024.
/Users/shouryakaveti/VS_Projects/sparse-ppo-drl-research/.venv/lib/python3.12/site-packages/orbax/checkpoint/type_handlers.py:1475: UserWarning: Couldn't find sharding info under RestoreArgs. Populating sharding info from sharding file. Please note restoration time will be slightly increased due to reading from file instead of directly from RestoreArgs.
  warnings.warn(
ok
test_resume_is_bit_exact_for_each_suite (tests.test_exp12_foundations.ResumeExactnessTest.test_resume_is_bit_exact_for_each_suite) ... WARNING:absl:SaveArgs.aggregate is deprecated, please use custom TypeHandler (https://orbax.readthedocs.io/en/latest/custom_handlers.html#typehandler) or contact Orbax team to migrate before May 1st, 2024.
WARNING:absl:SaveArgs.aggregate is deprecated, please use custom TypeHandler (https://orbax.readthedocs.io/en/latest/custom_handlers.html#typehandler) or contact Orbax team to migrate before May 1st, 2024.
WARNING:absl:SaveArgs.aggregate is deprecated, please use custom TypeHandler (https://orbax.readthedocs.io/en/latest/custom_handlers.html#typehandler) or contact Orbax team to migrate before May 1st, 2024.
WARNING:absl:SaveArgs.aggregate is deprecated, please use custom TypeHandler (https://orbax.readthedocs.io/en/latest/custom_handlers.html#typehandler) or contact Orbax team to migrate before May 1st, 2024.
WARNING:absl:SaveArgs.aggregate is deprecated, please use custom TypeHandler (https://orbax.readthedocs.io/en/latest/custom_handlers.html#typehandler) or contact Orbax team to migrate before May 1st, 2024.
WARNING:absl:SaveArgs.aggregate is deprecated, please use custom TypeHandler (https://orbax.readthedocs.io/en/latest/custom_handlers.html#typehandler) or contact Orbax team to migrate before May 1st, 2024.
WARNING:absl:SaveArgs.aggregate is deprecated, please use custom TypeHandler (https://orbax.readthedocs.io/en/latest/custom_handlers.html#typehandler) or contact Orbax team to migrate before May 1st, 2024.
WARNING:absl:SaveArgs.aggregate is deprecated, please use custom TypeHandler (https://orbax.readthedocs.io/en/latest/custom_handlers.html#typehandler) or contact Orbax team to migrate before May 1st, 2024.
WARNING:absl:SaveArgs.aggregate is deprecated, please use custom TypeHandler (https://orbax.readthedocs.io/en/latest/custom_handlers.html#typehandler) or contact Orbax team to migrate before May 1st, 2024.
WARNING:absl:SaveArgs.aggregate is deprecated, please use custom TypeHandler (https://orbax.readthedocs.io/en/latest/custom_handlers.html#typehandler) or contact Orbax team to migrate before May 1st, 2024.
WARNING:absl:SaveArgs.aggregate is deprecated, please use custom TypeHandler (https://orbax.readthedocs.io/en/latest/custom_handlers.html#typehandler) or contact Orbax team to migrate before May 1st, 2024.
WARNING:absl:SaveArgs.aggregate is deprecated, please use custom TypeHandler (https://orbax.readthedocs.io/en/latest/custom_handlers.html#typehandler) or contact Orbax team to migrate before May 1st, 2024.
WARNING:absl:SaveArgs.aggregate is deprecated, please use custom TypeHandler (https://orbax.readthedocs.io/en/latest/custom_handlers.html#typehandler) or contact Orbax team to migrate before May 1st, 2024.
WARNING:absl:SaveArgs.aggregate is deprecated, please use custom TypeHandler (https://orbax.readthedocs.io/en/latest/custom_handlers.html#typehandler) or contact Orbax team to migrate before May 1st, 2024.
WARNING:absl:SaveArgs.aggregate is deprecated, please use custom TypeHandler (https://orbax.readthedocs.io/en/latest/custom_handlers.html#typehandler) or contact Orbax team to migrate before May 1st, 2024.
WARNING:absl:SaveArgs.aggregate is deprecated, please use custom TypeHandler (https://orbax.readthedocs.io/en/latest/custom_handlers.html#typehandler) or contact Orbax team to migrate before May 1st, 2024.
WARNING:absl:SaveArgs.aggregate is deprecated, please use custom TypeHandler (https://orbax.readthedocs.io/en/latest/custom_handlers.html#typehandler) or contact Orbax team to migrate before May 1st, 2024.
WARNING:absl:SaveArgs.aggregate is deprecated, please use custom TypeHandler (https://orbax.readthedocs.io/en/latest/custom_handlers.html#typehandler) or contact Orbax team to migrate before May 1st, 2024.
WARNING:absl:SaveArgs.aggregate is deprecated, please use custom TypeHandler (https://orbax.readthedocs.io/en/latest/custom_handlers.html#typehandler) or contact Orbax team to migrate before May 1st, 2024.
WARNING:absl:SaveArgs.aggregate is deprecated, please use custom TypeHandler (https://orbax.readthedocs.io/en/latest/custom_handlers.html#typehandler) or contact Orbax team to migrate before May 1st, 2024.
WARNING:absl:SaveArgs.aggregate is deprecated, please use custom TypeHandler (https://orbax.readthedocs.io/en/latest/custom_handlers.html#typehandler) or contact Orbax team to migrate before May 1st, 2024.
WARNING:absl:SaveArgs.aggregate is deprecated, please use custom TypeHandler (https://orbax.readthedocs.io/en/latest/custom_handlers.html#typehandler) or contact Orbax team to migrate before May 1st, 2024.
WARNING:absl:SaveArgs.aggregate is deprecated, please use custom TypeHandler (https://orbax.readthedocs.io/en/latest/custom_handlers.html#typehandler) or contact Orbax team to migrate before May 1st, 2024.
/Users/shouryakaveti/VS_Projects/sparse-ppo-drl-research/.venv/lib/python3.12/site-packages/orbax/checkpoint/type_handlers.py:1475: UserWarning: Couldn't find sharding info under RestoreArgs. Populating sharding info from sharding file. Please note restoration time will be slightly increased due to reading from file instead of directly from RestoreArgs.
  warnings.warn(
WARNING:absl:SaveArgs.aggregate is deprecated, please use custom TypeHandler (https://orbax.readthedocs.io/en/latest/custom_handlers.html#typehandler) or contact Orbax team to migrate before May 1st, 2024.
WARNING:absl:SaveArgs.aggregate is deprecated, please use custom TypeHandler (https://orbax.readthedocs.io/en/latest/custom_handlers.html#typehandler) or contact Orbax team to migrate before May 1st, 2024.
WARNING:absl:SaveArgs.aggregate is deprecated, please use custom TypeHandler (https://orbax.readthedocs.io/en/latest/custom_handlers.html#typehandler) or contact Orbax team to migrate before May 1st, 2024.
WARNING:absl:SaveArgs.aggregate is deprecated, please use custom TypeHandler (https://orbax.readthedocs.io/en/latest/custom_handlers.html#typehandler) or contact Orbax team to migrate before May 1st, 2024.
WARNING:absl:SaveArgs.aggregate is deprecated, please use custom TypeHandler (https://orbax.readthedocs.io/en/latest/custom_handlers.html#typehandler) or contact Orbax team to migrate before May 1st, 2024.
WARNING:absl:SaveArgs.aggregate is deprecated, please use custom TypeHandler (https://orbax.readthedocs.io/en/latest/custom_handlers.html#typehandler) or contact Orbax team to migrate before May 1st, 2024.
WARNING:absl:SaveArgs.aggregate is deprecated, please use custom TypeHandler (https://orbax.readthedocs.io/en/latest/custom_handlers.html#typehandler) or contact Orbax team to migrate before May 1st, 2024.
WARNING:absl:SaveArgs.aggregate is deprecated, please use custom TypeHandler (https://orbax.readthedocs.io/en/latest/custom_handlers.html#typehandler) or contact Orbax team to migrate before May 1st, 2024.
WARNING:absl:SaveArgs.aggregate is deprecated, please use custom TypeHandler (https://orbax.readthedocs.io/en/latest/custom_handlers.html#typehandler) or contact Orbax team to migrate before May 1st, 2024.
WARNING:absl:SaveArgs.aggregate is deprecated, please use custom TypeHandler (https://orbax.readthedocs.io/en/latest/custom_handlers.html#typehandler) or contact Orbax team to migrate before May 1st, 2024.
WARNING:absl:SaveArgs.aggregate is deprecated, please use custom TypeHandler (https://orbax.readthedocs.io/en/latest/custom_handlers.html#typehandler) or contact Orbax team to migrate before May 1st, 2024.
/Users/shouryakaveti/VS_Projects/sparse-ppo-drl-research/.venv/lib/python3.12/site-packages/orbax/checkpoint/type_handlers.py:1475: UserWarning: Couldn't find sharding info under RestoreArgs. Populating sharding info from sharding file. Please note restoration time will be slightly increased due to reading from file instead of directly from RestoreArgs.
  warnings.warn(
WARNING:absl:SaveArgs.aggregate is deprecated, please use custom TypeHandler (https://orbax.readthedocs.io/en/latest/custom_handlers.html#typehandler) or contact Orbax team to migrate before May 1st, 2024.
WARNING:absl:SaveArgs.aggregate is deprecated, please use custom TypeHandler (https://orbax.readthedocs.io/en/latest/custom_handlers.html#typehandler) or contact Orbax team to migrate before May 1st, 2024.
WARNING:absl:SaveArgs.aggregate is deprecated, please use custom TypeHandler (https://orbax.readthedocs.io/en/latest/custom_handlers.html#typehandler) or contact Orbax team to migrate before May 1st, 2024.
WARNING:absl:SaveArgs.aggregate is deprecated, please use custom TypeHandler (https://orbax.readthedocs.io/en/latest/custom_handlers.html#typehandler) or contact Orbax team to migrate before May 1st, 2024.
WARNING:absl:SaveArgs.aggregate is deprecated, please use custom TypeHandler (https://orbax.readthedocs.io/en/latest/custom_handlers.html#typehandler) or contact Orbax team to migrate before May 1st, 2024.
WARNING:absl:SaveArgs.aggregate is deprecated, please use custom TypeHandler (https://orbax.readthedocs.io/en/latest/custom_handlers.html#typehandler) or contact Orbax team to migrate before May 1st, 2024.
WARNING:absl:SaveArgs.aggregate is deprecated, please use custom TypeHandler (https://orbax.readthedocs.io/en/latest/custom_handlers.html#typehandler) or contact Orbax team to migrate before May 1st, 2024.
WARNING:absl:SaveArgs.aggregate is deprecated, please use custom TypeHandler (https://orbax.readthedocs.io/en/latest/custom_handlers.html#typehandler) or contact Orbax team to migrate before May 1st, 2024.
WARNING:absl:SaveArgs.aggregate is deprecated, please use custom TypeHandler (https://orbax.readthedocs.io/en/latest/custom_handlers.html#typehandler) or contact Orbax team to migrate before May 1st, 2024.
WARNING:absl:SaveArgs.aggregate is deprecated, please use custom TypeHandler (https://orbax.readthedocs.io/en/latest/custom_handlers.html#typehandler) or contact Orbax team to migrate before May 1st, 2024.
WARNING:absl:SaveArgs.aggregate is deprecated, please use custom TypeHandler (https://orbax.readthedocs.io/en/latest/custom_handlers.html#typehandler) or contact Orbax team to migrate before May 1st, 2024.
/Users/shouryakaveti/VS_Projects/sparse-ppo-drl-research/.venv/lib/python3.12/site-packages/orbax/checkpoint/type_handlers.py:1475: UserWarning: Couldn't find sharding info under RestoreArgs. Populating sharding info from sharding file. Please note restoration time will be slightly increased due to reading from file instead of directly from RestoreArgs.
  warnings.warn(
WARNING:absl:SaveArgs.aggregate is deprecated, please use custom TypeHandler (https://orbax.readthedocs.io/en/latest/custom_handlers.html#typehandler) or contact Orbax team to migrate before May 1st, 2024.
WARNING:absl:SaveArgs.aggregate is deprecated, please use custom TypeHandler (https://orbax.readthedocs.io/en/latest/custom_handlers.html#typehandler) or contact Orbax team to migrate before May 1st, 2024.
WARNING:absl:SaveArgs.aggregate is deprecated, please use custom TypeHandler (https://orbax.readthedocs.io/en/latest/custom_handlers.html#typehandler) or contact Orbax team to migrate before May 1st, 2024.
WARNING:absl:SaveArgs.aggregate is deprecated, please use custom TypeHandler (https://orbax.readthedocs.io/en/latest/custom_handlers.html#typehandler) or contact Orbax team to migrate before May 1st, 2024.
WARNING:absl:SaveArgs.aggregate is deprecated, please use custom TypeHandler (https://orbax.readthedocs.io/en/latest/custom_handlers.html#typehandler) or contact Orbax team to migrate before May 1st, 2024.
WARNING:absl:SaveArgs.aggregate is deprecated, please use custom TypeHandler (https://orbax.readthedocs.io/en/latest/custom_handlers.html#typehandler) or contact Orbax team to migrate before May 1st, 2024.
WARNING:absl:SaveArgs.aggregate is deprecated, please use custom TypeHandler (https://orbax.readthedocs.io/en/latest/custom_handlers.html#typehandler) or contact Orbax team to migrate before May 1st, 2024.
WARNING:absl:SaveArgs.aggregate is deprecated, please use custom TypeHandler (https://orbax.readthedocs.io/en/latest/custom_handlers.html#typehandler) or contact Orbax team to migrate before May 1st, 2024.
WARNING:absl:SaveArgs.aggregate is deprecated, please use custom TypeHandler (https://orbax.readthedocs.io/en/latest/custom_handlers.html#typehandler) or contact Orbax team to migrate before May 1st, 2024.
WARNING:absl:SaveArgs.aggregate is deprecated, please use custom TypeHandler (https://orbax.readthedocs.io/en/latest/custom_handlers.html#typehandler) or contact Orbax team to migrate before May 1st, 2024.
WARNING:absl:SaveArgs.aggregate is deprecated, please use custom TypeHandler (https://orbax.readthedocs.io/en/latest/custom_handlers.html#typehandler) or contact Orbax team to migrate before May 1st, 2024.
/Users/shouryakaveti/VS_Projects/sparse-ppo-drl-research/.venv/lib/python3.12/site-packages/orbax/checkpoint/type_handlers.py:1475: UserWarning: Couldn't find sharding info under RestoreArgs. Populating sharding info from sharding file. Please note restoration time will be slightly increased due to reading from file instead of directly from RestoreArgs.
  warnings.warn(
/Users/shouryakaveti/VS_Projects/sparse-ppo-drl-research/.venv/lib/python3.12/site-packages/gymnasium/spaces/box.py:234: UserWarning: [33mWARN: Box low's precision lowered by casting to float32, current low.dtype=float64[0m
  gym.logger.warn(
/Users/shouryakaveti/VS_Projects/sparse-ppo-drl-research/.venv/lib/python3.12/site-packages/gymnasium/spaces/box.py:304: UserWarning: [33mWARN: Box high's precision lowered by casting to float32, current high.dtype=float64[0m
  gym.logger.warn(
WARNING:absl:SaveArgs.aggregate is deprecated, please use custom TypeHandler (https://orbax.readthedocs.io/en/latest/custom_handlers.html#typehandler) or contact Orbax team to migrate before May 1st, 2024.
WARNING:absl:SaveArgs.aggregate is deprecated, please use custom TypeHandler (https://orbax.readthedocs.io/en/latest/custom_handlers.html#typehandler) or contact Orbax team to migrate before May 1st, 2024.
WARNING:absl:SaveArgs.aggregate is deprecated, please use custom TypeHandler (https://orbax.readthedocs.io/en/latest/custom_handlers.html#typehandler) or contact Orbax team to migrate before May 1st, 2024.
WARNING:absl:SaveArgs.aggregate is deprecated, please use custom TypeHandler (https://orbax.readthedocs.io/en/latest/custom_handlers.html#typehandler) or contact Orbax team to migrate before May 1st, 2024.
WARNING:absl:SaveArgs.aggregate is deprecated, please use custom TypeHandler (https://orbax.readthedocs.io/en/latest/custom_handlers.html#typehandler) or contact Orbax team to migrate before May 1st, 2024.
WARNING:absl:SaveArgs.aggregate is deprecated, please use custom TypeHandler (https://orbax.readthedocs.io/en/latest/custom_handlers.html#typehandler) or contact Orbax team to migrate before May 1st, 2024.
WARNING:absl:SaveArgs.aggregate is deprecated, please use custom TypeHandler (https://orbax.readthedocs.io/en/latest/custom_handlers.html#typehandler) or contact Orbax team to migrate before May 1st, 2024.
WARNING:absl:SaveArgs.aggregate is deprecated, please use custom TypeHandler (https://orbax.readthedocs.io/en/latest/custom_handlers.html#typehandler) or contact Orbax team to migrate before May 1st, 2024.
WARNING:absl:SaveArgs.aggregate is deprecated, please use custom TypeHandler (https://orbax.readthedocs.io/en/latest/custom_handlers.html#typehandler) or contact Orbax team to migrate before May 1st, 2024.
WARNING:absl:SaveArgs.aggregate is deprecated, please use custom TypeHandler (https://orbax.readthedocs.io/en/latest/custom_handlers.html#typehandler) or contact Orbax team to migrate before May 1st, 2024.
WARNING:absl:SaveArgs.aggregate is deprecated, please use custom TypeHandler (https://orbax.readthedocs.io/en/latest/custom_handlers.html#typehandler) or contact Orbax team to migrate before May 1st, 2024.
/Users/shouryakaveti/VS_Projects/sparse-ppo-drl-research/.venv/lib/python3.12/site-packages/gymnasium/spaces/box.py:234: UserWarning: [33mWARN: Box low's precision lowered by casting to float32, current low.dtype=float64[0m
  gym.logger.warn(
/Users/shouryakaveti/VS_Projects/sparse-ppo-drl-research/.venv/lib/python3.12/site-packages/gymnasium/spaces/box.py:304: UserWarning: [33mWARN: Box high's precision lowered by casting to float32, current high.dtype=float64[0m
  gym.logger.warn(
WARNING:absl:SaveArgs.aggregate is deprecated, please use custom TypeHandler (https://orbax.readthedocs.io/en/latest/custom_handlers.html#typehandler) or contact Orbax team to migrate before May 1st, 2024.
WARNING:absl:SaveArgs.aggregate is deprecated, please use custom TypeHandler (https://orbax.readthedocs.io/en/latest/custom_handlers.html#typehandler) or contact Orbax team to migrate before May 1st, 2024.
WARNING:absl:SaveArgs.aggregate is deprecated, please use custom TypeHandler (https://orbax.readthedocs.io/en/latest/custom_handlers.html#typehandler) or contact Orbax team to migrate before May 1st, 2024.
WARNING:absl:SaveArgs.aggregate is deprecated, please use custom TypeHandler (https://orbax.readthedocs.io/en/latest/custom_handlers.html#typehandler) or contact Orbax team to migrate before May 1st, 2024.
WARNING:absl:SaveArgs.aggregate is deprecated, please use custom TypeHandler (https://orbax.readthedocs.io/en/latest/custom_handlers.html#typehandler) or contact Orbax team to migrate before May 1st, 2024.
WARNING:absl:SaveArgs.aggregate is deprecated, please use custom TypeHandler (https://orbax.readthedocs.io/en/latest/custom_handlers.html#typehandler) or contact Orbax team to migrate before May 1st, 2024.
WARNING:absl:SaveArgs.aggregate is deprecated, please use custom TypeHandler (https://orbax.readthedocs.io/en/latest/custom_handlers.html#typehandler) or contact Orbax team to migrate before May 1st, 2024.
WARNING:absl:SaveArgs.aggregate is deprecated, please use custom TypeHandler (https://orbax.readthedocs.io/en/latest/custom_handlers.html#typehandler) or contact Orbax team to migrate before May 1st, 2024.
WARNING:absl:SaveArgs.aggregate is deprecated, please use custom TypeHandler (https://orbax.readthedocs.io/en/latest/custom_handlers.html#typehandler) or contact Orbax team to migrate before May 1st, 2024.
WARNING:absl:SaveArgs.aggregate is deprecated, please use custom TypeHandler (https://orbax.readthedocs.io/en/latest/custom_handlers.html#typehandler) or contact Orbax team to migrate before May 1st, 2024.
WARNING:absl:SaveArgs.aggregate is deprecated, please use custom TypeHandler (https://orbax.readthedocs.io/en/latest/custom_handlers.html#typehandler) or contact Orbax team to migrate before May 1st, 2024.
WARNING:absl:SaveArgs.aggregate is deprecated, please use custom TypeHandler (https://orbax.readthedocs.io/en/latest/custom_handlers.html#typehandler) or contact Orbax team to migrate before May 1st, 2024.
/Users/shouryakaveti/VS_Projects/sparse-ppo-drl-research/.venv/lib/python3.12/site-packages/gymnasium/spaces/box.py:234: UserWarning: [33mWARN: Box low's precision lowered by casting to float32, current low.dtype=float64[0m
  gym.logger.warn(
/Users/shouryakaveti/VS_Projects/sparse-ppo-drl-research/.venv/lib/python3.12/site-packages/gymnasium/spaces/box.py:304: UserWarning: [33mWARN: Box high's precision lowered by casting to float32, current high.dtype=float64[0m
  gym.logger.warn(
/Users/shouryakaveti/VS_Projects/sparse-ppo-drl-research/.venv/lib/python3.12/site-packages/orbax/checkpoint/type_handlers.py:1475: UserWarning: Couldn't find sharding info under RestoreArgs. Populating sharding info from sharding file. Please note restoration time will be slightly increased due to reading from file instead of directly from RestoreArgs.
  warnings.warn(
WARNING:absl:SaveArgs.aggregate is deprecated, please use custom TypeHandler (https://orbax.readthedocs.io/en/latest/custom_handlers.html#typehandler) or contact Orbax team to migrate before May 1st, 2024.
WARNING:absl:SaveArgs.aggregate is deprecated, please use custom TypeHandler (https://orbax.readthedocs.io/en/latest/custom_handlers.html#typehandler) or contact Orbax team to migrate before May 1st, 2024.
WARNING:absl:SaveArgs.aggregate is deprecated, please use custom TypeHandler (https://orbax.readthedocs.io/en/latest/custom_handlers.html#typehandler) or contact Orbax team to migrate before May 1st, 2024.
WARNING:absl:SaveArgs.aggregate is deprecated, please use custom TypeHandler (https://orbax.readthedocs.io/en/latest/custom_handlers.html#typehandler) or contact Orbax team to migrate before May 1st, 2024.
WARNING:absl:SaveArgs.aggregate is deprecated, please use custom TypeHandler (https://orbax.readthedocs.io/en/latest/custom_handlers.html#typehandler) or contact Orbax team to migrate before May 1st, 2024.
WARNING:absl:SaveArgs.aggregate is deprecated, please use custom TypeHandler (https://orbax.readthedocs.io/en/latest/custom_handlers.html#typehandler) or contact Orbax team to migrate before May 1st, 2024.
WARNING:absl:SaveArgs.aggregate is deprecated, please use custom TypeHandler (https://orbax.readthedocs.io/en/latest/custom_handlers.html#typehandler) or contact Orbax team to migrate before May 1st, 2024.
WARNING:absl:SaveArgs.aggregate is deprecated, please use custom TypeHandler (https://orbax.readthedocs.io/en/latest/custom_handlers.html#typehandler) or contact Orbax team to migrate before May 1st, 2024.
WARNING:absl:SaveArgs.aggregate is deprecated, please use custom TypeHandler (https://orbax.readthedocs.io/en/latest/custom_handlers.html#typehandler) or contact Orbax team to migrate before May 1st, 2024.
WARNING:absl:SaveArgs.aggregate is deprecated, please use custom TypeHandler (https://orbax.readthedocs.io/en/latest/custom_handlers.html#typehandler) or contact Orbax team to migrate before May 1st, 2024.
WARNING:absl:SaveArgs.aggregate is deprecated, please use custom TypeHandler (https://orbax.readthedocs.io/en/latest/custom_handlers.html#typehandler) or contact Orbax team to migrate before May 1st, 2024.
/Users/shouryakaveti/VS_Projects/sparse-ppo-drl-research/.venv/lib/python3.12/site-packages/orbax/checkpoint/type_handlers.py:1475: UserWarning: Couldn't find sharding info under RestoreArgs. Populating sharding info from sharding file. Please note restoration time will be slightly increased due to reading from file instead of directly from RestoreArgs.
  warnings.warn(
/Users/shouryakaveti/VS_Projects/sparse-ppo-drl-research/.venv/lib/python3.12/site-packages/gymnasium/spaces/box.py:234: UserWarning: [33mWARN: Box low's precision lowered by casting to float32, current low.dtype=float64[0m
  gym.logger.warn(
/Users/shouryakaveti/VS_Projects/sparse-ppo-drl-research/.venv/lib/python3.12/site-packages/gymnasium/spaces/box.py:304: UserWarning: [33mWARN: Box high's precision lowered by casting to float32, current high.dtype=float64[0m
  gym.logger.warn(
WARNING:absl:SaveArgs.aggregate is deprecated, please use custom TypeHandler (https://orbax.readthedocs.io/en/latest/custom_handlers.html#typehandler) or contact Orbax team to migrate before May 1st, 2024.
WARNING:absl:SaveArgs.aggregate is deprecated, please use custom TypeHandler (https://orbax.readthedocs.io/en/latest/custom_handlers.html#typehandler) or contact Orbax team to migrate before May 1st, 2024.
WARNING:absl:SaveArgs.aggregate is deprecated, please use custom TypeHandler (https://orbax.readthedocs.io/en/latest/custom_handlers.html#typehandler) or contact Orbax team to migrate before May 1st, 2024.
WARNING:absl:SaveArgs.aggregate is deprecated, please use custom TypeHandler (https://orbax.readthedocs.io/en/latest/custom_handlers.html#typehandler) or contact Orbax team to migrate before May 1st, 2024.
WARNING:absl:SaveArgs.aggregate is deprecated, please use custom TypeHandler (https://orbax.readthedocs.io/en/latest/custom_handlers.html#typehandler) or contact Orbax team to migrate before May 1st, 2024.
WARNING:absl:SaveArgs.aggregate is deprecated, please use custom TypeHandler (https://orbax.readthedocs.io/en/latest/custom_handlers.html#typehandler) or contact Orbax team to migrate before May 1st, 2024.
WARNING:absl:SaveArgs.aggregate is deprecated, please use custom TypeHandler (https://orbax.readthedocs.io/en/latest/custom_handlers.html#typehandler) or contact Orbax team to migrate before May 1st, 2024.
WARNING:absl:SaveArgs.aggregate is deprecated, please use custom TypeHandler (https://orbax.readthedocs.io/en/latest/custom_handlers.html#typehandler) or contact Orbax team to migrate before May 1st, 2024.
WARNING:absl:SaveArgs.aggregate is deprecated, please use custom TypeHandler (https://orbax.readthedocs.io/en/latest/custom_handlers.html#typehandler) or contact Orbax team to migrate before May 1st, 2024.
WARNING:absl:SaveArgs.aggregate is deprecated, please use custom TypeHandler (https://orbax.readthedocs.io/en/latest/custom_handlers.html#typehandler) or contact Orbax team to migrate before May 1st, 2024.
WARNING:absl:SaveArgs.aggregate is deprecated, please use custom TypeHandler (https://orbax.readthedocs.io/en/latest/custom_handlers.html#typehandler) or contact Orbax team to migrate before May 1st, 2024.
/Users/shouryakaveti/VS_Projects/sparse-ppo-drl-research/.venv/lib/python3.12/site-packages/gymnasium/spaces/box.py:234: UserWarning: [33mWARN: Box low's precision lowered by casting to float32, current low.dtype=float64[0m
  gym.logger.warn(
/Users/shouryakaveti/VS_Projects/sparse-ppo-drl-research/.venv/lib/python3.12/site-packages/gymnasium/spaces/box.py:304: UserWarning: [33mWARN: Box high's precision lowered by casting to float32, current high.dtype=float64[0m
  gym.logger.warn(
/Users/shouryakaveti/VS_Projects/sparse-ppo-drl-research/.venv/lib/python3.12/site-packages/orbax/checkpoint/type_handlers.py:1475: UserWarning: Couldn't find sharding info under RestoreArgs. Populating sharding info from sharding file. Please note restoration time will be slightly increased due to reading from file instead of directly from RestoreArgs.
  warnings.warn(
WARNING:absl:SaveArgs.aggregate is deprecated, please use custom TypeHandler (https://orbax.readthedocs.io/en/latest/custom_handlers.html#typehandler) or contact Orbax team to migrate before May 1st, 2024.
WARNING:absl:SaveArgs.aggregate is deprecated, please use custom TypeHandler (https://orbax.readthedocs.io/en/latest/custom_handlers.html#typehandler) or contact Orbax team to migrate before May 1st, 2024.
WARNING:absl:SaveArgs.aggregate is deprecated, please use custom TypeHandler (https://orbax.readthedocs.io/en/latest/custom_handlers.html#typehandler) or contact Orbax team to migrate before May 1st, 2024.
WARNING:absl:SaveArgs.aggregate is deprecated, please use custom TypeHandler (https://orbax.readthedocs.io/en/latest/custom_handlers.html#typehandler) or contact Orbax team to migrate before May 1st, 2024.
WARNING:absl:SaveArgs.aggregate is deprecated, please use custom TypeHandler (https://orbax.readthedocs.io/en/latest/custom_handlers.html#typehandler) or contact Orbax team to migrate before May 1st, 2024.
WARNING:absl:SaveArgs.aggregate is deprecated, please use custom TypeHandler (https://orbax.readthedocs.io/en/latest/custom_handlers.html#typehandler) or contact Orbax team to migrate before May 1st, 2024.
WARNING:absl:SaveArgs.aggregate is deprecated, please use custom TypeHandler (https://orbax.readthedocs.io/en/latest/custom_handlers.html#typehandler) or contact Orbax team to migrate before May 1st, 2024.
WARNING:absl:SaveArgs.aggregate is deprecated, please use custom TypeHandler (https://orbax.readthedocs.io/en/latest/custom_handlers.html#typehandler) or contact Orbax team to migrate before May 1st, 2024.
WARNING:absl:SaveArgs.aggregate is deprecated, please use custom TypeHandler (https://orbax.readthedocs.io/en/latest/custom_handlers.html#typehandler) or contact Orbax team to migrate before May 1st, 2024.
WARNING:absl:SaveArgs.aggregate is deprecated, please use custom TypeHandler (https://orbax.readthedocs.io/en/latest/custom_handlers.html#typehandler) or contact Orbax team to migrate before May 1st, 2024.
WARNING:absl:SaveArgs.aggregate is deprecated, please use custom TypeHandler (https://orbax.readthedocs.io/en/latest/custom_handlers.html#typehandler) or contact Orbax team to migrate before May 1st, 2024.
/Users/shouryakaveti/VS_Projects/sparse-ppo-drl-research/.venv/lib/python3.12/site-packages/orbax/checkpoint/type_handlers.py:1475: UserWarning: Couldn't find sharding info under RestoreArgs. Populating sharding info from sharding file. Please note restoration time will be slightly increased due to reading from file instead of directly from RestoreArgs.
  warnings.warn(
ok
test_random_until_min_length_then_policy (tests.test_exp12_foundations.SimbaRandomWarmupTest.test_random_until_min_length_then_policy) ... ok
test_actual_shell_exit_propagates_required_failures (tests.test_exp12_hb_qualification.HbQualificationTest.test_actual_shell_exit_propagates_required_failures) ... ok
test_complete_bookkeeping_passes (tests.test_exp12_hb_qualification.HbQualificationTest.test_complete_bookkeeping_passes) ... ok
test_each_required_failure_and_timeout_propagates (tests.test_exp12_hb_qualification.HbQualificationTest.test_each_required_failure_and_timeout_propagates) ... ok
test_environment_contract (tests.test_exp12_hb_qualification.HbQualificationTest.test_environment_contract) ... ok
test_identity_requires_pass_and_both_1000_step_snapshots (tests.test_exp12_hb_qualification.HbQualificationTest.test_identity_requires_pass_and_both_1000_step_snapshots) ... ok
test_missing_duplicate_and_extra_steps_fail (tests.test_exp12_hb_qualification.HbQualificationTest.test_missing_duplicate_and_extra_steps_fail) ... ok
test_missing_nonfinite_and_duplicate_profile_values_fail (tests.test_exp12_hb_qualification.HbQualificationTest.test_missing_nonfinite_and_duplicate_profile_values_fail) ... ok
test_skips_and_no_tests_fail_qualification (tests.test_exp12_hb_qualification.HbQualificationTest.test_skips_and_no_tests_fail_qualification) ... ok
test_gradients_reach_earlier_blocks_through_the_frozen_head (tests.test_exp12_injection.InjectionInvariantsTest.test_gradients_reach_earlier_blocks_through_the_frozen_head) ... ok
test_head_boundary_per_label (tests.test_exp12_injection.InjectionInvariantsTest.test_head_boundary_per_label) ... ok
test_new_copies_identical_and_freshly_initialised (tests.test_exp12_injection.InjectionInvariantsTest.test_new_copies_identical_and_freshly_initialised) ... ok
test_optimizer_state_rules (tests.test_exp12_injection.InjectionInvariantsTest.test_optimizer_state_rules) ... ok
test_parameter_counts (tests.test_exp12_injection.InjectionInvariantsTest.test_parameter_counts) ... ok
test_predictions_unchanged_bit_for_bit_and_action_gradients_within_dtype_tolerance (tests.test_exp12_injection.InjectionInvariantsTest.test_predictions_unchanged_bit_for_bit_and_action_gradients_within_dtype_tolerance) ... ok
test_target_injection_and_polyak (tests.test_exp12_injection.InjectionInvariantsTest.test_target_injection_and_polyak) ... ok
test_training_keeps_frozen_heads_bit_identical_and_moves_trainable_parts (tests.test_exp12_injection.InjectionInvariantsTest.test_training_keeps_frozen_heads_bit_identical_and_moves_trainable_parts) ... ok
test_arm_jobs_only_for_completed_forks_grouped_by_device (tests.test_exp12_manifest.Exp12GridTest.test_arm_jobs_only_for_completed_forks_grouped_by_device) ... ok
test_cli_writes_the_manifests (tests.test_exp12_manifest.Exp12GridTest.test_cli_writes_the_manifests) ... ok
test_done_and_resume_classification (tests.test_exp12_manifest.Exp12GridTest.test_done_and_resume_classification) ... ok
test_every_job_composes_with_the_methodology_budget (tests.test_exp12_manifest.Exp12GridTest.test_every_job_composes_with_the_methodology_budget) ... ok
test_manifests_never_share_a_checkpoint_dir (tests.test_exp12_manifest.Exp12GridTest.test_manifests_never_share_a_checkpoint_dir) ... ok
test_the_195_run_grid (tests.test_exp12_manifest.Exp12GridTest.test_the_195_run_grid) ... ok
test_claim_launcher_dry_run_on_exp12_manifests (tests.test_exp12_manifest.LauncherTest.test_claim_launcher_dry_run_on_exp12_manifests) ... ok
test_fail_when_the_architecture_does_not_fork (tests.test_exp12_manifest.PreflightTest.test_fail_when_the_architecture_does_not_fork) ... ok
test_pass_with_fork_and_injected_arm (tests.test_exp12_manifest.PreflightTest.test_pass_with_fork_and_injected_arm) ... ok
test_dense_and_layernorm_analytic_jacobian (tests.test_exp12_numpy_oracle.NumpyOracleTest.test_dense_and_layernorm_analytic_jacobian) ... ok
test_min_selection_and_tie_derivative (tests.test_exp12_numpy_oracle.NumpyOracleTest.test_min_selection_and_tie_derivative) ... ok
test_analysis_is_reproducible (tests.test_exp12_phase3.Exp1AnalysisTest.test_analysis_is_reproducible) ... /tmp/exp12-validation-deps/arch/bootstrap/base.py:402: FutureWarning: random_state is deprecated and will be removed in a future version. The default random number generator is changing to a NumPy Generator. To continue using RandomState, please directly pass a RandomState instance using the ``generator`` keyword argument.
  warnings.warn(
/tmp/exp12-validation-deps/arch/bootstrap/base.py:402: FutureWarning: random_state is deprecated and will be removed in a future version. The default random number generator is changing to a NumPy Generator. To continue using RandomState, please directly pass a RandomState instance using the ``generator`` keyword argument.
  warnings.warn(
/tmp/exp12-validation-deps/arch/bootstrap/base.py:402: FutureWarning: random_state is deprecated and will be removed in a future version. The default random number generator is changing to a NumPy Generator. To continue using RandomState, please directly pass a RandomState instance using the ``generator`` keyword argument.
  warnings.warn(
/tmp/exp12-validation-deps/arch/bootstrap/base.py:402: FutureWarning: random_state is deprecated and will be removed in a future version. The default random number generator is changing to a NumPy Generator. To continue using RandomState, please directly pass a RandomState instance using the ``generator`` keyword argument.
  warnings.warn(
ok
test_dev_runs_do_not_change_the_confirmatory_result (tests.test_exp12_phase3.Exp1AnalysisTest.test_dev_runs_do_not_change_the_confirmatory_result) ... /tmp/exp12-validation-deps/arch/bootstrap/base.py:402: FutureWarning: random_state is deprecated and will be removed in a future version. The default random number generator is changing to a NumPy Generator. To continue using RandomState, please directly pass a RandomState instance using the ``generator`` keyword argument.
  warnings.warn(
/tmp/exp12-validation-deps/arch/bootstrap/base.py:402: FutureWarning: random_state is deprecated and will be removed in a future version. The default random number generator is changing to a NumPy Generator. To continue using RandomState, please directly pass a RandomState instance using the ``generator`` keyword argument.
  warnings.warn(
/tmp/exp12-validation-deps/arch/bootstrap/base.py:402: FutureWarning: random_state is deprecated and will be removed in a future version. The default random number generator is changing to a NumPy Generator. To continue using RandomState, please directly pass a RandomState instance using the ``generator`` keyword argument.
  warnings.warn(
/tmp/exp12-validation-deps/arch/bootstrap/base.py:402: FutureWarning: random_state is deprecated and will be removed in a future version. The default random number generator is changing to a NumPy Generator. To continue using RandomState, please directly pass a RandomState instance using the ``generator`` keyword argument.
  warnings.warn(
ok
test_full_analysis_writes_outputs (tests.test_exp12_phase3.Exp1AnalysisTest.test_full_analysis_writes_outputs) ... /tmp/exp12-validation-deps/arch/bootstrap/base.py:402: FutureWarning: random_state is deprecated and will be removed in a future version. The default random number generator is changing to a NumPy Generator. To continue using RandomState, please directly pass a RandomState instance using the ``generator`` keyword argument.
  warnings.warn(
/tmp/exp12-validation-deps/arch/bootstrap/base.py:402: FutureWarning: random_state is deprecated and will be removed in a future version. The default random number generator is changing to a NumPy Generator. To continue using RandomState, please directly pass a RandomState instance using the ``generator`` keyword argument.
  warnings.warn(
/tmp/exp12-validation-deps/arch/bootstrap/base.py:402: FutureWarning: random_state is deprecated and will be removed in a future version. The default random number generator is changing to a NumPy Generator. To continue using RandomState, please directly pass a RandomState instance using the ``generator`` keyword argument.
  warnings.warn(
/tmp/exp12-validation-deps/arch/bootstrap/base.py:402: FutureWarning: random_state is deprecated and will be removed in a future version. The default random number generator is changing to a NumPy Generator. To continue using RandomState, please directly pass a RandomState instance using the ``generator`` keyword argument.
  warnings.warn(
/tmp/exp12-validation-deps/arch/bootstrap/base.py:402: FutureWarning: random_state is deprecated and will be removed in a future version. The default random number generator is changing to a NumPy Generator. To continue using RandomState, please directly pass a RandomState instance using the ``generator`` keyword argument.
  warnings.warn(
/tmp/exp12-validation-deps/arch/bootstrap/base.py:402: FutureWarning: random_state is deprecated and will be removed in a future version. The default random number generator is changing to a NumPy Generator. To continue using RandomState, please directly pass a RandomState instance using the ``generator`` keyword argument.
  warnings.warn(
/tmp/exp12-validation-deps/arch/bootstrap/base.py:402: FutureWarning: random_state is deprecated and will be removed in a future version. The default random number generator is changing to a NumPy Generator. To continue using RandomState, please directly pass a RandomState instance using the ``generator`` keyword argument.
  warnings.warn(
/tmp/exp12-validation-deps/arch/bootstrap/base.py:402: FutureWarning: random_state is deprecated and will be removed in a future version. The default random number generator is changing to a NumPy Generator. To continue using RandomState, please directly pass a RandomState instance using the ``generator`` keyword argument.
  warnings.warn(
/tmp/exp12-validation-deps/arch/bootstrap/base.py:402: FutureWarning: random_state is deprecated and will be removed in a future version. The default random number generator is changing to a NumPy Generator. To continue using RandomState, please directly pass a RandomState instance using the ``generator`` keyword argument.
  warnings.warn(
/tmp/exp12-validation-deps/arch/bootstrap/base.py:402: FutureWarning: random_state is deprecated and will be removed in a future version. The default random number generator is changing to a NumPy Generator. To continue using RandomState, please directly pass a RandomState instance using the ``generator`` keyword argument.
  warnings.warn(
/tmp/exp12-validation-deps/arch/bootstrap/base.py:402: FutureWarning: random_state is deprecated and will be removed in a future version. The default random number generator is changing to a NumPy Generator. To continue using RandomState, please directly pass a RandomState instance using the ``generator`` keyword argument.
  warnings.warn(
/tmp/exp12-validation-deps/arch/bootstrap/base.py:402: FutureWarning: random_state is deprecated and will be removed in a future version. The default random number generator is changing to a NumPy Generator. To continue using RandomState, please directly pass a RandomState instance using the ``generator`` keyword argument.
  warnings.warn(
/tmp/exp12-validation-deps/arch/bootstrap/base.py:402: FutureWarning: random_state is deprecated and will be removed in a future version. The default random number generator is changing to a NumPy Generator. To continue using RandomState, please directly pass a RandomState instance using the ``generator`` keyword argument.
  warnings.warn(
/tmp/exp12-validation-deps/arch/bootstrap/base.py:402: FutureWarning: random_state is deprecated and will be removed in a future version. The default random number generator is changing to a NumPy Generator. To continue using RandomState, please directly pass a RandomState instance using the ``generator`` keyword argument.
  warnings.warn(
/tmp/exp12-validation-deps/arch/bootstrap/base.py:402: FutureWarning: random_state is deprecated and will be removed in a future version. The default random number generator is changing to a NumPy Generator. To continue using RandomState, please directly pass a RandomState instance using the ``generator`` keyword argument.
  warnings.warn(
/tmp/exp12-validation-deps/arch/bootstrap/base.py:402: FutureWarning: random_state is deprecated and will be removed in a future version. The default random number generator is changing to a NumPy Generator. To continue using RandomState, please directly pass a RandomState instance using the ``generator`` keyword argument.
  warnings.warn(
/tmp/exp12-validation-deps/arch/bootstrap/base.py:402: FutureWarning: random_state is deprecated and will be removed in a future version. The default random number generator is changing to a NumPy Generator. To continue using RandomState, please directly pass a RandomState instance using the ``generator`` keyword argument.
  warnings.warn(
/tmp/exp12-validation-deps/arch/bootstrap/base.py:402: FutureWarning: random_state is deprecated and will be removed in a future version. The default random number generator is changing to a NumPy Generator. To continue using RandomState, please directly pass a RandomState instance using the ``generator`` keyword argument.
  warnings.warn(
/tmp/exp12-validation-deps/arch/bootstrap/base.py:402: FutureWarning: random_state is deprecated and will be removed in a future version. The default random number generator is changing to a NumPy Generator. To continue using RandomState, please directly pass a RandomState instance using the ``generator`` keyword argument.
  warnings.warn(
/tmp/exp12-validation-deps/arch/bootstrap/base.py:402: FutureWarning: random_state is deprecated and will be removed in a future version. The default random number generator is changing to a NumPy Generator. To continue using RandomState, please directly pass a RandomState instance using the ``generator`` keyword argument.
  warnings.warn(
/tmp/exp12-validation-deps/arch/bootstrap/base.py:402: FutureWarning: random_state is deprecated and will be removed in a future version. The default random number generator is changing to a NumPy Generator. To continue using RandomState, please directly pass a RandomState instance using the ``generator`` keyword argument.
  warnings.warn(
/tmp/exp12-validation-deps/arch/bootstrap/base.py:402: FutureWarning: random_state is deprecated and will be removed in a future version. The default random number generator is changing to a NumPy Generator. To continue using RandomState, please directly pass a RandomState instance using the ``generator`` keyword argument.
  warnings.warn(
/tmp/exp12-validation-deps/arch/bootstrap/base.py:402: FutureWarning: random_state is deprecated and will be removed in a future version. The default random number generator is changing to a NumPy Generator. To continue using RandomState, please directly pass a RandomState instance using the ``generator`` keyword argument.
  warnings.warn(
/tmp/exp12-validation-deps/arch/bootstrap/base.py:402: FutureWarning: random_state is deprecated and will be removed in a future version. The default random number generator is changing to a NumPy Generator. To continue using RandomState, please directly pass a RandomState instance using the ``generator`` keyword argument.
  warnings.warn(
/tmp/exp12-validation-deps/arch/bootstrap/base.py:402: FutureWarning: random_state is deprecated and will be removed in a future version. The default random number generator is changing to a NumPy Generator. To continue using RandomState, please directly pass a RandomState instance using the ``generator`` keyword argument.
  warnings.warn(
/tmp/exp12-validation-deps/arch/bootstrap/base.py:402: FutureWarning: random_state is deprecated and will be removed in a future version. The default random number generator is changing to a NumPy Generator. To continue using RandomState, please directly pass a RandomState instance using the ``generator`` keyword argument.
  warnings.warn(
/tmp/exp12-validation-deps/arch/bootstrap/base.py:402: FutureWarning: random_state is deprecated and will be removed in a future version. The default random number generator is changing to a NumPy Generator. To continue using RandomState, please directly pass a RandomState instance using the ``generator`` keyword argument.
  warnings.warn(
/tmp/exp12-validation-deps/arch/bootstrap/base.py:402: FutureWarning: random_state is deprecated and will be removed in a future version. The default random number generator is changing to a NumPy Generator. To continue using RandomState, please directly pass a RandomState instance using the ``generator`` keyword argument.
  warnings.warn(
/tmp/exp12-validation-deps/arch/bootstrap/base.py:402: FutureWarning: random_state is deprecated and will be removed in a future version. The default random number generator is changing to a NumPy Generator. To continue using RandomState, please directly pass a RandomState instance using the ``generator`` keyword argument.
  warnings.warn(
/tmp/exp12-validation-deps/arch/bootstrap/base.py:402: FutureWarning: random_state is deprecated and will be removed in a future version. The default random number generator is changing to a NumPy Generator. To continue using RandomState, please directly pass a RandomState instance using the ``generator`` keyword argument.
  warnings.warn(
/tmp/exp12-validation-deps/arch/bootstrap/base.py:402: FutureWarning: random_state is deprecated and will be removed in a future version. The default random number generator is changing to a NumPy Generator. To continue using RandomState, please directly pass a RandomState instance using the ``generator`` keyword argument.
  warnings.warn(
/tmp/exp12-validation-deps/arch/bootstrap/base.py:402: FutureWarning: random_state is deprecated and will be removed in a future version. The default random number generator is changing to a NumPy Generator. To continue using RandomState, please directly pass a RandomState instance using the ``generator`` keyword argument.
  warnings.warn(
/tmp/exp12-validation-deps/arch/bootstrap/base.py:402: FutureWarning: random_state is deprecated and will be removed in a future version. The default random number generator is changing to a NumPy Generator. To continue using RandomState, please directly pass a RandomState instance using the ``generator`` keyword argument.
  warnings.warn(
/tmp/exp12-validation-deps/arch/bootstrap/base.py:402: FutureWarning: random_state is deprecated and will be removed in a future version. The default random number generator is changing to a NumPy Generator. To continue using RandomState, please directly pass a RandomState instance using the ``generator`` keyword argument.
  warnings.warn(
/tmp/exp12-validation-deps/arch/bootstrap/base.py:402: FutureWarning: random_state is deprecated and will be removed in a future version. The default random number generator is changing to a NumPy Generator. To continue using RandomState, please directly pass a RandomState instance using the ``generator`` keyword argument.
  warnings.warn(
/tmp/exp12-validation-deps/arch/bootstrap/base.py:402: FutureWarning: random_state is deprecated and will be removed in a future version. The default random number generator is changing to a NumPy Generator. To continue using RandomState, please directly pass a RandomState instance using the ``generator`` keyword argument.
  warnings.warn(
/tmp/exp12-validation-deps/arch/bootstrap/base.py:402: FutureWarning: random_state is deprecated and will be removed in a future version. The default random number generator is changing to a NumPy Generator. To continue using RandomState, please directly pass a RandomState instance using the ``generator`` keyword argument.
  warnings.warn(
/tmp/exp12-validation-deps/arch/bootstrap/base.py:402: FutureWarning: random_state is deprecated and will be removed in a future version. The default random number generator is changing to a NumPy Generator. To continue using RandomState, please directly pass a RandomState instance using the ``generator`` keyword argument.
  warnings.warn(
/tmp/exp12-validation-deps/arch/bootstrap/base.py:402: FutureWarning: random_state is deprecated and will be removed in a future version. The default random number generator is changing to a NumPy Generator. To continue using RandomState, please directly pass a RandomState instance using the ``generator`` keyword argument.
  warnings.warn(
/tmp/exp12-validation-deps/arch/bootstrap/base.py:402: FutureWarning: random_state is deprecated and will be removed in a future version. The default random number generator is changing to a NumPy Generator. To continue using RandomState, please directly pass a RandomState instance using the ``generator`` keyword argument.
  warnings.warn(
/tmp/exp12-validation-deps/arch/bootstrap/base.py:402: FutureWarning: random_state is deprecated and will be removed in a future version. The default random number generator is changing to a NumPy Generator. To continue using RandomState, please directly pass a RandomState instance using the ``generator`` keyword argument.
  warnings.warn(
/tmp/exp12-validation-deps/arch/bootstrap/base.py:402: FutureWarning: random_state is deprecated and will be removed in a future version. The default random number generator is changing to a NumPy Generator. To continue using RandomState, please directly pass a RandomState instance using the ``generator`` keyword argument.
  warnings.warn(
/tmp/exp12-validation-deps/arch/bootstrap/base.py:402: FutureWarning: random_state is deprecated and will be removed in a future version. The default random number generator is changing to a NumPy Generator. To continue using RandomState, please directly pass a RandomState instance using the ``generator`` keyword argument.
  warnings.warn(
/tmp/exp12-validation-deps/arch/bootstrap/base.py:402: FutureWarning: random_state is deprecated and will be removed in a future version. The default random number generator is changing to a NumPy Generator. To continue using RandomState, please directly pass a RandomState instance using the ``generator`` keyword argument.
  warnings.warn(
/tmp/exp12-validation-deps/arch/bootstrap/base.py:402: FutureWarning: random_state is deprecated and will be removed in a future version. The default random number generator is changing to a NumPy Generator. To continue using RandomState, please directly pass a RandomState instance using the ``generator`` keyword argument.
  warnings.warn(
/tmp/exp12-validation-deps/arch/bootstrap/base.py:402: FutureWarning: random_state is deprecated and will be removed in a future version. The default random number generator is changing to a NumPy Generator. To continue using RandomState, please directly pass a RandomState instance using the ``generator`` keyword argument.
  warnings.warn(
/tmp/exp12-validation-deps/arch/bootstrap/base.py:402: FutureWarning: random_state is deprecated and will be removed in a future version. The default random number generator is changing to a NumPy Generator. To continue using RandomState, please directly pass a RandomState instance using the ``generator`` keyword argument.
  warnings.warn(
/tmp/exp12-validation-deps/arch/bootstrap/base.py:402: FutureWarning: random_state is deprecated and will be removed in a future version. The default random number generator is changing to a NumPy Generator. To continue using RandomState, please directly pass a RandomState instance using the ``generator`` keyword argument.
  warnings.warn(
/tmp/exp12-validation-deps/arch/bootstrap/base.py:402: FutureWarning: random_state is deprecated and will be removed in a future version. The default random number generator is changing to a NumPy Generator. To continue using RandomState, please directly pass a RandomState instance using the ``generator`` keyword argument.
  warnings.warn(
/tmp/exp12-validation-deps/arch/bootstrap/base.py:402: FutureWarning: random_state is deprecated and will be removed in a future version. The default random number generator is changing to a NumPy Generator. To continue using RandomState, please directly pass a RandomState instance using the ``generator`` keyword argument.
  warnings.warn(
/tmp/exp12-validation-deps/arch/bootstrap/base.py:402: FutureWarning: random_state is deprecated and will be removed in a future version. The default random number generator is changing to a NumPy Generator. To continue using RandomState, please directly pass a RandomState instance using the ``generator`` keyword argument.
  warnings.warn(
/tmp/exp12-validation-deps/arch/bootstrap/base.py:402: FutureWarning: random_state is deprecated and will be removed in a future version. The default random number generator is changing to a NumPy Generator. To continue using RandomState, please directly pass a RandomState instance using the ``generator`` keyword argument.
  warnings.warn(
/tmp/exp12-validation-deps/arch/bootstrap/base.py:402: FutureWarning: random_state is deprecated and will be removed in a future version. The default random number generator is changing to a NumPy Generator. To continue using RandomState, please directly pass a RandomState instance using the ``generator`` keyword argument.
  warnings.warn(
/tmp/exp12-validation-deps/arch/bootstrap/base.py:402: FutureWarning: random_state is deprecated and will be removed in a future version. The default random number generator is changing to a NumPy Generator. To continue using RandomState, please directly pass a RandomState instance using the ``generator`` keyword argument.
  warnings.warn(
/tmp/exp12-validation-deps/arch/bootstrap/base.py:402: FutureWarning: random_state is deprecated and will be removed in a future version. The default random number generator is changing to a NumPy Generator. To continue using RandomState, please directly pass a RandomState instance using the ``generator`` keyword argument.
  warnings.warn(
/tmp/exp12-validation-deps/arch/bootstrap/base.py:402: FutureWarning: random_state is deprecated and will be removed in a future version. The default random number generator is changing to a NumPy Generator. To continue using RandomState, please directly pass a RandomState instance using the ``generator`` keyword argument.
  warnings.warn(
/tmp/exp12-validation-deps/arch/bootstrap/base.py:402: FutureWarning: random_state is deprecated and will be removed in a future version. The default random number generator is changing to a NumPy Generator. To continue using RandomState, please directly pass a RandomState instance using the ``generator`` keyword argument.
  warnings.warn(
/tmp/exp12-validation-deps/arch/bootstrap/base.py:402: FutureWarning: random_state is deprecated and will be removed in a future version. The default random number generator is changing to a NumPy Generator. To continue using RandomState, please directly pass a RandomState instance using the ``generator`` keyword argument.
  warnings.warn(
/tmp/exp12-validation-deps/arch/bootstrap/base.py:402: FutureWarning: random_state is deprecated and will be removed in a future version. The default random number generator is changing to a NumPy Generator. To continue using RandomState, please directly pass a RandomState instance using the ``generator`` keyword argument.
  warnings.warn(
/tmp/exp12-validation-deps/arch/bootstrap/base.py:402: FutureWarning: random_state is deprecated and will be removed in a future version. The default random number generator is changing to a NumPy Generator. To continue using RandomState, please directly pass a RandomState instance using the ``generator`` keyword argument.
  warnings.warn(
/tmp/exp12-validation-deps/arch/bootstrap/base.py:402: FutureWarning: random_state is deprecated and will be removed in a future version. The default random number generator is changing to a NumPy Generator. To continue using RandomState, please directly pass a RandomState instance using the ``generator`` keyword argument.
  warnings.warn(
/tmp/exp12-validation-deps/arch/bootstrap/base.py:402: FutureWarning: random_state is deprecated and will be removed in a future version. The default random number generator is changing to a NumPy Generator. To continue using RandomState, please directly pass a RandomState instance using the ``generator`` keyword argument.
  warnings.warn(
/tmp/exp12-validation-deps/arch/bootstrap/base.py:402: FutureWarning: random_state is deprecated and will be removed in a future version. The default random number generator is changing to a NumPy Generator. To continue using RandomState, please directly pass a RandomState instance using the ``generator`` keyword argument.
  warnings.warn(
/tmp/exp12-validation-deps/arch/bootstrap/base.py:402: FutureWarning: random_state is deprecated and will be removed in a future version. The default random number generator is changing to a NumPy Generator. To continue using RandomState, please directly pass a RandomState instance using the ``generator`` keyword argument.
  warnings.warn(
/tmp/exp12-validation-deps/arch/bootstrap/base.py:402: FutureWarning: random_state is deprecated and will be removed in a future version. The default random number generator is changing to a NumPy Generator. To continue using RandomState, please directly pass a RandomState instance using the ``generator`` keyword argument.
  warnings.warn(
ok
test_known_effect_is_recovered_and_null_effect_is_not (tests.test_exp12_phase3.Exp1AnalysisTest.test_known_effect_is_recovered_and_null_effect_is_not) ... /tmp/exp12-validation-deps/arch/bootstrap/base.py:402: FutureWarning: random_state is deprecated and will be removed in a future version. The default random number generator is changing to a NumPy Generator. To continue using RandomState, please directly pass a RandomState instance using the ``generator`` keyword argument.
  warnings.warn(
/tmp/exp12-validation-deps/arch/bootstrap/base.py:402: FutureWarning: random_state is deprecated and will be removed in a future version. The default random number generator is changing to a NumPy Generator. To continue using RandomState, please directly pass a RandomState instance using the ``generator`` keyword argument.
  warnings.warn(
ok
test_missing_run_is_refused (tests.test_exp12_phase3.Exp1AnalysisTest.test_missing_run_is_refused) ... /tmp/exp12-validation-deps/arch/bootstrap/base.py:402: FutureWarning: random_state is deprecated and will be removed in a future version. The default random number generator is changing to a NumPy Generator. To continue using RandomState, please directly pass a RandomState instance using the ``generator`` keyword argument.
  warnings.warn(
ok
test_run_writes_ledger (tests.test_exp12_phase3.Exp1LedgerEndToEndTest.test_run_writes_ledger) ... WARNING:absl:SaveArgs.aggregate is deprecated, please use custom TypeHandler (https://orbax.readthedocs.io/en/latest/custom_handlers.html#typehandler) or contact Orbax team to migrate before May 1st, 2024.
WARNING:absl:SaveArgs.aggregate is deprecated, please use custom TypeHandler (https://orbax.readthedocs.io/en/latest/custom_handlers.html#typehandler) or contact Orbax team to migrate before May 1st, 2024.
WARNING:absl:SaveArgs.aggregate is deprecated, please use custom TypeHandler (https://orbax.readthedocs.io/en/latest/custom_handlers.html#typehandler) or contact Orbax team to migrate before May 1st, 2024.
WARNING:absl:SaveArgs.aggregate is deprecated, please use custom TypeHandler (https://orbax.readthedocs.io/en/latest/custom_handlers.html#typehandler) or contact Orbax team to migrate before May 1st, 2024.
WARNING:absl:SaveArgs.aggregate is deprecated, please use custom TypeHandler (https://orbax.readthedocs.io/en/latest/custom_handlers.html#typehandler) or contact Orbax team to migrate before May 1st, 2024.
WARNING:absl:SaveArgs.aggregate is deprecated, please use custom TypeHandler (https://orbax.readthedocs.io/en/latest/custom_handlers.html#typehandler) or contact Orbax team to migrate before May 1st, 2024.
WARNING:absl:SaveArgs.aggregate is deprecated, please use custom TypeHandler (https://orbax.readthedocs.io/en/latest/custom_handlers.html#typehandler) or contact Orbax team to migrate before May 1st, 2024.
WARNING:absl:SaveArgs.aggregate is deprecated, please use custom TypeHandler (https://orbax.readthedocs.io/en/latest/custom_handlers.html#typehandler) or contact Orbax team to migrate before May 1st, 2024.
WARNING:absl:SaveArgs.aggregate is deprecated, please use custom TypeHandler (https://orbax.readthedocs.io/en/latest/custom_handlers.html#typehandler) or contact Orbax team to migrate before May 1st, 2024.
WARNING:absl:SaveArgs.aggregate is deprecated, please use custom TypeHandler (https://orbax.readthedocs.io/en/latest/custom_handlers.html#typehandler) or contact Orbax team to migrate before May 1st, 2024.
WARNING:absl:SaveArgs.aggregate is deprecated, please use custom TypeHandler (https://orbax.readthedocs.io/en/latest/custom_handlers.html#typehandler) or contact Orbax team to migrate before May 1st, 2024.
ok
test_incomplete_and_foreign_rows_are_rejected (tests.test_exp12_phase3.LedgerTest.test_incomplete_and_foreign_rows_are_rejected) ... ok
test_round_trip_and_dev_excluded_by_default (tests.test_exp12_phase3.LedgerTest.test_round_trip_and_dev_excluded_by_default) ... ok
test_consecutive_checks_rule (tests.test_exp12_phase3.TriggerTest.test_consecutive_checks_rule) ... ok
test_current_worse_triggers_and_reverse_never_does (tests.test_exp12_phase3.TriggerTest.test_current_worse_triggers_and_reverse_never_does) ... ok
test_edge_cases (tests.test_exp12_phase3.TriggerTest.test_edge_cases) ... ok
test_f_star_first_eligible_check_only (tests.test_exp12_phase3.TriggerTest.test_f_star_first_eligible_check_only) ... ok
test_known_loss_is_detected (tests.test_exp12_phase3.TriggerTest.test_known_loss_is_detected) ... ok
test_null_false_trigger_rate_is_measured (tests.test_exp12_phase3.TriggerTest.test_null_false_trigger_rate_is_measured) ... ok
test_null_threshold_shifts_the_firing_line (tests.test_exp12_phase3.TriggerTest.test_null_threshold_shifts_the_firing_line) ... ok
test_reproducible_from_seed_and_check (tests.test_exp12_phase3.TriggerTest.test_reproducible_from_seed_and_check) ... ok
test_settings_come_from_config (tests.test_exp12_phase3.TriggerTest.test_settings_come_from_config) ... ok
test_shipped_config_is_the_current_rule (tests.test_exp12_phase3.TriggerTest.test_shipped_config_is_the_current_rule) ... ok
test_statistic_is_iqm_not_mean (tests.test_exp12_phase3.TriggerTest.test_statistic_is_iqm_not_mean) ... ok
test_dmc (tests.test_exp12_pipeline.PipelinePerSuiteTest.test_dmc) ... WARNING:absl:SaveArgs.aggregate is deprecated, please use custom TypeHandler (https://orbax.readthedocs.io/en/latest/custom_handlers.html#typehandler) or contact Orbax team to migrate before May 1st, 2024.
WARNING:absl:SaveArgs.aggregate is deprecated, please use custom TypeHandler (https://orbax.readthedocs.io/en/latest/custom_handlers.html#typehandler) or contact Orbax team to migrate before May 1st, 2024.
WARNING:absl:SaveArgs.aggregate is deprecated, please use custom TypeHandler (https://orbax.readthedocs.io/en/latest/custom_handlers.html#typehandler) or contact Orbax team to migrate before May 1st, 2024.
WARNING:absl:SaveArgs.aggregate is deprecated, please use custom TypeHandler (https://orbax.readthedocs.io/en/latest/custom_handlers.html#typehandler) or contact Orbax team to migrate before May 1st, 2024.
WARNING:absl:SaveArgs.aggregate is deprecated, please use custom TypeHandler (https://orbax.readthedocs.io/en/latest/custom_handlers.html#typehandler) or contact Orbax team to migrate before May 1st, 2024.
WARNING:absl:SaveArgs.aggregate is deprecated, please use custom TypeHandler (https://orbax.readthedocs.io/en/latest/custom_handlers.html#typehandler) or contact Orbax team to migrate before May 1st, 2024.
WARNING:absl:SaveArgs.aggregate is deprecated, please use custom TypeHandler (https://orbax.readthedocs.io/en/latest/custom_handlers.html#typehandler) or contact Orbax team to migrate before May 1st, 2024.
WARNING:absl:SaveArgs.aggregate is deprecated, please use custom TypeHandler (https://orbax.readthedocs.io/en/latest/custom_handlers.html#typehandler) or contact Orbax team to migrate before May 1st, 2024.
WARNING:absl:SaveArgs.aggregate is deprecated, please use custom TypeHandler (https://orbax.readthedocs.io/en/latest/custom_handlers.html#typehandler) or contact Orbax team to migrate before May 1st, 2024.
WARNING:absl:SaveArgs.aggregate is deprecated, please use custom TypeHandler (https://orbax.readthedocs.io/en/latest/custom_handlers.html#typehandler) or contact Orbax team to migrate before May 1st, 2024.
WARNING:absl:SaveArgs.aggregate is deprecated, please use custom TypeHandler (https://orbax.readthedocs.io/en/latest/custom_handlers.html#typehandler) or contact Orbax team to migrate before May 1st, 2024.
WARNING:absl:SaveArgs.aggregate is deprecated, please use custom TypeHandler (https://orbax.readthedocs.io/en/latest/custom_handlers.html#typehandler) or contact Orbax team to migrate before May 1st, 2024.
WARNING:absl:SaveArgs.aggregate is deprecated, please use custom TypeHandler (https://orbax.readthedocs.io/en/latest/custom_handlers.html#typehandler) or contact Orbax team to migrate before May 1st, 2024.
WARNING:absl:SaveArgs.aggregate is deprecated, please use custom TypeHandler (https://orbax.readthedocs.io/en/latest/custom_handlers.html#typehandler) or contact Orbax team to migrate before May 1st, 2024.
WARNING:absl:SaveArgs.aggregate is deprecated, please use custom TypeHandler (https://orbax.readthedocs.io/en/latest/custom_handlers.html#typehandler) or contact Orbax team to migrate before May 1st, 2024.
WARNING:absl:SaveArgs.aggregate is deprecated, please use custom TypeHandler (https://orbax.readthedocs.io/en/latest/custom_handlers.html#typehandler) or contact Orbax team to migrate before May 1st, 2024.
WARNING:absl:SaveArgs.aggregate is deprecated, please use custom TypeHandler (https://orbax.readthedocs.io/en/latest/custom_handlers.html#typehandler) or contact Orbax team to migrate before May 1st, 2024.
WARNING:absl:SaveArgs.aggregate is deprecated, please use custom TypeHandler (https://orbax.readthedocs.io/en/latest/custom_handlers.html#typehandler) or contact Orbax team to migrate before May 1st, 2024.
WARNING:absl:SaveArgs.aggregate is deprecated, please use custom TypeHandler (https://orbax.readthedocs.io/en/latest/custom_handlers.html#typehandler) or contact Orbax team to migrate before May 1st, 2024.
WARNING:absl:SaveArgs.aggregate is deprecated, please use custom TypeHandler (https://orbax.readthedocs.io/en/latest/custom_handlers.html#typehandler) or contact Orbax team to migrate before May 1st, 2024.
WARNING:absl:SaveArgs.aggregate is deprecated, please use custom TypeHandler (https://orbax.readthedocs.io/en/latest/custom_handlers.html#typehandler) or contact Orbax team to migrate before May 1st, 2024.
WARNING:absl:SaveArgs.aggregate is deprecated, please use custom TypeHandler (https://orbax.readthedocs.io/en/latest/custom_handlers.html#typehandler) or contact Orbax team to migrate before May 1st, 2024.
 total params: 1.62K
MyoSuite:> Registering Myo Envs
    MyoSuite: A contact-rich simulation suite for musculoskeletal motor control
        Vittorio Caggiano, Huawei Wang, Guillaume Durandau, Massimo Sartori, Vikash Kumar
        L4DC-2019 | https://sites.google.com/view/myosuite
    
 total params: 1.54K
 total params: 1.54K
 total params: 1.54K
 total params: 1.54K
 total params: 1.54K
 total params: 1.54K
 total params: 1.54K
 total params: 1.54K
 total params: 1.54K
 total params: 1.54K
 total params: 1.54K
 total params: 1.54K
 total params: 1.54K
 total params: 4.05K
 total params: 4.05K
 total params: 4.05K
 total params: 4.05K
 total params: 4.05K
 total params: 1.54K
exp12_exp1_jobs.txt: queued 195
exp1 fresh: 195
 total params: 1.54K

[trigger] synthetic null, 5 rounds: per-check false-trigger rate 0.0493; implied chance a null run triggers at least once in 19 independent checks 0.617
 total params: 1.54K
 total params: 3.31K
[exp1] fork state saved at interaction_step 100 in 0.1 s
/Users/shouryakaveti/VS_Projects/sparse-ppo-drl-research/.venv/lib/python3.12/site-packages/orbax/checkpoint/type_handlers.py:1475: UserWarning: Couldn't find sharding info under RestoreArgs. Populating sharding info from sharding file. Please note restoration time will be slightly increased due to reading from file instead of directly from RestoreArgs.
  warnings.warn(
 total params: 3.31K
[exp1] restored interaction_step 100 from /var/folders/ms/h3zjmq652jvg08wcslr2z3t80000gn/T/tmp7x0rpjj5/scaled/fork/state/step_000000100_60c203b1 in 0.1 s
[control] post-fork evaluation 0: 0.2 s for 1 episodes
[control] post-fork evaluation 1: 0.0 s for 1 episodes
[control] post-fork evaluation 2: 0.0 s for 1 episodes
[control] post-fork evaluation 3: 0.0 s for 1 episodes
[control] post-fork evaluation 4: 0.0 s for 1 episodes
[control] post-fork evaluation 5: 0.0 s for 1 episodes
[control] post-fork evaluation 6: 0.0 s for 1 episodes
[control] post-fork evaluation 7: 0.0 s for 1 episodes
[control] post-fork evaluation 8: 0.0 s for 1 episodes
[control] post-fork evaluation 9: 0.0 s for 1 episodes
[control] post-fork evaluation 10: 0.0 s for 1 episodes
[control] post-fork evaluation 11: 0.0 s for 1 episodes
[control] post-fork evaluation 12: 0.0 s for 1 episodes
[control] post-fork evaluation 13: 0.0 s for 1 episodes
[control] post-fork evaluation 14: 0.0 s for 1 episodes
[control] post-fork evaluation 15: 0.0 s for 1 episodes
[control] post-fork evaluation 16: 0.0 s for 1 episodes
[control] post-fork evaluation 17: 0.0 s for 1 episodes
[control] post-fork evaluation 18: 0.0 s for 1 episodes
[control] post-fork evaluation 19: 0.0 s for 1 episodes
[control] post-fork evaluation 20: 0.0 s for 1 episodes
[control] post-fork evaluation 21: 0.0 s for 1 episodes
[control] post-fork evaluation 22: 0.0 s for 1 episodes
[control] post-fork evaluation 23: 0.0 s for 1 episodes
[control] post-fork evaluation 24: 0.0 s for 1 episodes
[control] post-fork evaluation 25: 0.0 s for 1 episodes
WARNING:absl:SaveArgs.aggregate is deprecated, please use custom TypeHandler (https://orbax.readthedocs.io/en/latest/custom_handlers.html#typehandler) or contact Orbax team to migrate before May 1st, 2024.
WARNING:absl:SaveArgs.aggregate is deprecated, please use custom TypeHandler (https://orbax.readthedocs.io/en/latest/custom_handlers.html#typehandler) or contact Orbax team to migrate before May 1st, 2024.
WARNING:absl:SaveArgs.aggregate is deprecated, please use custom TypeHandler (https://orbax.readthedocs.io/en/latest/custom_handlers.html#typehandler) or contact Orbax team to migrate before May 1st, 2024.
WARNING:absl:SaveArgs.aggregate is deprecated, please use custom TypeHandler (https://orbax.readthedocs.io/en/latest/custom_handlers.html#typehandler) or contact Orbax team to migrate before May 1st, 2024.
WARNING:absl:SaveArgs.aggregate is deprecated, please use custom TypeHandler (https://orbax.readthedocs.io/en/latest/custom_handlers.html#typehandler) or contact Orbax team to migrate before May 1st, 2024.
WARNING:absl:SaveArgs.aggregate is deprecated, please use custom TypeHandler (https://orbax.readthedocs.io/en/latest/custom_handlers.html#typehandler) or contact Orbax team to migrate before May 1st, 2024.
WARNING:absl:SaveArgs.aggregate is deprecated, please use custom TypeHandler (https://orbax.readthedocs.io/en/latest/custom_handlers.html#typehandler) or contact Orbax team to migrate before May 1st, 2024.
WARNING:absl:SaveArgs.aggregate is deprecated, please use custom TypeHandler (https://orbax.readthedocs.io/en/latest/custom_handlers.html#typehandler) or contact Orbax team to migrate before May 1st, 2024.
WARNING:absl:SaveArgs.aggregate is deprecated, please use custom TypeHandler (https://orbax.readthedocs.io/en/latest/custom_handlers.html#typehandler) or contact Orbax team to migrate before May 1st, 2024.
WARNING:absl:SaveArgs.aggregate is deprecated, please use custom TypeHandler (https://orbax.readthedocs.io/en/latest/custom_handlers.html#typehandler) or contact Orbax team to migrate before May 1st, 2024.
WARNING:absl:SaveArgs.aggregate is deprecated, please use custom TypeHandler (https://orbax.readthedocs.io/en/latest/custom_handlers.html#typehandler) or contact Orbax team to migrate before May 1st, 2024.
/Users/shouryakaveti/VS_Projects/sparse-ppo-drl-research/.venv/lib/python3.12/site-packages/orbax/checkpoint/type_handlers.py:1475: UserWarning: Couldn't find sharding info under RestoreArgs. Populating sharding info from sharding file. Please note restoration time will be slightly increased due to reading from file instead of directly from RestoreArgs.
  warnings.warn(
 total params: 3.31K
[exp2_arm] fork state restored in 0.1 s
[injected] post-fork evaluation 0: 0.2 s for 1 episodes
WARNING:absl:SaveArgs.aggregate is deprecated, please use custom TypeHandler (https://orbax.readthedocs.io/en/latest/custom_handlers.html#typehandler) or contact Orbax team to migrate before May 1st, 2024.
WARNING:absl:SaveArgs.aggregate is deprecated, please use custom TypeHandler (https://orbax.readthedocs.io/en/latest/custom_handlers.html#typehandler) or contact Orbax team to migrate before May 1st, 2024.
WARNING:absl:SaveArgs.aggregate is deprecated, please use custom TypeHandler (https://orbax.readthedocs.io/en/latest/custom_handlers.html#typehandler) or contact Orbax team to migrate before May 1st, 2024.
WARNING:absl:SaveArgs.aggregate is deprecated, please use custom TypeHandler (https://orbax.readthedocs.io/en/latest/custom_handlers.html#typehandler) or contact Orbax team to migrate before May 1st, 2024.
WARNING:absl:SaveArgs.aggregate is deprecated, please use custom TypeHandler (https://orbax.readthedocs.io/en/latest/custom_handlers.html#typehandler) or contact Orbax team to migrate before May 1st, 2024.
WARNING:absl:SaveArgs.aggregate is deprecated, please use custom TypeHandler (https://orbax.readthedocs.io/en/latest/custom_handlers.html#typehandler) or contact Orbax team to migrate before May 1st, 2024.
WARNING:absl:SaveArgs.aggregate is deprecated, please use custom TypeHandler (https://orbax.readthedocs.io/en/latest/custom_handlers.html#typehandler) or contact Orbax team to migrate before May 1st, 2024.
WARNING:absl:SaveArgs.aggregate is deprecated, please use custom TypeHandler (https://orbax.readthedocs.io/en/latest/custom_handlers.html#typehandler) or contact Orbax team to migrate before May 1st, 2024.
WARNING:absl:SaveArgs.aggregate is deprecated, please use custom TypeHandler (https://orbax.readthedocs.io/en/latest/custom_handlers.html#typehandler) or contact Orbax team to migrate before May 1st, 2024.
WARNING:absl:SaveArgs.aggregate is deprecated, please use custom TypeHandler (https://orbax.readthedocs.io/en/latest/custom_handlers.html#typehandler) or contact Orbax team to migrate before May 1st, 2024.
WARNING:absl:SaveArgs.aggregate is deprecated, please use custom TypeHandler (https://orbax.readthedocs.io/en/latest/custom_handlers.html#typehandler) or contact Orbax team to migrate before May 1st, 2024.
WARNING:absl:SaveArgs.aggregate is deprecated, please use custom TypeHandler (https://orbax.readthedocs.io/en/latest/custom_handlers.html#typehandler) or contact Orbax team to migrate before May 1st, 2024.
WARNING:absl:SaveArgs.aggregate is deprecated, please use custom TypeHandler (https://orbax.readthedocs.io/en/latest/custom_handlers.html#typehandler) or contact Orbax team to migrate before May 1st, 2024.
[injected] post-fork evaluation 1: 0.0 s for 1 episodes
[injected] post-fork evaluation 2: 0.0 s for 1 episodes
[injected] post-fork evaluation 3: 0.0 s for 1 episodes
[injected] post-fork evaluation 4: 0.0 s for 1 episodes
[injected] post-fork evaluation 5: 0.0 s for 1 episodes
[injected] post-fork evaluation 6: 0.0 s for 1 episodes
[injected] post-fork evaluation 7: 0.0 s for 1 episodes
[injected] post-fork evaluation 8: 0.0 s for 1 episodes
[injected] post-fork evaluation 9: 0.0 s for 1 episodes
[injected] post-fork evaluation 10: 0.0 s for 1 episodes
[injected] post-fork evaluation 11: 0.0 s for 1 episodes
[injected] post-fork evaluation 12: 0.0 s for 1 episodes
[injected] post-fork evaluation 13: 0.0 s for 1 episodes
[injected] post-fork evaluation 14: 0.0 s for 1 episodes
[injected] post-fork evaluation 15: 0.0 s for 1 episodes
[injected] post-fork evaluation 16: 0.0 s for 1 episodes
[injected] post-fork evaluation 17: 0.0 s for 1 episodes
[injected] post-fork evaluation 18: 0.0 s for 1 episodes
[injected] post-fork evaluation 19: 0.0 s for 1 episodes
[injected] post-fork evaluation 20: 0.0 s for 1 episodes
[injected] post-fork evaluation 21: 0.0 s for 1 episodes
[injected] post-fork evaluation 22: 0.0 s for 1 episodes
[injected] post-fork evaluation 23: 0.0 s for 1 episodes
[injected] post-fork evaluation 24: 0.0 s for 1 episodes
[injected] post-fork evaluation 25: 0.0 s for 1 episodes
WARNING:absl:SaveArgs.aggregate is deprecated, please use custom TypeHandler (https://orbax.readthedocs.io/en/latest/custom_handlers.html#typehandler) or contact Orbax team to migrate before May 1st, 2024.
WARNING:absl:SaveArgs.aggregate is deprecated, please use custom TypeHandler (https://orbax.readthedocs.io/en/latest/custom_handlers.html#typehandler) or contact Orbax team to migrate before May 1st, 2024.
WARNING:absl:SaveArgs.aggregate is deprecated, please use custom TypeHandler (https://orbax.readthedocs.io/en/latest/custom_handlers.html#typehandler) or contact Orbax team to migrate before May 1st, 2024.
WARNING:absl:SaveArgs.aggregate is deprecated, please use custom TypeHandler (https://orbax.readthedocs.io/en/latest/custom_handlers.html#typehandler) or contact Orbax team to migrate before May 1st, 2024.
WARNING:absl:SaveArgs.aggregate is deprecated, please use custom TypeHandler (https://orbax.readthedocs.io/en/latest/custom_handlers.html#typehandler) or contact Orbax team to migrate before May 1st, 2024.
WARNING:absl:SaveArgs.aggregate is deprecated, please use custom TypeHandler (https://orbax.readthedocs.io/en/latest/custom_handlers.html#typehandler) or contact Orbax team to migrate before May 1st, 2024.
WARNING:absl:SaveArgs.aggregate is deprecated, please use custom TypeHandler (https://orbax.readthedocs.io/en/latest/custom_handlers.html#typehandler) or contact Orbax team to migrate before May 1st, 2024.
WARNING:absl:SaveArgs.aggregate is deprecated, please use custom TypeHandler (https://orbax.readthedocs.io/en/latest/custom_handlers.html#typehandler) or contact Orbax team to migrate before May 1st, 2024.
WARNING:absl:SaveArgs.aggregate is deprecated, please use custom TypeHandler (https://orbax.readthedocs.io/en/latest/custom_handlers.html#typehandler) or contact Orbax team to migrate before May 1st, 2024.
WARNING:absl:SaveArgs.aggregate is deprecated, please use custom TypeHandler (https://orbax.readthedocs.io/en/latest/custom_handlers.html#typehandler) or contact Orbax team to migrate before May 1st, 2024.
WARNING:absl:SaveArgs.aggregate is deprecated, please use custom TypeHandler (https://orbax.readthedocs.io/en/latest/custom_handlers.html#typehandler) or contact Orbax team to migrate before May 1st, 2024.
WARNING:absl:SaveArgs.aggregate is deprecated, please use custom TypeHandler (https://orbax.readthedocs.io/en/latest/custom_handlers.html#typehandler) or contact Orbax team to migrate before May 1st, 2024.
WARNING:absl:SaveArgs.aggregate is deprecated, please use custom TypeHandler (https://orbax.readthedocs.io/en/latest/custom_handlers.html#typehandler) or contact Orbax team to migrate before May 1st, 2024.
/tmp/exp12-validation-deps/arch/bootstrap/base.py:402: FutureWarning: random_state is deprecated and will be removed in a future version. The default random number generator is changing to a NumPy Generator. To continue using RandomState, please directly pass a RandomState instance using the ``generator`` keyword argument.
  warnings.warn(
/tmp/exp12-validation-deps/arch/bootstrap/base.py:402: FutureWarning: random_state is deprecated and will be removed in a future version. The default random number generator is changing to a NumPy Generator. To continue using RandomState, please directly pass a RandomState instance using the ``generator`` keyword argument.
  warnings.warn(
/tmp/exp12-validation-deps/arch/bootstrap/base.py:402: FutureWarning: random_state is deprecated and will be removed in a future version. The default random number generator is changing to a NumPy Generator. To continue using RandomState, please directly pass a RandomState instance using the ``generator`` keyword argument.
  warnings.warn(
/tmp/exp12-validation-deps/arch/bootstrap/base.py:402: FutureWarning: random_state is deprecated and will be removed in a future version. The default random number generator is changing to a NumPy Generator. To continue using RandomState, please directly pass a RandomState instance using the ``generator`` keyword argument.
  warnings.warn(
/tmp/exp12-validation-deps/arch/bootstrap/base.py:402: FutureWarning: random_state is deprecated and will be removed in a future version. The default random number generator is changing to a NumPy Generator. To continue using RandomState, please directly pass a RandomState instance using the ``generator`` keyword argument.
  warnings.warn(
/tmp/exp12-validation-deps/arch/bootstrap/base.py:402: FutureWarning: random_state is deprecated and will be removed in a future version. The default random number generator is changing to a NumPy Generator. To continue using RandomState, please directly pass a RandomState instance using the ``generator`` keyword argument.
  warnings.warn(
/tmp/exp12-validation-deps/arch/bootstrap/base.py:402: FutureWarning: random_state is deprecated and will be removed in a future version. The default random number generator is changing to a NumPy Generator. To continue using RandomState, please directly pass a RandomState instance using the ``generator`` keyword argument.
  warnings.warn(
/tmp/exp12-validation-deps/arch/bootstrap/base.py:402: FutureWarning: random_state is deprecated and will be removed in a future version. The default random number generator is changing to a NumPy Generator. To continue using RandomState, please directly pass a RandomState instance using the ``generator`` keyword argument.
  warnings.warn(
/tmp/exp12-validation-deps/arch/bootstrap/base.py:402: FutureWarning: random_state is deprecated and will be removed in a future version. The default random number generator is changing to a NumPy Generator. To continue using RandomState, please directly pass a RandomState instance using the ``generator`` keyword argument.
  warnings.warn(
/tmp/exp12-validation-deps/arch/bootstrap/base.py:402: FutureWarning: random_state is deprecated and will be removed in a future version. The default random number generator is changing to a NumPy Generator. To continue using RandomState, please directly pass a RandomState instance using the ``generator`` keyword argument.
  warnings.warn(
/tmp/exp12-validation-deps/arch/bootstrap/base.py:402: FutureWarning: random_state is deprecated and will be removed in a future version. The default random number generator is changing to a NumPy Generator. To continue using RandomState, please directly pass a RandomState instance using the ``generator`` keyword argument.
  warnings.warn(
/tmp/exp12-validation-deps/arch/bootstrap/base.py:402: FutureWarning: random_state is deprecated and will be removed in a future version. The default random number generator is changing to a NumPy Generator. To continue using RandomState, please directly pass a RandomState instance using the ``generator`` keyword argument.
  warnings.warn(
/tmp/exp12-validation-deps/arch/bootstrap/base.py:402: FutureWarning: random_state is deprecated and will be removed in a future version. The default random number generator is changing to a NumPy Generator. To continue using RandomState, please directly pass a RandomState instance using the ``generator`` keyword argument.
  warnings.warn(
/tmp/exp12-validation-deps/arch/bootstrap/base.py:402: FutureWarning: random_state is deprecated and will be removed in a future version. The default random number generator is changing to a NumPy Generator. To continue using RandomState, please directly pass a RandomState instance using the ``generator`` keyword argument.
  warnings.warn(
/tmp/exp12-validation-deps/arch/bootstrap/base.py:402: FutureWarning: random_state is deprecated and will be removed in a future version. The default random number generator is changing to a NumPy Generator. To continue using RandomState, please directly pass a RandomState instance using the ``generator`` keyword argument.
  warnings.warn(
/tmp/exp12-validation-deps/arch/bootstrap/base.py:402: FutureWarning: random_state is deprecated and will be removed in a future version. The default random number generator is changing to a NumPy Generator. To continue using RandomState, please directly pass a RandomState instance using the ``generator`` keyword argument.
  warnings.warn(
/tmp/exp12-validation-deps/arch/bootstrap/base.py:402: FutureWarning: random_state is deprecated and will be removed in a future version. The default random number generator is changing to a NumPy Generator. To continue using RandomState, please directly pass a RandomState instance using the ``generator`` keyword argument.
  warnings.warn(
/tmp/exp12-validation-deps/arch/bootstrap/base.py:402: FutureWarning: random_state is deprecated and will be removed in a future version. The default random number generator is changing to a NumPy Generator. To continue using RandomState, please directly pass a RandomState instance using the ``generator`` keyword argument.
  warnings.warn(
/tmp/exp12-validation-deps/arch/bootstrap/base.py:402: FutureWarning: random_state is deprecated and will be removed in a future version. The default random number generator is changing to a NumPy Generator. To continue using RandomState, please directly pass a RandomState instance using the ``generator`` keyword argument.
  warnings.warn(
/tmp/exp12-validation-deps/arch/bootstrap/base.py:402: FutureWarning: random_state is deprecated and will be removed in a future version. The default random number generator is changing to a NumPy Generator. To continue using RandomState, please directly pass a RandomState instance using the ``generator`` keyword argument.
  warnings.warn(
/tmp/exp12-validation-deps/arch/bootstrap/base.py:402: FutureWarning: random_state is deprecated and will be removed in a future version. The default random number generator is changing to a NumPy Generator. To continue using RandomState, please directly pass a RandomState instance using the ``generator`` keyword argument.
  warnings.warn(
/tmp/exp12-validation-deps/arch/bootstrap/base.py:402: FutureWarning: random_state is deprecated and will be removed in a future version. The default random number generator is changing to a NumPy Generator. To continue using RandomState, please directly pass a RandomState instance using the ``generator`` keyword argument.
  warnings.warn(
/tmp/exp12-validation-deps/arch/bootstrap/base.py:402: FutureWarning: random_state is deprecated and will be removed in a future version. The default random number generator is changing to a NumPy Generator. To continue using RandomState, please directly pass a RandomState instance using the ``generator`` keyword argument.
  warnings.warn(
/tmp/exp12-validation-deps/arch/bootstrap/base.py:402: FutureWarning: random_state is deprecated and will be removed in a future version. The default random number generator is changing to a NumPy Generator. To continue using RandomState, please directly pass a RandomState instance using the ``generator`` keyword argument.
  warnings.warn(
/tmp/exp12-validation-deps/arch/bootstrap/base.py:402: FutureWarning: random_state is deprecated and will be removed in a future version. The default random number generator is changing to a NumPy Generator. To continue using RandomState, please directly pass a RandomState instance using the ``generator`` keyword argument.
  warnings.warn(
/tmp/exp12-validation-deps/arch/bootstrap/base.py:402: FutureWarning: random_state is deprecated and will be removed in a future version. The default random number generator is changing to a NumPy Generator. To continue using RandomState, please directly pass a RandomState instance using the ``generator`` keyword argument.
  warnings.warn(
/tmp/exp12-validation-deps/arch/bootstrap/base.py:402: FutureWarning: random_state is deprecated and will be removed in a future version. The default random number generator is changing to a NumPy Generator. To continue using RandomState, please directly pass a RandomState instance using the ``generator`` keyword argument.
  warnings.warn(
/tmp/exp12-validation-deps/arch/bootstrap/base.py:402: FutureWarning: random_state is deprecated and will be removed in a future version. The default random number generator is changing to a NumPy Generator. To continue using RandomState, please directly pass a RandomState instance using the ``generator`` keyword argument.
  warnings.warn(
/tmp/exp12-validation-deps/arch/bootstrap/base.py:402: FutureWarning: random_state is deprecated and will be removed in a future version. The default random number generator is changing to a NumPy Generator. To continue using RandomState, please directly pass a RandomState instance using the ``generator`` keyword argument.
  warnings.warn(
/tmp/exp12-validation-deps/arch/bootstrap/base.py:402: FutureWarning: random_state is deprecated and will be removed in a future version. The default random number generator is changing to a NumPy Generator. To continue using RandomState, please directly pass a RandomState instance using the ``generator`` keyword argument.
  warnings.warn(
/tmp/exp12-validation-deps/arch/bootstrap/base.py:402: FutureWarning: random_state is deprecated and will be removed in a future version. The default random number generator is changing to a NumPy Generator. To continue using RandomState, please directly pass a RandomState instance using the ``generator`` keyword argument.
  warnings.warn(
/tmp/exp12-validation-deps/arch/bootstrap/base.py:402: FutureWarning: random_state is deprecated and will be removed in a future version. The default random number generator is changing to a NumPy Generator. To continue using RandomState, please directly pass a RandomState instance using the ``generator`` keyword argument.
  warnings.warn(
/tmp/exp12-validation-deps/arch/bootstrap/base.py:402: FutureWarning: random_state is deprecated and will be removed in a future version. The default random number generator is changing to a NumPy Generator. To continue using RandomState, please directly pass a RandomState instance using the ``generator`` keyword argument.
  warnings.warn(
/tmp/exp12-validation-deps/arch/bootstrap/base.py:402: FutureWarning: random_state is deprecated and will be removed in a future version. The default random number generator is changing to a NumPy Generator. To continue using RandomState, please directly pass a RandomState instance using the ``generator`` keyword argument.
  warnings.warn(
/tmp/exp12-validation-deps/arch/bootstrap/base.py:402: FutureWarning: random_state is deprecated and will be removed in a future version. The default random number generator is changing to a NumPy Generator. To continue using RandomState, please directly pass a RandomState instance using the ``generator`` keyword argument.
  warnings.warn(
/tmp/exp12-validation-deps/arch/bootstrap/base.py:402: FutureWarning: random_state is deprecated and will be removed in a future version. The default random number generator is changing to a NumPy Generator. To continue using RandomState, please directly pass a RandomState instance using the ``generator`` keyword argument.
  warnings.warn(
/tmp/exp12-validation-deps/arch/bootstrap/base.py:402: FutureWarning: random_state is deprecated and will be removed in a future version. The default random number generator is changing to a NumPy Generator. To continue using RandomState, please directly pass a RandomState instance using the ``generator`` keyword argument.
  warnings.warn(
/tmp/exp12-validation-deps/arch/bootstrap/base.py:402: FutureWarning: random_state is deprecated and will be removed in a future version. The default random number generator is changing to a NumPy Generator. To continue using RandomState, please directly pass a RandomState instance using the ``generator`` keyword argument.
  warnings.warn(
/tmp/exp12-validation-deps/arch/bootstrap/base.py:402: FutureWarning: random_state is deprecated and will be removed in a future version. The default random number generator is changing to a NumPy Generator. To continue using RandomState, please directly pass a RandomState instance using the ``generator`` keyword argument.
  warnings.warn(
/tmp/exp12-validation-deps/arch/bootstrap/base.py:402: FutureWarning: random_state is deprecated and will be removed in a future version. The default random number generator is changing to a NumPy Generator. To continue using RandomState, please directly pass a RandomState instance using the ``generator`` keyword argument.
  warnings.warn(
/tmp/exp12-validation-deps/arch/bootstrap/base.py:402: FutureWarning: random_state is deprecated and will be removed in a future version. The default random number generator is changing to a NumPy Generator. To continue using RandomState, please directly pass a RandomState instance using the ``generator`` keyword argument.
  warnings.warn(
/tmp/exp12-validation-deps/arch/bootstrap/base.py:402: FutureWarning: random_state is deprecated and will be removed in a future version. The default random number generator is changing to a NumPy Generator. To continue using RandomState, please directly pass a RandomState instance using the ``generator`` keyword argument.
  warnings.warn(
/tmp/exp12-validation-deps/arch/bootstrap/base.py:402: FutureWarning: random_state is deprecated and will be removed in a future version. The default random number generator is changing to a NumPy Generator. To continue using RandomState, please directly pass a RandomState instance using the ``generator`` keyword argument.
  warnings.warn(
ok
test_humanoid_bench (tests.test_exp12_pipeline.PipelinePerSuiteTest.test_humanoid_bench) ... skipped 'needs humanoid_bench (venv_hb; MUJOCO_GL=PYOPENGL_PLATFORM=egl or osmesa)'
test_myosuite (tests.test_exp12_pipeline.PipelinePerSuiteTest.test_myosuite) ... /Users/shouryakaveti/VS_Projects/sparse-ppo-drl-research/.venv/lib/python3.12/site-packages/gymnasium/spaces/box.py:234: UserWarning: [33mWARN: Box low's precision lowered by casting to float32, current low.dtype=float64[0m
  gym.logger.warn(
/Users/shouryakaveti/VS_Projects/sparse-ppo-drl-research/.venv/lib/python3.12/site-packages/gymnasium/spaces/box.py:304: UserWarning: [33mWARN: Box high's precision lowered by casting to float32, current high.dtype=float64[0m
  gym.logger.warn(
WARNING:absl:SaveArgs.aggregate is deprecated, please use custom TypeHandler (https://orbax.readthedocs.io/en/latest/custom_handlers.html#typehandler) or contact Orbax team to migrate before May 1st, 2024.
WARNING:absl:SaveArgs.aggregate is deprecated, please use custom TypeHandler (https://orbax.readthedocs.io/en/latest/custom_handlers.html#typehandler) or contact Orbax team to migrate before May 1st, 2024.
WARNING:absl:SaveArgs.aggregate is deprecated, please use custom TypeHandler (https://orbax.readthedocs.io/en/latest/custom_handlers.html#typehandler) or contact Orbax team to migrate before May 1st, 2024.
WARNING:absl:SaveArgs.aggregate is deprecated, please use custom TypeHandler (https://orbax.readthedocs.io/en/latest/custom_handlers.html#typehandler) or contact Orbax team to migrate before May 1st, 2024.
WARNING:absl:SaveArgs.aggregate is deprecated, please use custom TypeHandler (https://orbax.readthedocs.io/en/latest/custom_handlers.html#typehandler) or contact Orbax team to migrate before May 1st, 2024.
WARNING:absl:SaveArgs.aggregate is deprecated, please use custom TypeHandler (https://orbax.readthedocs.io/en/latest/custom_handlers.html#typehandler) or contact Orbax team to migrate before May 1st, 2024.
WARNING:absl:SaveArgs.aggregate is deprecated, please use custom TypeHandler (https://orbax.readthedocs.io/en/latest/custom_handlers.html#typehandler) or contact Orbax team to migrate before May 1st, 2024.
WARNING:absl:SaveArgs.aggregate is deprecated, please use custom TypeHandler (https://orbax.readthedocs.io/en/latest/custom_handlers.html#typehandler) or contact Orbax team to migrate before May 1st, 2024.
WARNING:absl:SaveArgs.aggregate is deprecated, please use custom TypeHandler (https://orbax.readthedocs.io/en/latest/custom_handlers.html#typehandler) or contact Orbax team to migrate before May 1st, 2024.
WARNING:absl:SaveArgs.aggregate is deprecated, please use custom TypeHandler (https://orbax.readthedocs.io/en/latest/custom_handlers.html#typehandler) or contact Orbax team to migrate before May 1st, 2024.
WARNING:absl:SaveArgs.aggregate is deprecated, please use custom TypeHandler (https://orbax.readthedocs.io/en/latest/custom_handlers.html#typehandler) or contact Orbax team to migrate before May 1st, 2024.
/Users/shouryakaveti/VS_Projects/sparse-ppo-drl-research/.venv/lib/python3.12/site-packages/gymnasium/spaces/box.py:234: UserWarning: [33mWARN: Box low's precision lowered by casting to float32, current low.dtype=float64[0m
  gym.logger.warn(
/Users/shouryakaveti/VS_Projects/sparse-ppo-drl-research/.venv/lib/python3.12/site-packages/gymnasium/spaces/box.py:304: UserWarning: [33mWARN: Box high's precision lowered by casting to float32, current high.dtype=float64[0m
  gym.logger.warn(
WARNING:absl:SaveArgs.aggregate is deprecated, please use custom TypeHandler (https://orbax.readthedocs.io/en/latest/custom_handlers.html#typehandler) or contact Orbax team to migrate before May 1st, 2024.
WARNING:absl:SaveArgs.aggregate is deprecated, please use custom TypeHandler (https://orbax.readthedocs.io/en/latest/custom_handlers.html#typehandler) or contact Orbax team to migrate before May 1st, 2024.
WARNING:absl:SaveArgs.aggregate is deprecated, please use custom TypeHandler (https://orbax.readthedocs.io/en/latest/custom_handlers.html#typehandler) or contact Orbax team to migrate before May 1st, 2024.
WARNING:absl:SaveArgs.aggregate is deprecated, please use custom TypeHandler (https://orbax.readthedocs.io/en/latest/custom_handlers.html#typehandler) or contact Orbax team to migrate before May 1st, 2024.
WARNING:absl:SaveArgs.aggregate is deprecated, please use custom TypeHandler (https://orbax.readthedocs.io/en/latest/custom_handlers.html#typehandler) or contact Orbax team to migrate before May 1st, 2024.
WARNING:absl:SaveArgs.aggregate is deprecated, please use custom TypeHandler (https://orbax.readthedocs.io/en/latest/custom_handlers.html#typehandler) or contact Orbax team to migrate before May 1st, 2024.
WARNING:absl:SaveArgs.aggregate is deprecated, please use custom TypeHandler (https://orbax.readthedocs.io/en/latest/custom_handlers.html#typehandler) or contact Orbax team to migrate before May 1st, 2024.
WARNING:absl:SaveArgs.aggregate is deprecated, please use custom TypeHandler (https://orbax.readthedocs.io/en/latest/custom_handlers.html#typehandler) or contact Orbax team to migrate before May 1st, 2024.
WARNING:absl:SaveArgs.aggregate is deprecated, please use custom TypeHandler (https://orbax.readthedocs.io/en/latest/custom_handlers.html#typehandler) or contact Orbax team to migrate before May 1st, 2024.
WARNING:absl:SaveArgs.aggregate is deprecated, please use custom TypeHandler (https://orbax.readthedocs.io/en/latest/custom_handlers.html#typehandler) or contact Orbax team to migrate before May 1st, 2024.
WARNING:absl:SaveArgs.aggregate is deprecated, please use custom TypeHandler (https://orbax.readthedocs.io/en/latest/custom_handlers.html#typehandler) or contact Orbax team to migrate before May 1st, 2024.
 total params: 4.05K
 total params: 6.90K
[exp1] fork state saved at interaction_step 100 in 0.1 s
/Users/shouryakaveti/VS_Projects/sparse-ppo-drl-research/.venv/lib/python3.12/site-packages/gymnasium/spaces/box.py:234: UserWarning: [33mWARN: Box low's precision lowered by casting to float32, current low.dtype=float64[0m
  gym.logger.warn(
/Users/shouryakaveti/VS_Projects/sparse-ppo-drl-research/.venv/lib/python3.12/site-packages/gymnasium/spaces/box.py:304: UserWarning: [33mWARN: Box high's precision lowered by casting to float32, current high.dtype=float64[0m
  gym.logger.warn(
/Users/shouryakaveti/VS_Projects/sparse-ppo-drl-research/.venv/lib/python3.12/site-packages/orbax/checkpoint/type_handlers.py:1475: UserWarning: Couldn't find sharding info under RestoreArgs. Populating sharding info from sharding file. Please note restoration time will be slightly increased due to reading from file instead of directly from RestoreArgs.
  warnings.warn(
 total params: 6.90K
[exp1] restored interaction_step 100 from /var/folders/ms/h3zjmq652jvg08wcslr2z3t80000gn/T/tmpq_toro95/scaled/fork/state/step_000000100_3cb22386 in 0.1 s
/Users/shouryakaveti/VS_Projects/sparse-ppo-drl-research/.venv/lib/python3.12/site-packages/gymnasium/spaces/box.py:234: UserWarning: [33mWARN: Box low's precision lowered by casting to float32, current low.dtype=float64[0m
  gym.logger.warn(
/Users/shouryakaveti/VS_Projects/sparse-ppo-drl-research/.venv/lib/python3.12/site-packages/gymnasium/spaces/box.py:304: UserWarning: [33mWARN: Box high's precision lowered by casting to float32, current high.dtype=float64[0m
  gym.logger.warn(
[control] post-fork evaluation 0: 0.2 s for 1 episodes
/Users/shouryakaveti/VS_Projects/sparse-ppo-drl-research/.venv/lib/python3.12/site-packages/gymnasium/spaces/box.py:234: UserWarning: [33mWARN: Box low's precision lowered by casting to float32, current low.dtype=float64[0m
  gym.logger.warn(
/Users/shouryakaveti/VS_Projects/sparse-ppo-drl-research/.venv/lib/python3.12/site-packages/gymnasium/spaces/box.py:304: UserWarning: [33mWARN: Box high's precision lowered by casting to float32, current high.dtype=float64[0m
  gym.logger.warn(
[control] post-fork evaluation 1: 0.0 s for 1 episodes
[control] post-fork evaluation 2: 0.0 s for 1 episodes
[control] post-fork evaluation 3: 0.0 s for 1 episodes
[control] post-fork evaluation 4: 0.0 s for 1 episodes
/Users/shouryakaveti/VS_Projects/sparse-ppo-drl-research/.venv/lib/python3.12/site-packages/gymnasium/spaces/box.py:234: UserWarning: [33mWARN: Box low's precision lowered by casting to float32, current low.dtype=float64[0m
  gym.logger.warn(
/Users/shouryakaveti/VS_Projects/sparse-ppo-drl-research/.venv/lib/python3.12/site-packages/gymnasium/spaces/box.py:304: UserWarning: [33mWARN: Box high's precision lowered by casting to float32, current high.dtype=float64[0m
  gym.logger.warn(
[control] post-fork evaluation 5: 0.0 s for 1 episodes
[control] post-fork evaluation 6: 0.0 s for 1 episodes
[control] post-fork evaluation 7: 0.0 s for 1 episodes
[control] post-fork evaluation 8: 0.0 s for 1 episodes
[control] post-fork evaluation 9: 0.0 s for 1 episodes
/Users/shouryakaveti/VS_Projects/sparse-ppo-drl-research/.venv/lib/python3.12/site-packages/gymnasium/spaces/box.py:234: UserWarning: [33mWARN: Box low's precision lowered by casting to float32, current low.dtype=float64[0m
  gym.logger.warn(
/Users/shouryakaveti/VS_Projects/sparse-ppo-drl-research/.venv/lib/python3.12/site-packages/gymnasium/spaces/box.py:304: UserWarning: [33mWARN: Box high's precision lowered by casting to float32, current high.dtype=float64[0m
  gym.logger.warn(
[control] post-fork evaluation 10: 0.0 s for 1 episodes
[control] post-fork evaluation 11: 0.0 s for 1 episodes
[control] post-fork evaluation 12: 0.0 s for 1 episodes
[control] post-fork evaluation 13: 0.0 s for 1 episodes
[control] post-fork evaluation 14: 0.0 s for 1 episodes
/Users/shouryakaveti/VS_Projects/sparse-ppo-drl-research/.venv/lib/python3.12/site-packages/gymnasium/spaces/box.py:234: UserWarning: [33mWARN: Box low's precision lowered by casting to float32, current low.dtype=float64[0m
  gym.logger.warn(
/Users/shouryakaveti/VS_Projects/sparse-ppo-drl-research/.venv/lib/python3.12/site-packages/gymnasium/spaces/box.py:304: UserWarning: [33mWARN: Box high's precision lowered by casting to float32, current high.dtype=float64[0m
  gym.logger.warn(
[control] post-fork evaluation 15: 0.0 s for 1 episodes
[control] post-fork evaluation 16: 0.0 s for 1 episodes
[control] post-fork evaluation 17: 0.0 s for 1 episodes
[control] post-fork evaluation 18: 0.0 s for 1 episodes
[control] post-fork evaluation 19: 0.0 s for 1 episodes
/Users/shouryakaveti/VS_Projects/sparse-ppo-drl-research/.venv/lib/python3.12/site-packages/gymnasium/spaces/box.py:234: UserWarning: [33mWARN: Box low's precision lowered by casting to float32, current low.dtype=float64[0m
  gym.logger.warn(
/Users/shouryakaveti/VS_Projects/sparse-ppo-drl-research/.venv/lib/python3.12/site-packages/gymnasium/spaces/box.py:304: UserWarning: [33mWARN: Box high's precision lowered by casting to float32, current high.dtype=float64[0m
  gym.logger.warn(
[control] post-fork evaluation 20: 0.0 s for 1 episodes
[control] post-fork evaluation 21: 0.0 s for 1 episodes
[control] post-fork evaluation 22: 0.0 s for 1 episodes
[control] post-fork evaluation 23: 0.0 s for 1 episodes
[control] post-fork evaluation 24: 0.0 s for 1 episodes
/Users/shouryakaveti/VS_Projects/sparse-ppo-drl-research/.venv/lib/python3.12/site-packages/gymnasium/spaces/box.py:234: UserWarning: [33mWARN: Box low's precision lowered by casting to float32, current low.dtype=float64[0m
  gym.logger.warn(
/Users/shouryakaveti/VS_Projects/sparse-ppo-drl-research/.venv/lib/python3.12/site-packages/gymnasium/spaces/box.py:304: UserWarning: [33mWARN: Box high's precision lowered by casting to float32, current high.dtype=float64[0m
  gym.logger.warn(
[control] post-fork evaluation 25: 0.0 s for 1 episodes
WARNING:absl:SaveArgs.aggregate is deprecated, please use custom TypeHandler (https://orbax.readthedocs.io/en/latest/custom_handlers.html#typehandler) or contact Orbax team to migrate before May 1st, 2024.
WARNING:absl:SaveArgs.aggregate is deprecated, please use custom TypeHandler (https://orbax.readthedocs.io/en/latest/custom_handlers.html#typehandler) or contact Orbax team to migrate before May 1st, 2024.
WARNING:absl:SaveArgs.aggregate is deprecated, please use custom TypeHandler (https://orbax.readthedocs.io/en/latest/custom_handlers.html#typehandler) or contact Orbax team to migrate before May 1st, 2024.
WARNING:absl:SaveArgs.aggregate is deprecated, please use custom TypeHandler (https://orbax.readthedocs.io/en/latest/custom_handlers.html#typehandler) or contact Orbax team to migrate before May 1st, 2024.
WARNING:absl:SaveArgs.aggregate is deprecated, please use custom TypeHandler (https://orbax.readthedocs.io/en/latest/custom_handlers.html#typehandler) or contact Orbax team to migrate before May 1st, 2024.
WARNING:absl:SaveArgs.aggregate is deprecated, please use custom TypeHandler (https://orbax.readthedocs.io/en/latest/custom_handlers.html#typehandler) or contact Orbax team to migrate before May 1st, 2024.
WARNING:absl:SaveArgs.aggregate is deprecated, please use custom TypeHandler (https://orbax.readthedocs.io/en/latest/custom_handlers.html#typehandler) or contact Orbax team to migrate before May 1st, 2024.
WARNING:absl:SaveArgs.aggregate is deprecated, please use custom TypeHandler (https://orbax.readthedocs.io/en/latest/custom_handlers.html#typehandler) or contact Orbax team to migrate before May 1st, 2024.
WARNING:absl:SaveArgs.aggregate is deprecated, please use custom TypeHandler (https://orbax.readthedocs.io/en/latest/custom_handlers.html#typehandler) or contact Orbax team to migrate before May 1st, 2024.
WARNING:absl:SaveArgs.aggregate is deprecated, please use custom TypeHandler (https://orbax.readthedocs.io/en/latest/custom_handlers.html#typehandler) or contact Orbax team to migrate before May 1st, 2024.
WARNING:absl:SaveArgs.aggregate is deprecated, please use custom TypeHandler (https://orbax.readthedocs.io/en/latest/custom_handlers.html#typehandler) or contact Orbax team to migrate before May 1st, 2024.
/Users/shouryakaveti/VS_Projects/sparse-ppo-drl-research/.venv/lib/python3.12/site-packages/gymnasium/spaces/box.py:234: UserWarning: [33mWARN: Box low's precision lowered by casting to float32, current low.dtype=float64[0m
  gym.logger.warn(
/Users/shouryakaveti/VS_Projects/sparse-ppo-drl-research/.venv/lib/python3.12/site-packages/gymnasium/spaces/box.py:304: UserWarning: [33mWARN: Box high's precision lowered by casting to float32, current high.dtype=float64[0m
  gym.logger.warn(
/Users/shouryakaveti/VS_Projects/sparse-ppo-drl-research/.venv/lib/python3.12/site-packages/orbax/checkpoint/type_handlers.py:1475: UserWarning: Couldn't find sharding info under RestoreArgs. Populating sharding info from sharding file. Please note restoration time will be slightly increased due to reading from file instead of directly from RestoreArgs.
  warnings.warn(
 total params: 6.90K
[exp2_arm] fork state restored in 0.1 s
/Users/shouryakaveti/VS_Projects/sparse-ppo-drl-research/.venv/lib/python3.12/site-packages/gymnasium/spaces/box.py:234: UserWarning: [33mWARN: Box low's precision lowered by casting to float32, current low.dtype=float64[0m
  gym.logger.warn(
/Users/shouryakaveti/VS_Projects/sparse-ppo-drl-research/.venv/lib/python3.12/site-packages/gymnasium/spaces/box.py:304: UserWarning: [33mWARN: Box high's precision lowered by casting to float32, current high.dtype=float64[0m
  gym.logger.warn(
[injected] post-fork evaluation 0: 0.2 s for 1 episodes
WARNING:absl:SaveArgs.aggregate is deprecated, please use custom TypeHandler (https://orbax.readthedocs.io/en/latest/custom_handlers.html#typehandler) or contact Orbax team to migrate before May 1st, 2024.
WARNING:absl:SaveArgs.aggregate is deprecated, please use custom TypeHandler (https://orbax.readthedocs.io/en/latest/custom_handlers.html#typehandler) or contact Orbax team to migrate before May 1st, 2024.
WARNING:absl:SaveArgs.aggregate is deprecated, please use custom TypeHandler (https://orbax.readthedocs.io/en/latest/custom_handlers.html#typehandler) or contact Orbax team to migrate before May 1st, 2024.
WARNING:absl:SaveArgs.aggregate is deprecated, please use custom TypeHandler (https://orbax.readthedocs.io/en/latest/custom_handlers.html#typehandler) or contact Orbax team to migrate before May 1st, 2024.
WARNING:absl:SaveArgs.aggregate is deprecated, please use custom TypeHandler (https://orbax.readthedocs.io/en/latest/custom_handlers.html#typehandler) or contact Orbax team to migrate before May 1st, 2024.
WARNING:absl:SaveArgs.aggregate is deprecated, please use custom TypeHandler (https://orbax.readthedocs.io/en/latest/custom_handlers.html#typehandler) or contact Orbax team to migrate before May 1st, 2024.
WARNING:absl:SaveArgs.aggregate is deprecated, please use custom TypeHandler (https://orbax.readthedocs.io/en/latest/custom_handlers.html#typehandler) or contact Orbax team to migrate before May 1st, 2024.
WARNING:absl:SaveArgs.aggregate is deprecated, please use custom TypeHandler (https://orbax.readthedocs.io/en/latest/custom_handlers.html#typehandler) or contact Orbax team to migrate before May 1st, 2024.
WARNING:absl:SaveArgs.aggregate is deprecated, please use custom TypeHandler (https://orbax.readthedocs.io/en/latest/custom_handlers.html#typehandler) or contact Orbax team to migrate before May 1st, 2024.
WARNING:absl:SaveArgs.aggregate is deprecated, please use custom TypeHandler (https://orbax.readthedocs.io/en/latest/custom_handlers.html#typehandler) or contact Orbax team to migrate before May 1st, 2024.
WARNING:absl:SaveArgs.aggregate is deprecated, please use custom TypeHandler (https://orbax.readthedocs.io/en/latest/custom_handlers.html#typehandler) or contact Orbax team to migrate before May 1st, 2024.
WARNING:absl:SaveArgs.aggregate is deprecated, please use custom TypeHandler (https://orbax.readthedocs.io/en/latest/custom_handlers.html#typehandler) or contact Orbax team to migrate before May 1st, 2024.
WARNING:absl:SaveArgs.aggregate is deprecated, please use custom TypeHandler (https://orbax.readthedocs.io/en/latest/custom_handlers.html#typehandler) or contact Orbax team to migrate before May 1st, 2024.
/Users/shouryakaveti/VS_Projects/sparse-ppo-drl-research/.venv/lib/python3.12/site-packages/gymnasium/spaces/box.py:234: UserWarning: [33mWARN: Box low's precision lowered by casting to float32, current low.dtype=float64[0m
  gym.logger.warn(
/Users/shouryakaveti/VS_Projects/sparse-ppo-drl-research/.venv/lib/python3.12/site-packages/gymnasium/spaces/box.py:304: UserWarning: [33mWARN: Box high's precision lowered by casting to float32, current high.dtype=float64[0m
  gym.logger.warn(
[injected] post-fork evaluation 1: 0.0 s for 1 episodes
[injected] post-fork evaluation 2: 0.0 s for 1 episodes
[injected] post-fork evaluation 3: 0.0 s for 1 episodes
[injected] post-fork evaluation 4: 0.0 s for 1 episodes
/Users/shouryakaveti/VS_Projects/sparse-ppo-drl-research/.venv/lib/python3.12/site-packages/gymnasium/spaces/box.py:234: UserWarning: [33mWARN: Box low's precision lowered by casting to float32, current low.dtype=float64[0m
  gym.logger.warn(
/Users/shouryakaveti/VS_Projects/sparse-ppo-drl-research/.venv/lib/python3.12/site-packages/gymnasium/spaces/box.py:304: UserWarning: [33mWARN: Box high's precision lowered by casting to float32, current high.dtype=float64[0m
  gym.logger.warn(
[injected] post-fork evaluation 5: 0.0 s for 1 episodes
[injected] post-fork evaluation 6: 0.0 s for 1 episodes
[injected] post-fork evaluation 7: 0.0 s for 1 episodes
[injected] post-fork evaluation 8: 0.0 s for 1 episodes
[injected] post-fork evaluation 9: 0.0 s for 1 episodes
/Users/shouryakaveti/VS_Projects/sparse-ppo-drl-research/.venv/lib/python3.12/site-packages/gymnasium/spaces/box.py:234: UserWarning: [33mWARN: Box low's precision lowered by casting to float32, current low.dtype=float64[0m
  gym.logger.warn(
/Users/shouryakaveti/VS_Projects/sparse-ppo-drl-research/.venv/lib/python3.12/site-packages/gymnasium/spaces/box.py:304: UserWarning: [33mWARN: Box high's precision lowered by casting to float32, current high.dtype=float64[0m
  gym.logger.warn(
[injected] post-fork evaluation 10: 0.0 s for 1 episodes
[injected] post-fork evaluation 11: 0.0 s for 1 episodes
[injected] post-fork evaluation 12: 0.0 s for 1 episodes
[injected] post-fork evaluation 13: 0.0 s for 1 episodes
[injected] post-fork evaluation 14: 0.0 s for 1 episodes
/Users/shouryakaveti/VS_Projects/sparse-ppo-drl-research/.venv/lib/python3.12/site-packages/gymnasium/spaces/box.py:234: UserWarning: [33mWARN: Box low's precision lowered by casting to float32, current low.dtype=float64[0m
  gym.logger.warn(
/Users/shouryakaveti/VS_Projects/sparse-ppo-drl-research/.venv/lib/python3.12/site-packages/gymnasium/spaces/box.py:304: UserWarning: [33mWARN: Box high's precision lowered by casting to float32, current high.dtype=float64[0m
  gym.logger.warn(
[injected] post-fork evaluation 15: 0.0 s for 1 episodes
[injected] post-fork evaluation 16: 0.0 s for 1 episodes
[injected] post-fork evaluation 17: 0.0 s for 1 episodes
[injected] post-fork evaluation 18: 0.0 s for 1 episodes
[injected] post-fork evaluation 19: 0.0 s for 1 episodes
/Users/shouryakaveti/VS_Projects/sparse-ppo-drl-research/.venv/lib/python3.12/site-packages/gymnasium/spaces/box.py:234: UserWarning: [33mWARN: Box low's precision lowered by casting to float32, current low.dtype=float64[0m
  gym.logger.warn(
/Users/shouryakaveti/VS_Projects/sparse-ppo-drl-research/.venv/lib/python3.12/site-packages/gymnasium/spaces/box.py:304: UserWarning: [33mWARN: Box high's precision lowered by casting to float32, current high.dtype=float64[0m
  gym.logger.warn(
[injected] post-fork evaluation 20: 0.0 s for 1 episodes
[injected] post-fork evaluation 21: 0.0 s for 1 episodes
[injected] post-fork evaluation 22: 0.0 s for 1 episodes
[injected] post-fork evaluation 23: 0.0 s for 1 episodes
[injected] post-fork evaluation 24: 0.0 s for 1 episodes
/Users/shouryakaveti/VS_Projects/sparse-ppo-drl-research/.venv/lib/python3.12/site-packages/gymnasium/spaces/box.py:234: UserWarning: [33mWARN: Box low's precision lowered by casting to float32, current low.dtype=float64[0m
  gym.logger.warn(
/Users/shouryakaveti/VS_Projects/sparse-ppo-drl-research/.venv/lib/python3.12/site-packages/gymnasium/spaces/box.py:304: UserWarning: [33mWARN: Box high's precision lowered by casting to float32, current high.dtype=float64[0m
  gym.logger.warn(
[injected] post-fork evaluation 25: 0.0 s for 1 episodes
WARNING:absl:SaveArgs.aggregate is deprecated, please use custom TypeHandler (https://orbax.readthedocs.io/en/latest/custom_handlers.html#typehandler) or contact Orbax team to migrate before May 1st, 2024.
WARNING:absl:SaveArgs.aggregate is deprecated, please use custom TypeHandler (https://orbax.readthedocs.io/en/latest/custom_handlers.html#typehandler) or contact Orbax team to migrate before May 1st, 2024.
WARNING:absl:SaveArgs.aggregate is deprecated, please use custom TypeHandler (https://orbax.readthedocs.io/en/latest/custom_handlers.html#typehandler) or contact Orbax team to migrate before May 1st, 2024.
WARNING:absl:SaveArgs.aggregate is deprecated, please use custom TypeHandler (https://orbax.readthedocs.io/en/latest/custom_handlers.html#typehandler) or contact Orbax team to migrate before May 1st, 2024.
WARNING:absl:SaveArgs.aggregate is deprecated, please use custom TypeHandler (https://orbax.readthedocs.io/en/latest/custom_handlers.html#typehandler) or contact Orbax team to migrate before May 1st, 2024.
WARNING:absl:SaveArgs.aggregate is deprecated, please use custom TypeHandler (https://orbax.readthedocs.io/en/latest/custom_handlers.html#typehandler) or contact Orbax team to migrate before May 1st, 2024.
WARNING:absl:SaveArgs.aggregate is deprecated, please use custom TypeHandler (https://orbax.readthedocs.io/en/latest/custom_handlers.html#typehandler) or contact Orbax team to migrate before May 1st, 2024.
WARNING:absl:SaveArgs.aggregate is deprecated, please use custom TypeHandler (https://orbax.readthedocs.io/en/latest/custom_handlers.html#typehandler) or contact Orbax team to migrate before May 1st, 2024.
WARNING:absl:SaveArgs.aggregate is deprecated, please use custom TypeHandler (https://orbax.readthedocs.io/en/latest/custom_handlers.html#typehandler) or contact Orbax team to migrate before May 1st, 2024.
WARNING:absl:SaveArgs.aggregate is deprecated, please use custom TypeHandler (https://orbax.readthedocs.io/en/latest/custom_handlers.html#typehandler) or contact Orbax team to migrate before May 1st, 2024.
WARNING:absl:SaveArgs.aggregate is deprecated, please use custom TypeHandler (https://orbax.readthedocs.io/en/latest/custom_handlers.html#typehandler) or contact Orbax team to migrate before May 1st, 2024.
WARNING:absl:SaveArgs.aggregate is deprecated, please use custom TypeHandler (https://orbax.readthedocs.io/en/latest/custom_handlers.html#typehandler) or contact Orbax team to migrate before May 1st, 2024.
WARNING:absl:SaveArgs.aggregate is deprecated, please use custom TypeHandler (https://orbax.readthedocs.io/en/latest/custom_handlers.html#typehandler) or contact Orbax team to migrate before May 1st, 2024.
/tmp/exp12-validation-deps/arch/bootstrap/base.py:402: FutureWarning: random_state is deprecated and will be removed in a future version. The default random number generator is changing to a NumPy Generator. To continue using RandomState, please directly pass a RandomState instance using the ``generator`` keyword argument.
  warnings.warn(
/tmp/exp12-validation-deps/arch/bootstrap/base.py:402: FutureWarning: random_state is deprecated and will be removed in a future version. The default random number generator is changing to a NumPy Generator. To continue using RandomState, please directly pass a RandomState instance using the ``generator`` keyword argument.
  warnings.warn(
/tmp/exp12-validation-deps/arch/bootstrap/base.py:402: FutureWarning: random_state is deprecated and will be removed in a future version. The default random number generator is changing to a NumPy Generator. To continue using RandomState, please directly pass a RandomState instance using the ``generator`` keyword argument.
  warnings.warn(
/tmp/exp12-validation-deps/arch/bootstrap/base.py:402: FutureWarning: random_state is deprecated and will be removed in a future version. The default random number generator is changing to a NumPy Generator. To continue using RandomState, please directly pass a RandomState instance using the ``generator`` keyword argument.
  warnings.warn(
/tmp/exp12-validation-deps/arch/bootstrap/base.py:402: FutureWarning: random_state is deprecated and will be removed in a future version. The default random number generator is changing to a NumPy Generator. To continue using RandomState, please directly pass a RandomState instance using the ``generator`` keyword argument.
  warnings.warn(
/tmp/exp12-validation-deps/arch/bootstrap/base.py:402: FutureWarning: random_state is deprecated and will be removed in a future version. The default random number generator is changing to a NumPy Generator. To continue using RandomState, please directly pass a RandomState instance using the ``generator`` keyword argument.
  warnings.warn(
/tmp/exp12-validation-deps/arch/bootstrap/base.py:402: FutureWarning: random_state is deprecated and will be removed in a future version. The default random number generator is changing to a NumPy Generator. To continue using RandomState, please directly pass a RandomState instance using the ``generator`` keyword argument.
  warnings.warn(
/tmp/exp12-validation-deps/arch/bootstrap/base.py:402: FutureWarning: random_state is deprecated and will be removed in a future version. The default random number generator is changing to a NumPy Generator. To continue using RandomState, please directly pass a RandomState instance using the ``generator`` keyword argument.
  warnings.warn(
/tmp/exp12-validation-deps/arch/bootstrap/base.py:402: FutureWarning: random_state is deprecated and will be removed in a future version. The default random number generator is changing to a NumPy Generator. To continue using RandomState, please directly pass a RandomState instance using the ``generator`` keyword argument.
  warnings.warn(
/tmp/exp12-validation-deps/arch/bootstrap/base.py:402: FutureWarning: random_state is deprecated and will be removed in a future version. The default random number generator is changing to a NumPy Generator. To continue using RandomState, please directly pass a RandomState instance using the ``generator`` keyword argument.
  warnings.warn(
/tmp/exp12-validation-deps/arch/bootstrap/base.py:402: FutureWarning: random_state is deprecated and will be removed in a future version. The default random number generator is changing to a NumPy Generator. To continue using RandomState, please directly pass a RandomState instance using the ``generator`` keyword argument.
  warnings.warn(
/tmp/exp12-validation-deps/arch/bootstrap/base.py:402: FutureWarning: random_state is deprecated and will be removed in a future version. The default random number generator is changing to a NumPy Generator. To continue using RandomState, please directly pass a RandomState instance using the ``generator`` keyword argument.
  warnings.warn(
/tmp/exp12-validation-deps/arch/bootstrap/base.py:402: FutureWarning: random_state is deprecated and will be removed in a future version. The default random number generator is changing to a NumPy Generator. To continue using RandomState, please directly pass a RandomState instance using the ``generator`` keyword argument.
  warnings.warn(
/tmp/exp12-validation-deps/arch/bootstrap/base.py:402: FutureWarning: random_state is deprecated and will be removed in a future version. The default random number generator is changing to a NumPy Generator. To continue using RandomState, please directly pass a RandomState instance using the ``generator`` keyword argument.
  warnings.warn(
/tmp/exp12-validation-deps/arch/bootstrap/base.py:402: FutureWarning: random_state is deprecated and will be removed in a future version. The default random number generator is changing to a NumPy Generator. To continue using RandomState, please directly pass a RandomState instance using the ``generator`` keyword argument.
  warnings.warn(
/tmp/exp12-validation-deps/arch/bootstrap/base.py:402: FutureWarning: random_state is deprecated and will be removed in a future version. The default random number generator is changing to a NumPy Generator. To continue using RandomState, please directly pass a RandomState instance using the ``generator`` keyword argument.
  warnings.warn(
/tmp/exp12-validation-deps/arch/bootstrap/base.py:402: FutureWarning: random_state is deprecated and will be removed in a future version. The default random number generator is changing to a NumPy Generator. To continue using RandomState, please directly pass a RandomState instance using the ``generator`` keyword argument.
  warnings.warn(
/tmp/exp12-validation-deps/arch/bootstrap/base.py:402: FutureWarning: random_state is deprecated and will be removed in a future version. The default random number generator is changing to a NumPy Generator. To continue using RandomState, please directly pass a RandomState instance using the ``generator`` keyword argument.
  warnings.warn(
/tmp/exp12-validation-deps/arch/bootstrap/base.py:402: FutureWarning: random_state is deprecated and will be removed in a future version. The default random number generator is changing to a NumPy Generator. To continue using RandomState, please directly pass a RandomState instance using the ``generator`` keyword argument.
  warnings.warn(
/tmp/exp12-validation-deps/arch/bootstrap/base.py:402: FutureWarning: random_state is deprecated and will be removed in a future version. The default random number generator is changing to a NumPy Generator. To continue using RandomState, please directly pass a RandomState instance using the ``generator`` keyword argument.
  warnings.warn(
/tmp/exp12-validation-deps/arch/bootstrap/base.py:402: FutureWarning: random_state is deprecated and will be removed in a future version. The default random number generator is changing to a NumPy Generator. To continue using RandomState, please directly pass a RandomState instance using the ``generator`` keyword argument.
  warnings.warn(
/tmp/exp12-validation-deps/arch/bootstrap/base.py:402: FutureWarning: random_state is deprecated and will be removed in a future version. The default random number generator is changing to a NumPy Generator. To continue using RandomState, please directly pass a RandomState instance using the ``generator`` keyword argument.
  warnings.warn(
/tmp/exp12-validation-deps/arch/bootstrap/base.py:402: FutureWarning: random_state is deprecated and will be removed in a future version. The default random number generator is changing to a NumPy Generator. To continue using RandomState, please directly pass a RandomState instance using the ``generator`` keyword argument.
  warnings.warn(
/tmp/exp12-validation-deps/arch/bootstrap/base.py:402: FutureWarning: random_state is deprecated and will be removed in a future version. The default random number generator is changing to a NumPy Generator. To continue using RandomState, please directly pass a RandomState instance using the ``generator`` keyword argument.
  warnings.warn(
/tmp/exp12-validation-deps/arch/bootstrap/base.py:402: FutureWarning: random_state is deprecated and will be removed in a future version. The default random number generator is changing to a NumPy Generator. To continue using RandomState, please directly pass a RandomState instance using the ``generator`` keyword argument.
  warnings.warn(
/tmp/exp12-validation-deps/arch/bootstrap/base.py:402: FutureWarning: random_state is deprecated and will be removed in a future version. The default random number generator is changing to a NumPy Generator. To continue using RandomState, please directly pass a RandomState instance using the ``generator`` keyword argument.
  warnings.warn(
/tmp/exp12-validation-deps/arch/bootstrap/base.py:402: FutureWarning: random_state is deprecated and will be removed in a future version. The default random number generator is changing to a NumPy Generator. To continue using RandomState, please directly pass a RandomState instance using the ``generator`` keyword argument.
  warnings.warn(
/tmp/exp12-validation-deps/arch/bootstrap/base.py:402: FutureWarning: random_state is deprecated and will be removed in a future version. The default random number generator is changing to a NumPy Generator. To continue using RandomState, please directly pass a RandomState instance using the ``generator`` keyword argument.
  warnings.warn(
/tmp/exp12-validation-deps/arch/bootstrap/base.py:402: FutureWarning: random_state is deprecated and will be removed in a future version. The default random number generator is changing to a NumPy Generator. To continue using RandomState, please directly pass a RandomState instance using the ``generator`` keyword argument.
  warnings.warn(
/tmp/exp12-validation-deps/arch/bootstrap/base.py:402: FutureWarning: random_state is deprecated and will be removed in a future version. The default random number generator is changing to a NumPy Generator. To continue using RandomState, please directly pass a RandomState instance using the ``generator`` keyword argument.
  warnings.warn(
/tmp/exp12-validation-deps/arch/bootstrap/base.py:402: FutureWarning: random_state is deprecated and will be removed in a future version. The default random number generator is changing to a NumPy Generator. To continue using RandomState, please directly pass a RandomState instance using the ``generator`` keyword argument.
  warnings.warn(
/tmp/exp12-validation-deps/arch/bootstrap/base.py:402: FutureWarning: random_state is deprecated and will be removed in a future version. The default random number generator is changing to a NumPy Generator. To continue using RandomState, please directly pass a RandomState instance using the ``generator`` keyword argument.
  warnings.warn(
/tmp/exp12-validation-deps/arch/bootstrap/base.py:402: FutureWarning: random_state is deprecated and will be removed in a future version. The default random number generator is changing to a NumPy Generator. To continue using RandomState, please directly pass a RandomState instance using the ``generator`` keyword argument.
  warnings.warn(
/tmp/exp12-validation-deps/arch/bootstrap/base.py:402: FutureWarning: random_state is deprecated and will be removed in a future version. The default random number generator is changing to a NumPy Generator. To continue using RandomState, please directly pass a RandomState instance using the ``generator`` keyword argument.
  warnings.warn(
/tmp/exp12-validation-deps/arch/bootstrap/base.py:402: FutureWarning: random_state is deprecated and will be removed in a future version. The default random number generator is changing to a NumPy Generator. To continue using RandomState, please directly pass a RandomState instance using the ``generator`` keyword argument.
  warnings.warn(
/tmp/exp12-validation-deps/arch/bootstrap/base.py:402: FutureWarning: random_state is deprecated and will be removed in a future version. The default random number generator is changing to a NumPy Generator. To continue using RandomState, please directly pass a RandomState instance using the ``generator`` keyword argument.
  warnings.warn(
/tmp/exp12-validation-deps/arch/bootstrap/base.py:402: FutureWarning: random_state is deprecated and will be removed in a future version. The default random number generator is changing to a NumPy Generator. To continue using RandomState, please directly pass a RandomState instance using the ``generator`` keyword argument.
  warnings.warn(
/tmp/exp12-validation-deps/arch/bootstrap/base.py:402: FutureWarning: random_state is deprecated and will be removed in a future version. The default random number generator is changing to a NumPy Generator. To continue using RandomState, please directly pass a RandomState instance using the ``generator`` keyword argument.
  warnings.warn(
/tmp/exp12-validation-deps/arch/bootstrap/base.py:402: FutureWarning: random_state is deprecated and will be removed in a future version. The default random number generator is changing to a NumPy Generator. To continue using RandomState, please directly pass a RandomState instance using the ``generator`` keyword argument.
  warnings.warn(
/tmp/exp12-validation-deps/arch/bootstrap/base.py:402: FutureWarning: random_state is deprecated and will be removed in a future version. The default random number generator is changing to a NumPy Generator. To continue using RandomState, please directly pass a RandomState instance using the ``generator`` keyword argument.
  warnings.warn(
/tmp/exp12-validation-deps/arch/bootstrap/base.py:402: FutureWarning: random_state is deprecated and will be removed in a future version. The default random number generator is changing to a NumPy Generator. To continue using RandomState, please directly pass a RandomState instance using the ``generator`` keyword argument.
  warnings.warn(
/tmp/exp12-validation-deps/arch/bootstrap/base.py:402: FutureWarning: random_state is deprecated and will be removed in a future version. The default random number generator is changing to a NumPy Generator. To continue using RandomState, please directly pass a RandomState instance using the ``generator`` keyword argument.
  warnings.warn(
/tmp/exp12-validation-deps/arch/bootstrap/base.py:402: FutureWarning: random_state is deprecated and will be removed in a future version. The default random number generator is changing to a NumPy Generator. To continue using RandomState, please directly pass a RandomState instance using the ``generator`` keyword argument.
  warnings.warn(
ok
test_evaluate_chooses_m (tests.test_exp12_positive_control.MSelectionArithmeticTest.test_evaluate_chooses_m) ... ok
test_evaluate_stops_on_noise (tests.test_exp12_positive_control.MSelectionArithmeticTest.test_evaluate_stops_on_noise) ... ok
test_evaluate_stops_when_l_trigger_is_not_positive (tests.test_exp12_positive_control.MSelectionArithmeticTest.test_evaluate_stops_when_l_trigger_is_not_positive) ... ok
test_loss_rounds_ordered_numerically (tests.test_exp12_positive_control.MSelectionArithmeticTest.test_loss_rounds_ordered_numerically) ... ok
test_noise_exactly_at_the_threshold_stops (tests.test_exp12_positive_control.MSelectionArithmeticTest.test_noise_exactly_at_the_threshold_stops) ... ok
test_pooled_sd (tests.test_exp12_positive_control.MSelectionArithmeticTest.test_pooled_sd) ... ok
test_recovery_toward_the_fresh_critic (tests.test_exp12_positive_control.MSelectionArithmeticTest.test_recovery_toward_the_fresh_critic) ... ok
test_select_smallest_m_within_tolerance (tests.test_exp12_positive_control.MSelectionArithmeticTest.test_select_smallest_m_within_tolerance) ... ok
WARNING:absl:SaveArgs.aggregate is deprecated, please use custom TypeHandler (https://orbax.readthedocs.io/en/latest/custom_handlers.html#typehandler) or contact Orbax team to migrate before May 1st, 2024.
WARNING:absl:SaveArgs.aggregate is deprecated, please use custom TypeHandler (https://orbax.readthedocs.io/en/latest/custom_handlers.html#typehandler) or contact Orbax team to migrate before May 1st, 2024.
WARNING:absl:SaveArgs.aggregate is deprecated, please use custom TypeHandler (https://orbax.readthedocs.io/en/latest/custom_handlers.html#typehandler) or contact Orbax team to migrate before May 1st, 2024.
WARNING:absl:SaveArgs.aggregate is deprecated, please use custom TypeHandler (https://orbax.readthedocs.io/en/latest/custom_handlers.html#typehandler) or contact Orbax team to migrate before May 1st, 2024.
WARNING:absl:SaveArgs.aggregate is deprecated, please use custom TypeHandler (https://orbax.readthedocs.io/en/latest/custom_handlers.html#typehandler) or contact Orbax team to migrate before May 1st, 2024.
WARNING:absl:SaveArgs.aggregate is deprecated, please use custom TypeHandler (https://orbax.readthedocs.io/en/latest/custom_handlers.html#typehandler) or contact Orbax team to migrate before May 1st, 2024.
WARNING:absl:SaveArgs.aggregate is deprecated, please use custom TypeHandler (https://orbax.readthedocs.io/en/latest/custom_handlers.html#typehandler) or contact Orbax team to migrate before May 1st, 2024.
WARNING:absl:SaveArgs.aggregate is deprecated, please use custom TypeHandler (https://orbax.readthedocs.io/en/latest/custom_handlers.html#typehandler) or contact Orbax team to migrate before May 1st, 2024.
WARNING:absl:SaveArgs.aggregate is deprecated, please use custom TypeHandler (https://orbax.readthedocs.io/en/latest/custom_handlers.html#typehandler) or contact Orbax team to migrate before May 1st, 2024.
WARNING:absl:SaveArgs.aggregate is deprecated, please use custom TypeHandler (https://orbax.readthedocs.io/en/latest/custom_handlers.html#typehandler) or contact Orbax team to migrate before May 1st, 2024.
WARNING:absl:SaveArgs.aggregate is deprecated, please use custom TypeHandler (https://orbax.readthedocs.io/en/latest/custom_handlers.html#typehandler) or contact Orbax team to migrate before May 1st, 2024.
 total params: 1.54K
[exp1] fork state saved at interaction_step 100 in 0.1 s
/Users/shouryakaveti/VS_Projects/sparse-ppo-drl-research/.venv/lib/python3.12/site-packages/orbax/checkpoint/type_handlers.py:1475: UserWarning: Couldn't find sharding info under RestoreArgs. Populating sharding info from sharding file. Please note restoration time will be slightly increased due to reading from file instead of directly from RestoreArgs.
  warnings.warn(
 total params: 1.54K
[exp1] restored interaction_step 100 from /var/folders/ms/h3zjmq652jvg08wcslr2z3t80000gn/T/tmp7785iq0r/dev_run/fork/state/step_000000100_8d53f9e4 in 0.1 s
[control] post-fork evaluation 0: 0.2 s for 1 episodes
[control] post-fork evaluation 1: 0.0 s for 1 episodes
[control] post-fork evaluation 2: 0.0 s for 1 episodes
[control] post-fork evaluation 3: 0.0 s for 1 episodes
[control] post-fork evaluation 4: 0.0 s for 1 episodes
[control] post-fork evaluation 5: 0.0 s for 1 episodes
[control] post-fork evaluation 6: 0.0 s for 1 episodes
[control] post-fork evaluation 7: 0.0 s for 1 episodes
[control] post-fork evaluation 8: 0.0 s for 1 episodes
[control] post-fork evaluation 9: 0.0 s for 1 episodes
[control] post-fork evaluation 10: 0.0 s for 1 episodes
[control] post-fork evaluation 11: 0.0 s for 1 episodes
[control] post-fork evaluation 12: 0.0 s for 1 episodes
[control] post-fork evaluation 13: 0.0 s for 1 episodes
[control] post-fork evaluation 14: 0.0 s for 1 episodes
[control] post-fork evaluation 15: 0.0 s for 1 episodes
[control] post-fork evaluation 16: 0.0 s for 1 episodes
[control] post-fork evaluation 17: 0.0 s for 1 episodes
[control] post-fork evaluation 18: 0.0 s for 1 episodes
[control] post-fork evaluation 19: 0.0 s for 1 episodes
[control] post-fork evaluation 20: 0.0 s for 1 episodes
[control] post-fork evaluation 21: 0.0 s for 1 episodes
[control] post-fork evaluation 22: 0.0 s for 1 episodes
[control] post-fork evaluation 23: 0.0 s for 1 episodes
[control] post-fork evaluation 24: 0.0 s for 1 episodes
[control] post-fork evaluation 25: 0.0 s for 1 episodes
WARNING:absl:SaveArgs.aggregate is deprecated, please use custom TypeHandler (https://orbax.readthedocs.io/en/latest/custom_handlers.html#typehandler) or contact Orbax team to migrate before May 1st, 2024.
WARNING:absl:SaveArgs.aggregate is deprecated, please use custom TypeHandler (https://orbax.readthedocs.io/en/latest/custom_handlers.html#typehandler) or contact Orbax team to migrate before May 1st, 2024.
WARNING:absl:SaveArgs.aggregate is deprecated, please use custom TypeHandler (https://orbax.readthedocs.io/en/latest/custom_handlers.html#typehandler) or contact Orbax team to migrate before May 1st, 2024.
WARNING:absl:SaveArgs.aggregate is deprecated, please use custom TypeHandler (https://orbax.readthedocs.io/en/latest/custom_handlers.html#typehandler) or contact Orbax team to migrate before May 1st, 2024.
WARNING:absl:SaveArgs.aggregate is deprecated, please use custom TypeHandler (https://orbax.readthedocs.io/en/latest/custom_handlers.html#typehandler) or contact Orbax team to migrate before May 1st, 2024.
WARNING:absl:SaveArgs.aggregate is deprecated, please use custom TypeHandler (https://orbax.readthedocs.io/en/latest/custom_handlers.html#typehandler) or contact Orbax team to migrate before May 1st, 2024.
WARNING:absl:SaveArgs.aggregate is deprecated, please use custom TypeHandler (https://orbax.readthedocs.io/en/latest/custom_handlers.html#typehandler) or contact Orbax team to migrate before May 1st, 2024.
WARNING:absl:SaveArgs.aggregate is deprecated, please use custom TypeHandler (https://orbax.readthedocs.io/en/latest/custom_handlers.html#typehandler) or contact Orbax team to migrate before May 1st, 2024.
WARNING:absl:SaveArgs.aggregate is deprecated, please use custom TypeHandler (https://orbax.readthedocs.io/en/latest/custom_handlers.html#typehandler) or contact Orbax team to migrate before May 1st, 2024.
WARNING:absl:SaveArgs.aggregate is deprecated, please use custom TypeHandler (https://orbax.readthedocs.io/en/latest/custom_handlers.html#typehandler) or contact Orbax team to migrate before May 1st, 2024.
WARNING:absl:SaveArgs.aggregate is deprecated, please use custom TypeHandler (https://orbax.readthedocs.io/en/latest/custom_handlers.html#typehandler) or contact Orbax team to migrate before May 1st, 2024.
WARNING:absl:SaveArgs.aggregate is deprecated, please use custom TypeHandler (https://orbax.readthedocs.io/en/latest/custom_handlers.html#typehandler) or contact Orbax team to migrate before May 1st, 2024.
WARNING:absl:SaveArgs.aggregate is deprecated, please use custom TypeHandler (https://orbax.readthedocs.io/en/latest/custom_handlers.html#typehandler) or contact Orbax team to migrate before May 1st, 2024.
WARNING:absl:SaveArgs.aggregate is deprecated, please use custom TypeHandler (https://orbax.readthedocs.io/en/latest/custom_handlers.html#typehandler) or contact Orbax team to migrate before May 1st, 2024.
WARNING:absl:SaveArgs.aggregate is deprecated, please use custom TypeHandler (https://orbax.readthedocs.io/en/latest/custom_handlers.html#typehandler) or contact Orbax team to migrate before May 1st, 2024.
WARNING:absl:SaveArgs.aggregate is deprecated, please use custom TypeHandler (https://orbax.readthedocs.io/en/latest/custom_handlers.html#typehandler) or contact Orbax team to migrate before May 1st, 2024.
WARNING:absl:SaveArgs.aggregate is deprecated, please use custom TypeHandler (https://orbax.readthedocs.io/en/latest/custom_handlers.html#typehandler) or contact Orbax team to migrate before May 1st, 2024.
WARNING:absl:SaveArgs.aggregate is deprecated, please use custom TypeHandler (https://orbax.readthedocs.io/en/latest/custom_handlers.html#typehandler) or contact Orbax team to migrate before May 1st, 2024.
WARNING:absl:SaveArgs.aggregate is deprecated, please use custom TypeHandler (https://orbax.readthedocs.io/en/latest/custom_handlers.html#typehandler) or contact Orbax team to migrate before May 1st, 2024.
WARNING:absl:SaveArgs.aggregate is deprecated, please use custom TypeHandler (https://orbax.readthedocs.io/en/latest/custom_handlers.html#typehandler) or contact Orbax team to migrate before May 1st, 2024.
WARNING:absl:SaveArgs.aggregate is deprecated, please use custom TypeHandler (https://orbax.readthedocs.io/en/latest/custom_handlers.html#typehandler) or contact Orbax team to migrate before May 1st, 2024.
WARNING:absl:SaveArgs.aggregate is deprecated, please use custom TypeHandler (https://orbax.readthedocs.io/en/latest/custom_handlers.html#typehandler) or contact Orbax team to migrate before May 1st, 2024.
test_cli_needs_no_definition_flags (tests.test_exp12_positive_control.PositiveControlEndToEndTest.test_cli_needs_no_definition_flags) ... usage: python -m unittest [-h] --run_dir RUN_DIR --out_dir OUT_DIR
                          [--allow_any_setting]
python -m unittest: error: unrecognized arguments: --healthy_reference last_pre_trigger
ok
test_full_report (tests.test_exp12_positive_control.PositiveControlEndToEndTest.test_full_report) ... /Users/shouryakaveti/VS_Projects/sparse-ppo-drl-research/.venv/lib/python3.12/site-packages/orbax/checkpoint/type_handlers.py:1475: UserWarning: Couldn't find sharding info under RestoreArgs. Populating sharding info from sharding file. Please note restoration time will be slightly increased due to reading from file instead of directly from RestoreArgs.
  warnings.warn(
 total params: 1.54K
 total params: 1.54K
{"status": "stop", "stop": "L at the trigger (-0.0543127) is not above 0; recovery is undefined", "chosen_m": null}
ok
test_injection_does_not_change_predictions_before_the_probe (tests.test_exp12_positive_control.PositiveControlEndToEndTest.test_injection_does_not_change_predictions_before_the_probe) ... /Users/shouryakaveti/VS_Projects/sparse-ppo-drl-research/.venv/lib/python3.12/site-packages/orbax/checkpoint/type_handlers.py:1475: UserWarning: Couldn't find sharding info under RestoreArgs. Populating sharding info from sharding file. Please note restoration time will be slightly increased due to reading from file instead of directly from RestoreArgs.
  warnings.warn(

[positive control, tiny forced run] status=stop stop=L at the trigger (-0.0543127) is not above 0; recovery is undefined
 total params: 1.54K
{"status": "stop", "stop": "L at the trigger (-0.0543127) is not above 0; recovery is undefined", "chosen_m": null}
ok
test_never_triggered_run_stops (tests.test_exp12_positive_control.PositiveControlEndToEndTest.test_never_triggered_run_stops) ... {"status": "stop", "stop": "the development run has no fork (it never triggered); consult the project lead, the trigger is never loosened", "chosen_m": null}
ok
test_refuses_wrong_setting (tests.test_exp12_positive_control.PositiveControlEndToEndTest.test_refuses_wrong_setting) ... ok
test_default_is_each_critics_own_offset (tests.test_exp12_positive_control.SharedOffsetTest.test_default_is_each_critics_own_offset) ... ok
test_shared_offset_modes (tests.test_exp12_positive_control.SharedOffsetTest.test_shared_offset_modes) ... ok
test_a_critic_that_learns_scores_higher_than_one_that_cannot (tests.test_exp12_probe.ProbeArithmeticTest.test_a_critic_that_learns_scores_higher_than_one_that_cannot) ... ok
test_frozen_constant_critic_has_known_score (tests.test_exp12_probe.ProbeArithmeticTest.test_frozen_constant_critic_has_known_score) ... ok
test_iqm_matches_rliable_definition (tests.test_exp12_probe.ProbeArithmeticTest.test_iqm_matches_rliable_definition) ... ok
test_non_finite_round_marks_check_invalid (tests.test_exp12_probe.ProbeArithmeticTest.test_non_finite_round_marks_check_invalid) ... ok
test_sign_convention_plasticity_loss_positive_when_current_is_worse (tests.test_exp12_probe.ProbeArithmeticTest.test_sign_convention_plasticity_loss_positive_when_current_is_worse) ... ok
test_breaking_probe_isolation_is_detected (tests.test_exp12_probe.ProbeDoesNotChangeTrainingTest.test_breaking_probe_isolation_is_detected) ... WARNING:absl:SaveArgs.aggregate is deprecated, please use custom TypeHandler (https://orbax.readthedocs.io/en/latest/custom_handlers.html#typehandler) or contact Orbax team to migrate before May 1st, 2024.
WARNING:absl:SaveArgs.aggregate is deprecated, please use custom TypeHandler (https://orbax.readthedocs.io/en/latest/custom_handlers.html#typehandler) or contact Orbax team to migrate before May 1st, 2024.
WARNING:absl:SaveArgs.aggregate is deprecated, please use custom TypeHandler (https://orbax.readthedocs.io/en/latest/custom_handlers.html#typehandler) or contact Orbax team to migrate before May 1st, 2024.
WARNING:absl:SaveArgs.aggregate is deprecated, please use custom TypeHandler (https://orbax.readthedocs.io/en/latest/custom_handlers.html#typehandler) or contact Orbax team to migrate before May 1st, 2024.
WARNING:absl:SaveArgs.aggregate is deprecated, please use custom TypeHandler (https://orbax.readthedocs.io/en/latest/custom_handlers.html#typehandler) or contact Orbax team to migrate before May 1st, 2024.
WARNING:absl:SaveArgs.aggregate is deprecated, please use custom TypeHandler (https://orbax.readthedocs.io/en/latest/custom_handlers.html#typehandler) or contact Orbax team to migrate before May 1st, 2024.
WARNING:absl:SaveArgs.aggregate is deprecated, please use custom TypeHandler (https://orbax.readthedocs.io/en/latest/custom_handlers.html#typehandler) or contact Orbax team to migrate before May 1st, 2024.
WARNING:absl:SaveArgs.aggregate is deprecated, please use custom TypeHandler (https://orbax.readthedocs.io/en/latest/custom_handlers.html#typehandler) or contact Orbax team to migrate before May 1st, 2024.
WARNING:absl:SaveArgs.aggregate is deprecated, please use custom TypeHandler (https://orbax.readthedocs.io/en/latest/custom_handlers.html#typehandler) or contact Orbax team to migrate before May 1st, 2024.
WARNING:absl:SaveArgs.aggregate is deprecated, please use custom TypeHandler (https://orbax.readthedocs.io/en/latest/custom_handlers.html#typehandler) or contact Orbax team to migrate before May 1st, 2024.
WARNING:absl:SaveArgs.aggregate is deprecated, please use custom TypeHandler (https://orbax.readthedocs.io/en/latest/custom_handlers.html#typehandler) or contact Orbax team to migrate before May 1st, 2024.
WARNING:absl:SaveArgs.aggregate is deprecated, please use custom TypeHandler (https://orbax.readthedocs.io/en/latest/custom_handlers.html#typehandler) or contact Orbax team to migrate before May 1st, 2024.
WARNING:absl:SaveArgs.aggregate is deprecated, please use custom TypeHandler (https://orbax.readthedocs.io/en/latest/custom_handlers.html#typehandler) or contact Orbax team to migrate before May 1st, 2024.
WARNING:absl:SaveArgs.aggregate is deprecated, please use custom TypeHandler (https://orbax.readthedocs.io/en/latest/custom_handlers.html#typehandler) or contact Orbax team to migrate before May 1st, 2024.
WARNING:absl:SaveArgs.aggregate is deprecated, please use custom TypeHandler (https://orbax.readthedocs.io/en/latest/custom_handlers.html#typehandler) or contact Orbax team to migrate before May 1st, 2024.
WARNING:absl:SaveArgs.aggregate is deprecated, please use custom TypeHandler (https://orbax.readthedocs.io/en/latest/custom_handlers.html#typehandler) or contact Orbax team to migrate before May 1st, 2024.
WARNING:absl:SaveArgs.aggregate is deprecated, please use custom TypeHandler (https://orbax.readthedocs.io/en/latest/custom_handlers.html#typehandler) or contact Orbax team to migrate before May 1st, 2024.
WARNING:absl:SaveArgs.aggregate is deprecated, please use custom TypeHandler (https://orbax.readthedocs.io/en/latest/custom_handlers.html#typehandler) or contact Orbax team to migrate before May 1st, 2024.
WARNING:absl:SaveArgs.aggregate is deprecated, please use custom TypeHandler (https://orbax.readthedocs.io/en/latest/custom_handlers.html#typehandler) or contact Orbax team to migrate before May 1st, 2024.
WARNING:absl:SaveArgs.aggregate is deprecated, please use custom TypeHandler (https://orbax.readthedocs.io/en/latest/custom_handlers.html#typehandler) or contact Orbax team to migrate before May 1st, 2024.
WARNING:absl:SaveArgs.aggregate is deprecated, please use custom TypeHandler (https://orbax.readthedocs.io/en/latest/custom_handlers.html#typehandler) or contact Orbax team to migrate before May 1st, 2024.
WARNING:absl:SaveArgs.aggregate is deprecated, please use custom TypeHandler (https://orbax.readthedocs.io/en/latest/custom_handlers.html#typehandler) or contact Orbax team to migrate before May 1st, 2024.
/Users/shouryakaveti/VS_Projects/sparse-ppo-drl-research/.venv/lib/python3.12/site-packages/orbax/checkpoint/type_handlers.py:1475: UserWarning: Couldn't find sharding info under RestoreArgs. Populating sharding info from sharding file. Please note restoration time will be slightly increased due to reading from file instead of directly from RestoreArgs.
  warnings.warn(
WARNING:absl:SaveArgs.aggregate is deprecated, please use custom TypeHandler (https://orbax.readthedocs.io/en/latest/custom_handlers.html#typehandler) or contact Orbax team to migrate before May 1st, 2024.
WARNING:absl:SaveArgs.aggregate is deprecated, please use custom TypeHandler (https://orbax.readthedocs.io/en/latest/custom_handlers.html#typehandler) or contact Orbax team to migrate before May 1st, 2024.
WARNING:absl:SaveArgs.aggregate is deprecated, please use custom TypeHandler (https://orbax.readthedocs.io/en/latest/custom_handlers.html#typehandler) or contact Orbax team to migrate before May 1st, 2024.
WARNING:absl:SaveArgs.aggregate is deprecated, please use custom TypeHandler (https://orbax.readthedocs.io/en/latest/custom_handlers.html#typehandler) or contact Orbax team to migrate before May 1st, 2024.
WARNING:absl:SaveArgs.aggregate is deprecated, please use custom TypeHandler (https://orbax.readthedocs.io/en/latest/custom_handlers.html#typehandler) or contact Orbax team to migrate before May 1st, 2024.
WARNING:absl:SaveArgs.aggregate is deprecated, please use custom TypeHandler (https://orbax.readthedocs.io/en/latest/custom_handlers.html#typehandler) or contact Orbax team to migrate before May 1st, 2024.
WARNING:absl:SaveArgs.aggregate is deprecated, please use custom TypeHandler (https://orbax.readthedocs.io/en/latest/custom_handlers.html#typehandler) or contact Orbax team to migrate before May 1st, 2024.
WARNING:absl:SaveArgs.aggregate is deprecated, please use custom TypeHandler (https://orbax.readthedocs.io/en/latest/custom_handlers.html#typehandler) or contact Orbax team to migrate before May 1st, 2024.
WARNING:absl:SaveArgs.aggregate is deprecated, please use custom TypeHandler (https://orbax.readthedocs.io/en/latest/custom_handlers.html#typehandler) or contact Orbax team to migrate before May 1st, 2024.
WARNING:absl:SaveArgs.aggregate is deprecated, please use custom TypeHandler (https://orbax.readthedocs.io/en/latest/custom_handlers.html#typehandler) or contact Orbax team to migrate before May 1st, 2024.
WARNING:absl:SaveArgs.aggregate is deprecated, please use custom TypeHandler (https://orbax.readthedocs.io/en/latest/custom_handlers.html#typehandler) or contact Orbax team to migrate before May 1st, 2024.
/Users/shouryakaveti/VS_Projects/sparse-ppo-drl-research/.venv/lib/python3.12/site-packages/orbax/checkpoint/type_handlers.py:1475: UserWarning: Couldn't find sharding info under RestoreArgs. Populating sharding info from sharding file. Please note restoration time will be slightly increased due to reading from file instead of directly from RestoreArgs.
  warnings.warn(
ok
test_probes_on_equals_probes_off (tests.test_exp12_probe.ProbeDoesNotChangeTrainingTest.test_probes_on_equals_probes_off) ... WARNING:absl:SaveArgs.aggregate is deprecated, please use custom TypeHandler (https://orbax.readthedocs.io/en/latest/custom_handlers.html#typehandler) or contact Orbax team to migrate before May 1st, 2024.
WARNING:absl:SaveArgs.aggregate is deprecated, please use custom TypeHandler (https://orbax.readthedocs.io/en/latest/custom_handlers.html#typehandler) or contact Orbax team to migrate before May 1st, 2024.
WARNING:absl:SaveArgs.aggregate is deprecated, please use custom TypeHandler (https://orbax.readthedocs.io/en/latest/custom_handlers.html#typehandler) or contact Orbax team to migrate before May 1st, 2024.
WARNING:absl:SaveArgs.aggregate is deprecated, please use custom TypeHandler (https://orbax.readthedocs.io/en/latest/custom_handlers.html#typehandler) or contact Orbax team to migrate before May 1st, 2024.
WARNING:absl:SaveArgs.aggregate is deprecated, please use custom TypeHandler (https://orbax.readthedocs.io/en/latest/custom_handlers.html#typehandler) or contact Orbax team to migrate before May 1st, 2024.
WARNING:absl:SaveArgs.aggregate is deprecated, please use custom TypeHandler (https://orbax.readthedocs.io/en/latest/custom_handlers.html#typehandler) or contact Orbax team to migrate before May 1st, 2024.
WARNING:absl:SaveArgs.aggregate is deprecated, please use custom TypeHandler (https://orbax.readthedocs.io/en/latest/custom_handlers.html#typehandler) or contact Orbax team to migrate before May 1st, 2024.
WARNING:absl:SaveArgs.aggregate is deprecated, please use custom TypeHandler (https://orbax.readthedocs.io/en/latest/custom_handlers.html#typehandler) or contact Orbax team to migrate before May 1st, 2024.
WARNING:absl:SaveArgs.aggregate is deprecated, please use custom TypeHandler (https://orbax.readthedocs.io/en/latest/custom_handlers.html#typehandler) or contact Orbax team to migrate before May 1st, 2024.
WARNING:absl:SaveArgs.aggregate is deprecated, please use custom TypeHandler (https://orbax.readthedocs.io/en/latest/custom_handlers.html#typehandler) or contact Orbax team to migrate before May 1st, 2024.
WARNING:absl:SaveArgs.aggregate is deprecated, please use custom TypeHandler (https://orbax.readthedocs.io/en/latest/custom_handlers.html#typehandler) or contact Orbax team to migrate before May 1st, 2024.
WARNING:absl:SaveArgs.aggregate is deprecated, please use custom TypeHandler (https://orbax.readthedocs.io/en/latest/custom_handlers.html#typehandler) or contact Orbax team to migrate before May 1st, 2024.
WARNING:absl:SaveArgs.aggregate is deprecated, please use custom TypeHandler (https://orbax.readthedocs.io/en/latest/custom_handlers.html#typehandler) or contact Orbax team to migrate before May 1st, 2024.
WARNING:absl:SaveArgs.aggregate is deprecated, please use custom TypeHandler (https://orbax.readthedocs.io/en/latest/custom_handlers.html#typehandler) or contact Orbax team to migrate before May 1st, 2024.
WARNING:absl:SaveArgs.aggregate is deprecated, please use custom TypeHandler (https://orbax.readthedocs.io/en/latest/custom_handlers.html#typehandler) or contact Orbax team to migrate before May 1st, 2024.
WARNING:absl:SaveArgs.aggregate is deprecated, please use custom TypeHandler (https://orbax.readthedocs.io/en/latest/custom_handlers.html#typehandler) or contact Orbax team to migrate before May 1st, 2024.
WARNING:absl:SaveArgs.aggregate is deprecated, please use custom TypeHandler (https://orbax.readthedocs.io/en/latest/custom_handlers.html#typehandler) or contact Orbax team to migrate before May 1st, 2024.
WARNING:absl:SaveArgs.aggregate is deprecated, please use custom TypeHandler (https://orbax.readthedocs.io/en/latest/custom_handlers.html#typehandler) or contact Orbax team to migrate before May 1st, 2024.
WARNING:absl:SaveArgs.aggregate is deprecated, please use custom TypeHandler (https://orbax.readthedocs.io/en/latest/custom_handlers.html#typehandler) or contact Orbax team to migrate before May 1st, 2024.
WARNING:absl:SaveArgs.aggregate is deprecated, please use custom TypeHandler (https://orbax.readthedocs.io/en/latest/custom_handlers.html#typehandler) or contact Orbax team to migrate before May 1st, 2024.
WARNING:absl:SaveArgs.aggregate is deprecated, please use custom TypeHandler (https://orbax.readthedocs.io/en/latest/custom_handlers.html#typehandler) or contact Orbax team to migrate before May 1st, 2024.
WARNING:absl:SaveArgs.aggregate is deprecated, please use custom TypeHandler (https://orbax.readthedocs.io/en/latest/custom_handlers.html#typehandler) or contact Orbax team to migrate before May 1st, 2024.
/Users/shouryakaveti/VS_Projects/sparse-ppo-drl-research/.venv/lib/python3.12/site-packages/orbax/checkpoint/type_handlers.py:1475: UserWarning: Couldn't find sharding info under RestoreArgs. Populating sharding info from sharding file. Please note restoration time will be slightly increased due to reading from file instead of directly from RestoreArgs.
  warnings.warn(
/Users/shouryakaveti/VS_Projects/sparse-ppo-drl-research/main/tests/test_exp12_probe.py:191: ResourceWarning: unclosed file <_io.BufferedReader name='/var/folders/ms/h3zjmq652jvg08wcslr2z3t80000gn/T/tmpiqew7kd4/on/state/step_000000400_137b3211/meta.pkl'>
  records = __import__("pickle").load(open(on / "meta.pkl", "rb"))["extra_state"]["probe_records"]
ResourceWarning: Enable tracemalloc to get the object allocation traceback
ok
test_identical_inputs_targets_and_minibatches (tests.test_exp12_probe.ProbePairingTest.test_identical_inputs_targets_and_minibatches) ... ok
test_per_critic_offset_is_each_critics_own_mean (tests.test_exp12_probe.ProbePairingTest.test_per_critic_offset_is_each_critics_own_mean) ... ok
test_a_size_below_0_9_or_missing_fails (tests.test_exp12_reports.RangeCriterionTest.test_a_size_below_0_9_or_missing_fails) ... ok
test_block_a_values_pass_the_new_criterion_and_fail_the_old_rule (tests.test_exp12_reports.RangeCriterionTest.test_block_a_values_pass_the_new_criterion_and_fail_the_old_rule) ... ok
test_every_test_and_every_failing_subtest_is_listed_with_its_status (tests.test_exp12_reports.UnittestLogTest.test_every_test_and_every_failing_subtest_is_listed_with_its_status) ... ok
test_missing_statuses_are_flagged_not_guessed (tests.test_exp12_reports.UnittestLogTest.test_missing_statuses_are_flagged_not_guessed) ... ok
test_the_block_a_shape_failures_counted_per_subtest (tests.test_exp12_reports.UnittestLogTest.test_the_block_a_shape_failures_counted_per_subtest) ... ok
test_panel_values (tests.test_exp12_twin_critic.TwinCheck1Test.test_panel_values) ... FAIL
test_actor_grad_cosine_uses_min_of_the_two_networks (tests.test_exp12_twin_critic.TwinCriticDefectTest.test_actor_grad_cosine_uses_min_of_the_two_networks) ... ok
test_td_error_var_is_the_mean_of_the_two_networks (tests.test_exp12_twin_critic.TwinCriticDefectTest.test_td_error_var_is_the_mean_of_the_two_networks) ... ok
test_twin_critic_initialises_with_two_independent_networks (tests.test_exp12_twin_critic.TwinCriticDefectTest.test_twin_critic_initialises_with_two_independent_networks) ... ok
test_update_many_runs_with_twin_critics (tests.test_exp12_twin_critic.TwinCriticDefectTest.test_update_many_runs_with_twin_critics) ... ok
test_actor_loss_uses_min (tests.test_exp12_twin_critic.TwinCriticPathTest.test_actor_loss_uses_min) ... ok
test_checkpoint_round_trip_keeps_both_networks (tests.test_exp12_twin_critic.TwinCriticPathTest.test_checkpoint_round_trip_keeps_both_networks) ... WARNING:absl:SaveArgs.aggregate is deprecated, please use custom TypeHandler (https://orbax.readthedocs.io/en/latest/custom_handlers.html#typehandler) or contact Orbax team to migrate before May 1st, 2024.
WARNING:absl:SaveArgs.aggregate is deprecated, please use custom TypeHandler (https://orbax.readthedocs.io/en/latest/custom_handlers.html#typehandler) or contact Orbax team to migrate before May 1st, 2024.
WARNING:absl:SaveArgs.aggregate is deprecated, please use custom TypeHandler (https://orbax.readthedocs.io/en/latest/custom_handlers.html#typehandler) or contact Orbax team to migrate before May 1st, 2024.
WARNING:absl:SaveArgs.aggregate is deprecated, please use custom TypeHandler (https://orbax.readthedocs.io/en/latest/custom_handlers.html#typehandler) or contact Orbax team to migrate before May 1st, 2024.
WARNING:absl:SaveArgs.aggregate is deprecated, please use custom TypeHandler (https://orbax.readthedocs.io/en/latest/custom_handlers.html#typehandler) or contact Orbax team to migrate before May 1st, 2024.
WARNING:absl:SaveArgs.aggregate is deprecated, please use custom TypeHandler (https://orbax.readthedocs.io/en/latest/custom_handlers.html#typehandler) or contact Orbax team to migrate before May 1st, 2024.
WARNING:absl:SaveArgs.aggregate is deprecated, please use custom TypeHandler (https://orbax.readthedocs.io/en/latest/custom_handlers.html#typehandler) or contact Orbax team to migrate before May 1st, 2024.
WARNING:absl:SaveArgs.aggregate is deprecated, please use custom TypeHandler (https://orbax.readthedocs.io/en/latest/custom_handlers.html#typehandler) or contact Orbax team to migrate before May 1st, 2024.
WARNING:absl:SaveArgs.aggregate is deprecated, please use custom TypeHandler (https://orbax.readthedocs.io/en/latest/custom_handlers.html#typehandler) or contact Orbax team to migrate before May 1st, 2024.
WARNING:absl:SaveArgs.aggregate is deprecated, please use custom TypeHandler (https://orbax.readthedocs.io/en/latest/custom_handlers.html#typehandler) or contact Orbax team to migrate before May 1st, 2024.
WARNING:absl:SaveArgs.aggregate is deprecated, please use custom TypeHandler (https://orbax.readthedocs.io/en/latest/custom_handlers.html#typehandler) or contact Orbax team to migrate before May 1st, 2024.
WARNING:absl:SaveArgs.aggregate is deprecated, please use custom TypeHandler (https://orbax.readthedocs.io/en/latest/custom_handlers.html#typehandler) or contact Orbax team to migrate before May 1st, 2024.
/Users/shouryakaveti/VS_Projects/sparse-ppo-drl-research/.venv/lib/python3.12/site-packages/orbax/checkpoint/type_handlers.py:1475: UserWarning: Couldn't find sharding info under RestoreArgs. Populating sharding info from sharding file. Please note restoration time will be slightly increased due to reading from file instead of directly from RestoreArgs.
  warnings.warn(
ok
test_critic_loss_uses_the_shared_min_target_and_each_network_its_own_term (tests.test_exp12_twin_critic.TwinCriticPathTest.test_critic_loss_uses_the_shared_min_target_and_each_network_its_own_term) ... ok
test_polyak_update_covers_both_target_networks (tests.test_exp12_twin_critic.TwinCriticPathTest.test_polyak_update_covers_both_target_networks) ... ok
test_structural_metrics_are_per_network (tests.test_exp12_twin_critic.TwinCriticPathTest.test_structural_metrics_are_per_network)
critic_q1_* and critic_q2_* come from network 0 and 1 respectively (Q2 made distinguishable). ... ok
test_diagnostics_never_change_the_update (tests.test_exp12_twin_critic.TwinDiagnosticsTest.test_diagnostics_never_change_the_update) ... ok
WARNING:absl:SaveArgs.aggregate is deprecated, please use custom TypeHandler (https://orbax.readthedocs.io/en/latest/custom_handlers.html#typehandler) or contact Orbax team to migrate before May 1st, 2024.
WARNING:absl:SaveArgs.aggregate is deprecated, please use custom TypeHandler (https://orbax.readthedocs.io/en/latest/custom_handlers.html#typehandler) or contact Orbax team to migrate before May 1st, 2024.
WARNING:absl:SaveArgs.aggregate is deprecated, please use custom TypeHandler (https://orbax.readthedocs.io/en/latest/custom_handlers.html#typehandler) or contact Orbax team to migrate before May 1st, 2024.
WARNING:absl:SaveArgs.aggregate is deprecated, please use custom TypeHandler (https://orbax.readthedocs.io/en/latest/custom_handlers.html#typehandler) or contact Orbax team to migrate before May 1st, 2024.
WARNING:absl:SaveArgs.aggregate is deprecated, please use custom TypeHandler (https://orbax.readthedocs.io/en/latest/custom_handlers.html#typehandler) or contact Orbax team to migrate before May 1st, 2024.
WARNING:absl:SaveArgs.aggregate is deprecated, please use custom TypeHandler (https://orbax.readthedocs.io/en/latest/custom_handlers.html#typehandler) or contact Orbax team to migrate before May 1st, 2024.
WARNING:absl:SaveArgs.aggregate is deprecated, please use custom TypeHandler (https://orbax.readthedocs.io/en/latest/custom_handlers.html#typehandler) or contact Orbax team to migrate before May 1st, 2024.
WARNING:absl:SaveArgs.aggregate is deprecated, please use custom TypeHandler (https://orbax.readthedocs.io/en/latest/custom_handlers.html#typehandler) or contact Orbax team to migrate before May 1st, 2024.
WARNING:absl:SaveArgs.aggregate is deprecated, please use custom TypeHandler (https://orbax.readthedocs.io/en/latest/custom_handlers.html#typehandler) or contact Orbax team to migrate before May 1st, 2024.
WARNING:absl:SaveArgs.aggregate is deprecated, please use custom TypeHandler (https://orbax.readthedocs.io/en/latest/custom_handlers.html#typehandler) or contact Orbax team to migrate before May 1st, 2024.
WARNING:absl:SaveArgs.aggregate is deprecated, please use custom TypeHandler (https://orbax.readthedocs.io/en/latest/custom_handlers.html#typehandler) or contact Orbax team to migrate before May 1st, 2024.
 total params: 1.54K
 total params: 1.54K
 total params: 1.54K
 total params: 1.54K
 total params: 1.54K
 total params: 1.54K
range criterion (w): P/b >= 0.9 at the configured pool: {'D2W512': True, 'D4W1024': False, 'D6W1536': True} -> FAIL; superseded 10-90% rule (information): {'D2W512': False, 'D4W1024': True, 'D6W1536': False}
range criterion (w): P/b >= 0.9 at the configured pool: {'D2W512': True, 'D4W1024': True, 'D6W1536': True} -> PASS; superseded 10-90% rule (information): {'D2W512': False, 'D4W1024': False, 'D6W1536': False}
 total params: 2.29K
[exp1] fork state saved at interaction_step 100 in 0.2 s
/Users/shouryakaveti/VS_Projects/sparse-ppo-drl-research/.venv/lib/python3.12/site-packages/orbax/checkpoint/type_handlers.py:1475: UserWarning: Couldn't find sharding info under RestoreArgs. Populating sharding info from sharding file. Please note restoration time will be slightly increased due to reading from file instead of directly from RestoreArgs.
  warnings.warn(
 total params: 2.29K
[exp1] restored interaction_step 100 from /var/folders/ms/h3zjmq652jvg08wcslr2z3t80000gn/T/tmpa968672y/run/fork/state/step_000000100_ced53f8f in 0.1 s
[control] post-fork evaluation 0: 0.2 s for 1 episodes
[control] post-fork evaluation 1: 0.0 s for 1 episodes
[control] post-fork evaluation 2: 0.0 s for 1 episodes
[control] post-fork evaluation 3: 0.0 s for 1 episodes
[control] post-fork evaluation 4: 0.0 s for 1 episodes
[control] post-fork evaluation 5: 0.0 s for 1 episodes
[control] post-fork evaluation 6: 0.0 s for 1 episodes
[control] post-fork evaluation 7: 0.0 s for 1 episodes
[control] post-fork evaluation 8: 0.0 s for 1 episodes
[control] post-fork evaluation 9: 0.0 s for 1 episodes
[control] post-fork evaluation 10: 0.0 s for 1 episodes
[control] post-fork evaluation 11: 0.0 s for 1 episodes
[control] post-fork evaluation 12: 0.0 s for 1 episodes
WARNING:absl:SaveArgs.aggregate is deprecated, please use custom TypeHandler (https://orbax.readthedocs.io/en/latest/custom_handlers.html#typehandler) or contact Orbax team to migrate before May 1st, 2024.
WARNING:absl:SaveArgs.aggregate is deprecated, please use custom TypeHandler (https://orbax.readthedocs.io/en/latest/custom_handlers.html#typehandler) or contact Orbax team to migrate before May 1st, 2024.
WARNING:absl:SaveArgs.aggregate is deprecated, please use custom TypeHandler (https://orbax.readthedocs.io/en/latest/custom_handlers.html#typehandler) or contact Orbax team to migrate before May 1st, 2024.
WARNING:absl:SaveArgs.aggregate is deprecated, please use custom TypeHandler (https://orbax.readthedocs.io/en/latest/custom_handlers.html#typehandler) or contact Orbax team to migrate before May 1st, 2024.
WARNING:absl:SaveArgs.aggregate is deprecated, please use custom TypeHandler (https://orbax.readthedocs.io/en/latest/custom_handlers.html#typehandler) or contact Orbax team to migrate before May 1st, 2024.
WARNING:absl:SaveArgs.aggregate is deprecated, please use custom TypeHandler (https://orbax.readthedocs.io/en/latest/custom_handlers.html#typehandler) or contact Orbax team to migrate before May 1st, 2024.
WARNING:absl:SaveArgs.aggregate is deprecated, please use custom TypeHandler (https://orbax.readthedocs.io/en/latest/custom_handlers.html#typehandler) or contact Orbax team to migrate before May 1st, 2024.
WARNING:absl:SaveArgs.aggregate is deprecated, please use custom TypeHandler (https://orbax.readthedocs.io/en/latest/custom_handlers.html#typehandler) or contact Orbax team to migrate before May 1st, 2024.
WARNING:absl:SaveArgs.aggregate is deprecated, please use custom TypeHandler (https://orbax.readthedocs.io/en/latest/custom_handlers.html#typehandler) or contact Orbax team to migrate before May 1st, 2024.
WARNING:absl:SaveArgs.aggregate is deprecated, please use custom TypeHandler (https://orbax.readthedocs.io/en/latest/custom_handlers.html#typehandler) or contact Orbax team to migrate before May 1st, 2024.
WARNING:absl:SaveArgs.aggregate is deprecated, please use custom TypeHandler (https://orbax.readthedocs.io/en/latest/custom_handlers.html#typehandler) or contact Orbax team to migrate before May 1st, 2024.
[control] post-fork evaluation 13: 0.0 s for 1 episodes
[control] post-fork evaluation 14: 0.0 s for 1 episodes
[control] post-fork evaluation 15: 0.0 s for 1 episodes
[control] post-fork evaluation 16: 0.0 s for 1 episodes
[control] post-fork evaluation 17: 0.0 s for 1 episodes
[control] post-fork evaluation 18: 0.0 s for 1 episodes
[control] post-fork evaluation 19: 0.0 s for 1 episodes
[control] post-fork evaluation 20: 0.0 s for 1 episodes
[control] post-fork evaluation 21: 0.0 s for 1 episodes
[control] post-fork evaluation 22: 0.0 s for 1 episodes
[control] post-fork evaluation 23: 0.0 s for 1 episodes
[control] post-fork evaluation 24: 0.0 s for 1 episodes
[control] post-fork evaluation 25: 0.0 s for 1 episodes
WARNING:absl:SaveArgs.aggregate is deprecated, please use custom TypeHandler (https://orbax.readthedocs.io/en/latest/custom_handlers.html#typehandler) or contact Orbax team to migrate before May 1st, 2024.
WARNING:absl:SaveArgs.aggregate is deprecated, please use custom TypeHandler (https://orbax.readthedocs.io/en/latest/custom_handlers.html#typehandler) or contact Orbax team to migrate before May 1st, 2024.
WARNING:absl:SaveArgs.aggregate is deprecated, please use custom TypeHandler (https://orbax.readthedocs.io/en/latest/custom_handlers.html#typehandler) or contact Orbax team to migrate before May 1st, 2024.
WARNING:absl:SaveArgs.aggregate is deprecated, please use custom TypeHandler (https://orbax.readthedocs.io/en/latest/custom_handlers.html#typehandler) or contact Orbax team to migrate before May 1st, 2024.
WARNING:absl:SaveArgs.aggregate is deprecated, please use custom TypeHandler (https://orbax.readthedocs.io/en/latest/custom_handlers.html#typehandler) or contact Orbax team to migrate before May 1st, 2024.
WARNING:absl:SaveArgs.aggregate is deprecated, please use custom TypeHandler (https://orbax.readthedocs.io/en/latest/custom_handlers.html#typehandler) or contact Orbax team to migrate before May 1st, 2024.
WARNING:absl:SaveArgs.aggregate is deprecated, please use custom TypeHandler (https://orbax.readthedocs.io/en/latest/custom_handlers.html#typehandler) or contact Orbax team to migrate before May 1st, 2024.
WARNING:absl:SaveArgs.aggregate is deprecated, please use custom TypeHandler (https://orbax.readthedocs.io/en/latest/custom_handlers.html#typehandler) or contact Orbax team to migrate before May 1st, 2024.
WARNING:absl:SaveArgs.aggregate is deprecated, please use custom TypeHandler (https://orbax.readthedocs.io/en/latest/custom_handlers.html#typehandler) or contact Orbax team to migrate before May 1st, 2024.
WARNING:absl:SaveArgs.aggregate is deprecated, please use custom TypeHandler (https://orbax.readthedocs.io/en/latest/custom_handlers.html#typehandler) or contact Orbax team to migrate before May 1st, 2024.
WARNING:absl:SaveArgs.aggregate is deprecated, please use custom TypeHandler (https://orbax.readthedocs.io/en/latest/custom_handlers.html#typehandler) or contact Orbax team to migrate before May 1st, 2024.
/Users/shouryakaveti/VS_Projects/sparse-ppo-drl-research/.venv/lib/python3.12/site-packages/orbax/checkpoint/type_handlers.py:1475: UserWarning: Couldn't find sharding info under RestoreArgs. Populating sharding info from sharding file. Please note restoration time will be slightly increased due to reading from file instead of directly from RestoreArgs.
  warnings.warn(
 total params: 2.29K
[exp2_arm] fork state restored in 0.1 s
[identity] post-fork evaluation 0: 0.2 s for 1 episodes
WARNING:absl:SaveArgs.aggregate is deprecated, please use custom TypeHandler (https://orbax.readthedocs.io/en/latest/custom_handlers.html#typehandler) or contact Orbax team to migrate before May 1st, 2024.
WARNING:absl:SaveArgs.aggregate is deprecated, please use custom TypeHandler (https://orbax.readthedocs.io/en/latest/custom_handlers.html#typehandler) or contact Orbax team to migrate before May 1st, 2024.
WARNING:absl:SaveArgs.aggregate is deprecated, please use custom TypeHandler (https://orbax.readthedocs.io/en/latest/custom_handlers.html#typehandler) or contact Orbax team to migrate before May 1st, 2024.
WARNING:absl:SaveArgs.aggregate is deprecated, please use custom TypeHandler (https://orbax.readthedocs.io/en/latest/custom_handlers.html#typehandler) or contact Orbax team to migrate before May 1st, 2024.
WARNING:absl:SaveArgs.aggregate is deprecated, please use custom TypeHandler (https://orbax.readthedocs.io/en/latest/custom_handlers.html#typehandler) or contact Orbax team to migrate before May 1st, 2024.
WARNING:absl:SaveArgs.aggregate is deprecated, please use custom TypeHandler (https://orbax.readthedocs.io/en/latest/custom_handlers.html#typehandler) or contact Orbax team to migrate before May 1st, 2024.
WARNING:absl:SaveArgs.aggregate is deprecated, please use custom TypeHandler (https://orbax.readthedocs.io/en/latest/custom_handlers.html#typehandler) or contact Orbax team to migrate before May 1st, 2024.
WARNING:absl:SaveArgs.aggregate is deprecated, please use custom TypeHandler (https://orbax.readthedocs.io/en/latest/custom_handlers.html#typehandler) or contact Orbax team to migrate before May 1st, 2024.
WARNING:absl:SaveArgs.aggregate is deprecated, please use custom TypeHandler (https://orbax.readthedocs.io/en/latest/custom_handlers.html#typehandler) or contact Orbax team to migrate before May 1st, 2024.
WARNING:absl:SaveArgs.aggregate is deprecated, please use custom TypeHandler (https://orbax.readthedocs.io/en/latest/custom_handlers.html#typehandler) or contact Orbax team to migrate before May 1st, 2024.
WARNING:absl:SaveArgs.aggregate is deprecated, please use custom TypeHandler (https://orbax.readthedocs.io/en/latest/custom_handlers.html#typehandler) or contact Orbax team to migrate before May 1st, 2024.
[identity] post-fork evaluation 1: 0.0 s for 1 episodes
[identity] post-fork evaluation 2: 0.0 s for 1 episodes
[identity] post-fork evaluation 3: 0.0 s for 1 episodes
[identity] post-fork evaluation 4: 0.0 s for 1 episodes
[identity] post-fork evaluation 5: 0.0 s for 1 episodes
[identity] post-fork evaluation 6: 0.0 s for 1 episodes
[identity] post-fork evaluation 7: 0.0 s for 1 episodes
[identity] post-fork evaluation 8: 0.0 s for 1 episodes
[identity] post-fork evaluation 9: 0.0 s for 1 episodes
[identity] post-fork evaluation 10: 0.0 s for 1 episodes
[identity] post-fork evaluation 11: 0.0 s for 1 episodes
[identity] post-fork evaluation 12: 0.0 s for 1 episodes
WARNING:absl:SaveArgs.aggregate is deprecated, please use custom TypeHandler (https://orbax.readthedocs.io/en/latest/custom_handlers.html#typehandler) or contact Orbax team to migrate before May 1st, 2024.
WARNING:absl:SaveArgs.aggregate is deprecated, please use custom TypeHandler (https://orbax.readthedocs.io/en/latest/custom_handlers.html#typehandler) or contact Orbax team to migrate before May 1st, 2024.
WARNING:absl:SaveArgs.aggregate is deprecated, please use custom TypeHandler (https://orbax.readthedocs.io/en/latest/custom_handlers.html#typehandler) or contact Orbax team to migrate before May 1st, 2024.
WARNING:absl:SaveArgs.aggregate is deprecated, please use custom TypeHandler (https://orbax.readthedocs.io/en/latest/custom_handlers.html#typehandler) or contact Orbax team to migrate before May 1st, 2024.
WARNING:absl:SaveArgs.aggregate is deprecated, please use custom TypeHandler (https://orbax.readthedocs.io/en/latest/custom_handlers.html#typehandler) or contact Orbax team to migrate before May 1st, 2024.
WARNING:absl:SaveArgs.aggregate is deprecated, please use custom TypeHandler (https://orbax.readthedocs.io/en/latest/custom_handlers.html#typehandler) or contact Orbax team to migrate before May 1st, 2024.
WARNING:absl:SaveArgs.aggregate is deprecated, please use custom TypeHandler (https://orbax.readthedocs.io/en/latest/custom_handlers.html#typehandler) or contact Orbax team to migrate before May 1st, 2024.
WARNING:absl:SaveArgs.aggregate is deprecated, please use custom TypeHandler (https://orbax.readthedocs.io/en/latest/custom_handlers.html#typehandler) or contact Orbax team to migrate before May 1st, 2024.
WARNING:absl:SaveArgs.aggregate is deprecated, please use custom TypeHandler (https://orbax.readthedocs.io/en/latest/custom_handlers.html#typehandler) or contact Orbax team to migrate before May 1st, 2024.
WARNING:absl:SaveArgs.aggregate is deprecated, please use custom TypeHandler (https://orbax.readthedocs.io/en/latest/custom_handlers.html#typehandler) or contact Orbax team to migrate before May 1st, 2024.
WARNING:absl:SaveArgs.aggregate is deprecated, please use custom TypeHandler (https://orbax.readthedocs.io/en/latest/custom_handlers.html#typehandler) or contact Orbax team to migrate before May 1st, 2024.
[identity] post-fork evaluation 13: 0.0 s for 1 episodes
[identity] post-fork evaluation 14: 0.0 s for 1 episodes
[identity] post-fork evaluation 15: 0.0 s for 1 episodes
[identity] post-fork evaluation 16: 0.0 s for 1 episodes
[identity] post-fork evaluation 17: 0.0 s for 1 episodes
[identity] post-fork evaluation 18: 0.0 s for 1 episodes
[identity] post-fork evaluation 19: 0.0 s for 1 episodes
[identity] post-fork evaluation 20: 0.0 s for 1 episodes
[identity] post-fork evaluation 21: 0.0 s for 1 episodes
[identity] post-fork evaluation 22: 0.0 s for 1 episodes
[identity] post-fork evaluation 23: 0.0 s for 1 episodes
[identity] post-fork evaluation 24: 0.0 s for 1 episodes
[identity] post-fork evaluation 25: 0.0 s for 1 episodes
WARNING:absl:SaveArgs.aggregate is deprecated, please use custom TypeHandler (https://orbax.readthedocs.io/en/latest/custom_handlers.html#typehandler) or contact Orbax team to migrate before May 1st, 2024.
WARNING:absl:SaveArgs.aggregate is deprecated, please use custom TypeHandler (https://orbax.readthedocs.io/en/latest/custom_handlers.html#typehandler) or contact Orbax team to migrate before May 1st, 2024.
WARNING:absl:SaveArgs.aggregate is deprecated, please use custom TypeHandler (https://orbax.readthedocs.io/en/latest/custom_handlers.html#typehandler) or contact Orbax team to migrate before May 1st, 2024.
WARNING:absl:SaveArgs.aggregate is deprecated, please use custom TypeHandler (https://orbax.readthedocs.io/en/latest/custom_handlers.html#typehandler) or contact Orbax team to migrate before May 1st, 2024.
WARNING:absl:SaveArgs.aggregate is deprecated, please use custom TypeHandler (https://orbax.readthedocs.io/en/latest/custom_handlers.html#typehandler) or contact Orbax team to migrate before May 1st, 2024.
WARNING:absl:SaveArgs.aggregate is deprecated, please use custom TypeHandler (https://orbax.readthedocs.io/en/latest/custom_handlers.html#typehandler) or contact Orbax team to migrate before May 1st, 2024.
WARNING:absl:SaveArgs.aggregate is deprecated, please use custom TypeHandler (https://orbax.readthedocs.io/en/latest/custom_handlers.html#typehandler) or contact Orbax team to migrate before May 1st, 2024.
WARNING:absl:SaveArgs.aggregate is deprecated, please use custom TypeHandler (https://orbax.readthedocs.io/en/latest/custom_handlers.html#typehandler) or contact Orbax team to migrate before May 1st, 2024.
WARNING:absl:SaveArgs.aggregate is deprecated, please use custom TypeHandler (https://orbax.readthedocs.io/en/latest/custom_handlers.html#typehandler) or contact Orbax team to migrate before May 1st, 2024.
WARNING:absl:SaveArgs.aggregate is deprecated, please use custom TypeHandler (https://orbax.readthedocs.io/en/latest/custom_handlers.html#typehandler) or contact Orbax team to migrate before May 1st, 2024.
WARNING:absl:SaveArgs.aggregate is deprecated, please use custom TypeHandler (https://orbax.readthedocs.io/en/latest/custom_handlers.html#typehandler) or contact Orbax team to migrate before May 1st, 2024.
/Users/shouryakaveti/VS_Projects/sparse-ppo-drl-research/.venv/lib/python3.12/site-packages/orbax/checkpoint/type_handlers.py:1475: UserWarning: Couldn't find sharding info under RestoreArgs. Populating sharding info from sharding file. Please note restoration time will be slightly increased due to reading from file instead of directly from RestoreArgs.
  warnings.warn(
 total params: 2.29K
[exp2_arm] fork state restored in 0.1 s
[injected] post-fork evaluation 0: 0.2 s for 1 episodes
WARNING:absl:SaveArgs.aggregate is deprecated, please use custom TypeHandler (https://orbax.readthedocs.io/en/latest/custom_handlers.html#typehandler) or contact Orbax team to migrate before May 1st, 2024.
WARNING:absl:SaveArgs.aggregate is deprecated, please use custom TypeHandler (https://orbax.readthedocs.io/en/latest/custom_handlers.html#typehandler) or contact Orbax team to migrate before May 1st, 2024.
WARNING:absl:SaveArgs.aggregate is deprecated, please use custom TypeHandler (https://orbax.readthedocs.io/en/latest/custom_handlers.html#typehandler) or contact Orbax team to migrate before May 1st, 2024.
WARNING:absl:SaveArgs.aggregate is deprecated, please use custom TypeHandler (https://orbax.readthedocs.io/en/latest/custom_handlers.html#typehandler) or contact Orbax team to migrate before May 1st, 2024.
WARNING:absl:SaveArgs.aggregate is deprecated, please use custom TypeHandler (https://orbax.readthedocs.io/en/latest/custom_handlers.html#typehandler) or contact Orbax team to migrate before May 1st, 2024.
WARNING:absl:SaveArgs.aggregate is deprecated, please use custom TypeHandler (https://orbax.readthedocs.io/en/latest/custom_handlers.html#typehandler) or contact Orbax team to migrate before May 1st, 2024.
WARNING:absl:SaveArgs.aggregate is deprecated, please use custom TypeHandler (https://orbax.readthedocs.io/en/latest/custom_handlers.html#typehandler) or contact Orbax team to migrate before May 1st, 2024.
WARNING:absl:SaveArgs.aggregate is deprecated, please use custom TypeHandler (https://orbax.readthedocs.io/en/latest/custom_handlers.html#typehandler) or contact Orbax team to migrate before May 1st, 2024.
WARNING:absl:SaveArgs.aggregate is deprecated, please use custom TypeHandler (https://orbax.readthedocs.io/en/latest/custom_handlers.html#typehandler) or contact Orbax team to migrate before May 1st, 2024.
WARNING:absl:SaveArgs.aggregate is deprecated, please use custom TypeHandler (https://orbax.readthedocs.io/en/latest/custom_handlers.html#typehandler) or contact Orbax team to migrate before May 1st, 2024.
WARNING:absl:SaveArgs.aggregate is deprecated, please use custom TypeHandler (https://orbax.readthedocs.io/en/latest/custom_handlers.html#typehandler) or contact Orbax team to migrate before May 1st, 2024.
WARNING:absl:SaveArgs.aggregate is deprecated, please use custom TypeHandler (https://orbax.readthedocs.io/en/latest/custom_handlers.html#typehandler) or contact Orbax team to migrate before May 1st, 2024.
WARNING:absl:SaveArgs.aggregate is deprecated, please use custom TypeHandler (https://orbax.readthedocs.io/en/latest/custom_handlers.html#typehandler) or contact Orbax team to migrate before May 1st, 2024.
[injected] post-fork evaluation 1: 0.0 s for 1 episodes
[injected] post-fork evaluation 2: 0.0 s for 1 episodes
[injected] post-fork evaluation 3: 0.0 s for 1 episodes
[injected] post-fork evaluation 4: 0.0 s for 1 episodes
[injected] post-fork evaluation 5: 0.0 s for 1 episodes
[injected] post-fork evaluation 6: 0.0 s for 1 episodes
[injected] post-fork evaluation 7: 0.0 s for 1 episodes
[injected] post-fork evaluation 8: 0.0 s for 1 episodes
[injected] post-fork evaluation 9: 0.0 s for 1 episodes
[injected] post-fork evaluation 10: 0.1 s for 1 episodes
[injected] post-fork evaluation 11: 0.0 s for 1 episodes
[injected] post-fork evaluation 12: 0.0 s for 1 episodes
WARNING:absl:SaveArgs.aggregate is deprecated, please use custom TypeHandler (https://orbax.readthedocs.io/en/latest/custom_handlers.html#typehandler) or contact Orbax team to migrate before May 1st, 2024.
WARNING:absl:SaveArgs.aggregate is deprecated, please use custom TypeHandler (https://orbax.readthedocs.io/en/latest/custom_handlers.html#typehandler) or contact Orbax team to migrate before May 1st, 2024.
WARNING:absl:SaveArgs.aggregate is deprecated, please use custom TypeHandler (https://orbax.readthedocs.io/en/latest/custom_handlers.html#typehandler) or contact Orbax team to migrate before May 1st, 2024.
WARNING:absl:SaveArgs.aggregate is deprecated, please use custom TypeHandler (https://orbax.readthedocs.io/en/latest/custom_handlers.html#typehandler) or contact Orbax team to migrate before May 1st, 2024.
WARNING:absl:SaveArgs.aggregate is deprecated, please use custom TypeHandler (https://orbax.readthedocs.io/en/latest/custom_handlers.html#typehandler) or contact Orbax team to migrate before May 1st, 2024.
WARNING:absl:SaveArgs.aggregate is deprecated, please use custom TypeHandler (https://orbax.readthedocs.io/en/latest/custom_handlers.html#typehandler) or contact Orbax team to migrate before May 1st, 2024.
WARNING:absl:SaveArgs.aggregate is deprecated, please use custom TypeHandler (https://orbax.readthedocs.io/en/latest/custom_handlers.html#typehandler) or contact Orbax team to migrate before May 1st, 2024.
WARNING:absl:SaveArgs.aggregate is deprecated, please use custom TypeHandler (https://orbax.readthedocs.io/en/latest/custom_handlers.html#typehandler) or contact Orbax team to migrate before May 1st, 2024.
WARNING:absl:SaveArgs.aggregate is deprecated, please use custom TypeHandler (https://orbax.readthedocs.io/en/latest/custom_handlers.html#typehandler) or contact Orbax team to migrate before May 1st, 2024.
WARNING:absl:SaveArgs.aggregate is deprecated, please use custom TypeHandler (https://orbax.readthedocs.io/en/latest/custom_handlers.html#typehandler) or contact Orbax team to migrate before May 1st, 2024.
WARNING:absl:SaveArgs.aggregate is deprecated, please use custom TypeHandler (https://orbax.readthedocs.io/en/latest/custom_handlers.html#typehandler) or contact Orbax team to migrate before May 1st, 2024.
WARNING:absl:SaveArgs.aggregate is deprecated, please use custom TypeHandler (https://orbax.readthedocs.io/en/latest/custom_handlers.html#typehandler) or contact Orbax team to migrate before May 1st, 2024.
WARNING:absl:SaveArgs.aggregate is deprecated, please use custom TypeHandler (https://orbax.readthedocs.io/en/latest/custom_handlers.html#typehandler) or contact Orbax team to migrate before May 1st, 2024.
[injected] post-fork evaluation 13: 0.0 s for 1 episodes
[injected] post-fork evaluation 14: 0.0 s for 1 episodes
[injected] post-fork evaluation 15: 0.0 s for 1 episodes
[injected] post-fork evaluation 16: 0.0 s for 1 episodes
[injected] post-fork evaluation 17: 0.0 s for 1 episodes
[injected] post-fork evaluation 18: 0.0 s for 1 episodes
[injected] post-fork evaluation 19: 0.0 s for 1 episodes
[injected] post-fork evaluation 20: 0.0 s for 1 episodes
[injected] post-fork evaluation 21: 0.0 s for 1 episodes
[injected] post-fork evaluation 22: 0.0 s for 1 episodes
[injected] post-fork evaluation 23: 0.0 s for 1 episodes
[injected] post-fork evaluation 24: 0.0 s for 1 episodes
[injected] post-fork evaluation 25: 0.0 s for 1 episodes
WARNING:absl:SaveArgs.aggregate is deprecated, please use custom TypeHandler (https://orbax.readthedocs.io/en/latest/custom_handlers.html#typehandler) or contact Orbax team to migrate before May 1st, 2024.
WARNING:absl:SaveArgs.aggregate is deprecated, please use custom TypeHandler (https://orbax.readthedocs.io/en/latest/custom_handlers.html#typehandler) or contact Orbax team to migrate before May 1st, 2024.
WARNING:absl:SaveArgs.aggregate is deprecated, please use custom TypeHandler (https://orbax.readthedocs.io/en/latest/custom_handlers.html#typehandler) or contact Orbax team to migrate before May 1st, 2024.
WARNING:absl:SaveArgs.aggregate is deprecated, please use custom TypeHandler (https://orbax.readthedocs.io/en/latest/custom_handlers.html#typehandler) or contact Orbax team to migrate before May 1st, 2024.
WARNING:absl:SaveArgs.aggregate is deprecated, please use custom TypeHandler (https://orbax.readthedocs.io/en/latest/custom_handlers.html#typehandler) or contact Orbax team to migrate before May 1st, 2024.
WARNING:absl:SaveArgs.aggregate is deprecated, please use custom TypeHandler (https://orbax.readthedocs.io/en/latest/custom_handlers.html#typehandler) or contact Orbax team to migrate before May 1st, 2024.
WARNING:absl:SaveArgs.aggregate is deprecated, please use custom TypeHandler (https://orbax.readthedocs.io/en/latest/custom_handlers.html#typehandler) or contact Orbax team to migrate before May 1st, 2024.
WARNING:absl:SaveArgs.aggregate is deprecated, please use custom TypeHandler (https://orbax.readthedocs.io/en/latest/custom_handlers.html#typehandler) or contact Orbax team to migrate before May 1st, 2024.
WARNING:absl:SaveArgs.aggregate is deprecated, please use custom TypeHandler (https://orbax.readthedocs.io/en/latest/custom_handlers.html#typehandler) or contact Orbax team to migrate before May 1st, 2024.
WARNING:absl:SaveArgs.aggregate is deprecated, please use custom TypeHandler (https://orbax.readthedocs.io/en/latest/custom_handlers.html#typehandler) or contact Orbax team to migrate before May 1st, 2024.
WARNING:absl:SaveArgs.aggregate is deprecated, please use custom TypeHandler (https://orbax.readthedocs.io/en/latest/custom_handlers.html#typehandler) or contact Orbax team to migrate before May 1st, 2024.
WARNING:absl:SaveArgs.aggregate is deprecated, please use custom TypeHandler (https://orbax.readthedocs.io/en/latest/custom_handlers.html#typehandler) or contact Orbax team to migrate before May 1st, 2024.
WARNING:absl:SaveArgs.aggregate is deprecated, please use custom TypeHandler (https://orbax.readthedocs.io/en/latest/custom_handlers.html#typehandler) or contact Orbax team to migrate before May 1st, 2024.
test_check1_both_networks (tests.test_exp12_twin_critic.TwinForkEndToEndTest.test_check1_both_networks) ... ok
test_check2_uses_the_mean_and_records_both_networks (tests.test_exp12_twin_critic.TwinForkEndToEndTest.test_check2_uses_the_mean_and_records_both_networks) ... ok
test_identity_fork_is_bit_identical (tests.test_exp12_twin_critic.TwinForkEndToEndTest.test_identity_fork_is_bit_identical) ... /Users/shouryakaveti/VS_Projects/sparse-ppo-drl-research/.venv/lib/python3.12/site-packages/orbax/checkpoint/type_handlers.py:1475: UserWarning: Couldn't find sharding info under RestoreArgs. Populating sharding info from sharding file. Please note restoration time will be slightly increased due to reading from file instead of directly from RestoreArgs.
  warnings.warn(
ok
test_injected_arm_both_networks (tests.test_exp12_twin_critic.TwinForkEndToEndTest.test_injected_arm_both_networks) ... ok
test_probe_records_are_the_mean_of_both_networks (tests.test_exp12_twin_critic.TwinForkEndToEndTest.test_probe_records_are_the_mean_of_both_networks) ... ok
test_runs_are_twin_and_record_the_critic_count (tests.test_exp12_twin_critic.TwinForkEndToEndTest.test_runs_are_twin_and_record_the_critic_count) ... ok
test_predictions_unchanged_and_action_gradients_within_tolerance (tests.test_exp12_twin_critic.TwinInjectionTest.test_predictions_unchanged_and_action_gradients_within_tolerance) ... ok
test_same_head_in_both_networks_and_targets (tests.test_exp12_twin_critic.TwinInjectionTest.test_same_head_in_both_networks_and_targets) ... ok
test_training_keeps_frozen_heads_and_optimizer_rules (tests.test_exp12_twin_critic.TwinInjectionTest.test_training_keeps_frozen_heads_and_optimizer_rules) ... ok
test_probes_on_equals_probes_off (tests.test_exp12_twin_critic.TwinProbeIsolationTest.test_probes_on_equals_probes_off) ... WARNING:absl:SaveArgs.aggregate is deprecated, please use custom TypeHandler (https://orbax.readthedocs.io/en/latest/custom_handlers.html#typehandler) or contact Orbax team to migrate before May 1st, 2024.
WARNING:absl:SaveArgs.aggregate is deprecated, please use custom TypeHandler (https://orbax.readthedocs.io/en/latest/custom_handlers.html#typehandler) or contact Orbax team to migrate before May 1st, 2024.
WARNING:absl:SaveArgs.aggregate is deprecated, please use custom TypeHandler (https://orbax.readthedocs.io/en/latest/custom_handlers.html#typehandler) or contact Orbax team to migrate before May 1st, 2024.
WARNING:absl:SaveArgs.aggregate is deprecated, please use custom TypeHandler (https://orbax.readthedocs.io/en/latest/custom_handlers.html#typehandler) or contact Orbax team to migrate before May 1st, 2024.
WARNING:absl:SaveArgs.aggregate is deprecated, please use custom TypeHandler (https://orbax.readthedocs.io/en/latest/custom_handlers.html#typehandler) or contact Orbax team to migrate before May 1st, 2024.
WARNING:absl:SaveArgs.aggregate is deprecated, please use custom TypeHandler (https://orbax.readthedocs.io/en/latest/custom_handlers.html#typehandler) or contact Orbax team to migrate before May 1st, 2024.
WARNING:absl:SaveArgs.aggregate is deprecated, please use custom TypeHandler (https://orbax.readthedocs.io/en/latest/custom_handlers.html#typehandler) or contact Orbax team to migrate before May 1st, 2024.
WARNING:absl:SaveArgs.aggregate is deprecated, please use custom TypeHandler (https://orbax.readthedocs.io/en/latest/custom_handlers.html#typehandler) or contact Orbax team to migrate before May 1st, 2024.
WARNING:absl:SaveArgs.aggregate is deprecated, please use custom TypeHandler (https://orbax.readthedocs.io/en/latest/custom_handlers.html#typehandler) or contact Orbax team to migrate before May 1st, 2024.
WARNING:absl:SaveArgs.aggregate is deprecated, please use custom TypeHandler (https://orbax.readthedocs.io/en/latest/custom_handlers.html#typehandler) or contact Orbax team to migrate before May 1st, 2024.
WARNING:absl:SaveArgs.aggregate is deprecated, please use custom TypeHandler (https://orbax.readthedocs.io/en/latest/custom_handlers.html#typehandler) or contact Orbax team to migrate before May 1st, 2024.
WARNING:absl:SaveArgs.aggregate is deprecated, please use custom TypeHandler (https://orbax.readthedocs.io/en/latest/custom_handlers.html#typehandler) or contact Orbax team to migrate before May 1st, 2024.
WARNING:absl:SaveArgs.aggregate is deprecated, please use custom TypeHandler (https://orbax.readthedocs.io/en/latest/custom_handlers.html#typehandler) or contact Orbax team to migrate before May 1st, 2024.
WARNING:absl:SaveArgs.aggregate is deprecated, please use custom TypeHandler (https://orbax.readthedocs.io/en/latest/custom_handlers.html#typehandler) or contact Orbax team to migrate before May 1st, 2024.
WARNING:absl:SaveArgs.aggregate is deprecated, please use custom TypeHandler (https://orbax.readthedocs.io/en/latest/custom_handlers.html#typehandler) or contact Orbax team to migrate before May 1st, 2024.
WARNING:absl:SaveArgs.aggregate is deprecated, please use custom TypeHandler (https://orbax.readthedocs.io/en/latest/custom_handlers.html#typehandler) or contact Orbax team to migrate before May 1st, 2024.
WARNING:absl:SaveArgs.aggregate is deprecated, please use custom TypeHandler (https://orbax.readthedocs.io/en/latest/custom_handlers.html#typehandler) or contact Orbax team to migrate before May 1st, 2024.
WARNING:absl:SaveArgs.aggregate is deprecated, please use custom TypeHandler (https://orbax.readthedocs.io/en/latest/custom_handlers.html#typehandler) or contact Orbax team to migrate before May 1st, 2024.
WARNING:absl:SaveArgs.aggregate is deprecated, please use custom TypeHandler (https://orbax.readthedocs.io/en/latest/custom_handlers.html#typehandler) or contact Orbax team to migrate before May 1st, 2024.
WARNING:absl:SaveArgs.aggregate is deprecated, please use custom TypeHandler (https://orbax.readthedocs.io/en/latest/custom_handlers.html#typehandler) or contact Orbax team to migrate before May 1st, 2024.
WARNING:absl:SaveArgs.aggregate is deprecated, please use custom TypeHandler (https://orbax.readthedocs.io/en/latest/custom_handlers.html#typehandler) or contact Orbax team to migrate before May 1st, 2024.
WARNING:absl:SaveArgs.aggregate is deprecated, please use custom TypeHandler (https://orbax.readthedocs.io/en/latest/custom_handlers.html#typehandler) or contact Orbax team to migrate before May 1st, 2024.
/Users/shouryakaveti/VS_Projects/sparse-ppo-drl-research/.venv/lib/python3.12/site-packages/orbax/checkpoint/type_handlers.py:1475: UserWarning: Couldn't find sharding info under RestoreArgs. Populating sharding info from sharding file. Please note restoration time will be slightly increased due to reading from file instead of directly from RestoreArgs.
  warnings.warn(
ok
test_combined_loss_is_the_mean_of_the_two_networks (tests.test_exp12_twin_critic.TwinProbeTest.test_combined_loss_is_the_mean_of_the_two_networks) ... ok
test_expand_gives_each_network_its_own_slice (tests.test_exp12_twin_critic.TwinProbeTest.test_expand_gives_each_network_its_own_slice) ... ok
test_legacy_single_header_loads_without_invented_q_measurements (tests.test_exp12_twin_reporting.TwinReportingTest.test_legacy_single_header_loads_without_invented_q_measurements) ... ok
test_per_q_csv_and_individual_curve_values (tests.test_exp12_twin_reporting.TwinReportingTest.test_per_q_csv_and_individual_curve_values) ... /Users/shouryakaveti/VS_Projects/sparse-ppo-drl-research/.venv/lib/python3.12/site-packages/matplotlib/_fontconfig_pattern.py:85: PyparsingDeprecationWarning: 'parseString' deprecated - use 'parse_string'
  parse = parser.parseString(pattern)
/Users/shouryakaveti/VS_Projects/sparse-ppo-drl-research/.venv/lib/python3.12/site-packages/matplotlib/_fontconfig_pattern.py:89: PyparsingDeprecationWarning: 'resetCache' deprecated - use 'reset_cache'
  parser.resetCache()
/Users/shouryakaveti/VS_Projects/sparse-ppo-drl-research/.venv/lib/python3.12/site-packages/matplotlib/_mathtext.py:2010: PyparsingDeprecationWarning: 'oneOf' deprecated - use 'one_of'
  p.space          = oneOf(self._space_widths)("space")
/Users/shouryakaveti/VS_Projects/sparse-ppo-drl-research/.venv/lib/python3.12/site-packages/matplotlib/_mathtext.py:2012: PyparsingDeprecationWarning: 'oneOf' deprecated - use 'one_of'
  p.style_literal  = oneOf(
/Users/shouryakaveti/VS_Projects/sparse-ppo-drl-research/.venv/lib/python3.12/site-packages/matplotlib/_mathtext.py:2020: PyparsingDeprecationWarning: 'leaveWhitespace' deprecated - use 'leave_whitespace'
  )("sym").leaveWhitespace()
/Users/shouryakaveti/VS_Projects/sparse-ppo-drl-research/.venv/lib/python3.12/site-packages/matplotlib/_mathtext.py:2024: PyparsingDeprecationWarning: 'oneOf' deprecated - use 'one_of'
  p.start_group    = Optional(r"\math" + oneOf(self._fontnames)("font")) + "{"
/Users/shouryakaveti/VS_Projects/sparse-ppo-drl-research/.venv/lib/python3.12/site-packages/matplotlib/_mathtext.py:2027: PyparsingDeprecationWarning: 'oneOf' deprecated - use 'one_of'
  p.delim          = oneOf(self._delims)
/Users/shouryakaveti/VS_Projects/sparse-ppo-drl-research/.venv/lib/python3.12/site-packages/matplotlib/_mathtext.py:1984: PyparsingDeprecationWarning: 'setName' deprecated - use 'set_name'
  val.setName(key)
/Users/shouryakaveti/VS_Projects/sparse-ppo-drl-research/.venv/lib/python3.12/site-packages/matplotlib/_mathtext.py:1987: PyparsingDeprecationWarning: 'setParseAction' deprecated - use 'set_parse_action'
  val.setParseAction(getattr(self, key))
/Users/shouryakaveti/VS_Projects/sparse-ppo-drl-research/.venv/lib/python3.12/site-packages/matplotlib/_mathtext.py:1748: PyparsingDeprecationWarning: 'setParseAction' deprecated - use 'set_parse_action'
  return Empty().setParseAction(raise_error)
/Users/shouryakaveti/VS_Projects/sparse-ppo-drl-research/.venv/lib/python3.12/site-packages/matplotlib/_mathtext.py:2088: PyparsingDeprecationWarning: 'endQuoteChar' argument is deprecated, use 'end_quote_char'
  p.text = cmd(r"\text", QuotedString('{', '\\', endQuoteChar="}"))
/Users/shouryakaveti/VS_Projects/sparse-ppo-drl-research/.venv/lib/python3.12/site-packages/matplotlib/_mathtext.py:2097: PyparsingDeprecationWarning: 'oneOf' deprecated - use 'one_of'
  + OneOrMore(oneOf(["_", "^"]) - p.placeable)("subsuper")
/Users/shouryakaveti/VS_Projects/sparse-ppo-drl-research/.venv/lib/python3.12/site-packages/matplotlib/_mathtext.py:2146: PyparsingDeprecationWarning: 'unquoteResults' argument is deprecated, use 'unquote_results'
  p.math_string   = QuotedString('$', '\\', unquoteResults=False)
/Users/shouryakaveti/VS_Projects/sparse-ppo-drl-research/.venv/lib/python3.12/site-packages/matplotlib/_mathtext.py:2147: PyparsingDeprecationWarning: 'leaveWhitespace' deprecated - use 'leave_whitespace'
  p.non_math      = Regex(r"(?:(?:\\[$])|[^$])*").leaveWhitespace()
/Users/shouryakaveti/VS_Projects/sparse-ppo-drl-research/.venv/lib/python3.12/site-packages/matplotlib/_mathtext.py:2170: PyparsingDeprecationWarning: 'parseString' deprecated - use 'parse_string'
  result = self._expression.parseString(s)
/Users/shouryakaveti/VS_Projects/sparse-ppo-drl-research/.venv/lib/python3.12/site-packages/matplotlib/_mathtext.py:2197: PyparsingDeprecationWarning: 'parseString' deprecated - use 'parse_string'
  return self._math_expression.parseString(toks[0][1:-1], parseAll=True)
/Users/shouryakaveti/VS_Projects/sparse-ppo-drl-research/.venv/lib/python3.12/site-packages/pyparsing/util.py:466: PyparsingDeprecationWarning: 'parseAll' argument is deprecated, use 'parse_all'
  return fn(self, *args, **kwargs)
/Users/shouryakaveti/VS_Projects/sparse-ppo-drl-research/.venv/lib/python3.12/site-packages/matplotlib/_mathtext.py:2178: PyparsingDeprecationWarning: 'resetCache' deprecated - use 'reset_cache'
  ParserElement.resetCache()
ok

======================================================================
FAIL: test_panel_values (tests.test_exp12_twin_critic.TwinCheck1Test.test_panel_values)
----------------------------------------------------------------------
Traceback (most recent call last):
  File "/Users/shouryakaveti/VS_Projects/sparse-ppo-drl-research/main/tests/test_exp12_twin_critic.py", line 301, in test_panel_values
    np.testing.assert_array_equal(out["q"], np.asarray(q).reshape(-1))
  File "/Users/shouryakaveti/VS_Projects/sparse-ppo-drl-research/.venv/lib/python3.12/site-packages/numpy/testing/_private/utils.py", line 920, in assert_array_equal
    assert_array_compare(operator.__eq__, x, y, err_msg=err_msg,
  File "/opt/homebrew/Cellar/python@3.12/3.12.13_4/Frameworks/Python.framework/Versions/3.12/lib/python3.12/contextlib.py", line 81, in inner
    return func(*args, **kwds)
           ^^^^^^^^^^^^^^^^^^^
  File "/Users/shouryakaveti/VS_Projects/sparse-ppo-drl-research/.venv/lib/python3.12/site-packages/numpy/testing/_private/utils.py", line 797, in assert_array_compare
    raise AssertionError(msg)
AssertionError: 
Arrays are not equal

Mismatched elements: 67 / 512 (13.1%)
Max absolute difference: 7.1526e-07
Max relative difference: 0.0002
 x: array([ 1.708069,  1.338049, -0.248122,  1.223126,  1.166894, -1.545707,
        0.687412,  1.27951 ,  1.589073,  0.571355,  1.099083,  1.388466,
        1.493875,  1.261234,  0.821431,  1.391664,  0.853409,  1.278835,...
 y: array([ 1.708069,  1.338049, -0.248122,  1.223126,  1.166894, -1.545707,
        0.687412,  1.27951 ,  1.589073,  0.571355,  1.099083,  1.388466,
        1.493875,  1.261234,  0.821431,  1.391664,  0.853409,  1.278835,...

----------------------------------------------------------------------
Ran 180 tests in 621.143s

FAILED (failures=1, skipped=2)
 total params: 2.29K
 total params: 2.29K
