/Users/shouryakaveti/VS_Projects/sparse-ppo-drl-research/.venv/lib/python3.12/site-packages/matplotlib/_fontconfig_pattern.py:64: PyparsingDeprecationWarning: 'oneOf' deprecated - use 'one_of'
  prop = Group((name + Suppress("=") + comma_separated(value)) | oneOf(_CONSTANTS))
/Users/shouryakaveti/VS_Projects/sparse-ppo-drl-research/.venv/lib/python3.12/site-packages/matplotlib/_fontconfig_pattern.py:85: PyparsingDeprecationWarning: 'parseString' deprecated - use 'parse_string'
  parse = parser.parseString(pattern)
/Users/shouryakaveti/VS_Projects/sparse-ppo-drl-research/.venv/lib/python3.12/site-packages/matplotlib/_fontconfig_pattern.py:89: PyparsingDeprecationWarning: 'resetCache' deprecated - use 'reset_cache'
  parser.resetCache()
/Users/shouryakaveti/VS_Projects/sparse-ppo-drl-research/.venv/lib/python3.12/site-packages/matplotlib/_fontconfig_pattern.py:85: PyparsingDeprecationWarning: 'parseString' deprecated - use 'parse_string'
  parse = parser.parseString(pattern)
/Users/shouryakaveti/VS_Projects/sparse-ppo-drl-research/.venv/lib/python3.12/site-packages/matplotlib/_fontconfig_pattern.py:89: PyparsingDeprecationWarning: 'resetCache' deprecated - use 'reset_cache'
  parser.resetCache()
/Users/shouryakaveti/VS_Projects/sparse-ppo-drl-research/.venv/lib/python3.12/site-packages/matplotlib/_fontconfig_pattern.py:85: PyparsingDeprecationWarning: 'parseString' deprecated - use 'parse_string'
  parse = parser.parseString(pattern)
/Users/shouryakaveti/VS_Projects/sparse-ppo-drl-research/.venv/lib/python3.12/site-packages/matplotlib/_fontconfig_pattern.py:89: PyparsingDeprecationWarning: 'resetCache' deprecated - use 'reset_cache'
  parser.resetCache()
/Users/shouryakaveti/VS_Projects/sparse-ppo-drl-research/.venv/lib/python3.12/site-packages/matplotlib/_fontconfig_pattern.py:85: PyparsingDeprecationWarning: 'parseString' deprecated - use 'parse_string'
  parse = parser.parseString(pattern)
/Users/shouryakaveti/VS_Projects/sparse-ppo-drl-research/.venv/lib/python3.12/site-packages/matplotlib/_fontconfig_pattern.py:89: PyparsingDeprecationWarning: 'resetCache' deprecated - use 'reset_cache'
  parser.resetCache()
/Users/shouryakaveti/VS_Projects/sparse-ppo-drl-research/.venv/lib/python3.12/site-packages/matplotlib/_fontconfig_pattern.py:85: PyparsingDeprecationWarning: 'parseString' deprecated - use 'parse_string'
  parse = parser.parseString(pattern)
/Users/shouryakaveti/VS_Projects/sparse-ppo-drl-research/.venv/lib/python3.12/site-packages/matplotlib/_fontconfig_pattern.py:89: PyparsingDeprecationWarning: 'resetCache' deprecated - use 'reset_cache'
  parser.resetCache()
/Users/shouryakaveti/VS_Projects/sparse-ppo-drl-research/.venv/lib/python3.12/site-packages/matplotlib/_fontconfig_pattern.py:85: PyparsingDeprecationWarning: 'parseString' deprecated - use 'parse_string'
  parse = parser.parseString(pattern)
/Users/shouryakaveti/VS_Projects/sparse-ppo-drl-research/.venv/lib/python3.12/site-packages/matplotlib/_fontconfig_pattern.py:89: PyparsingDeprecationWarning: 'resetCache' deprecated - use 'reset_cache'
  parser.resetCache()
/Users/shouryakaveti/VS_Projects/sparse-ppo-drl-research/.venv/lib/python3.12/site-packages/matplotlib/_mathtext.py:45: PyparsingDeprecationWarning: 'enablePackrat' deprecated - use 'enable_packrat'
  ParserElement.enablePackrat()
 total params: 1.54K
 total params: 1.54K
[OK] pairing: current/fresh get different targets+minibatches: mutated -> FAIL (assertion), restored -> PASS  (test_identical_inputs_targets_and_minibatches)
[OK] offset: a forced to 0 instead of each critic's own mean: mutated -> FAIL (assertion), restored -> PASS  (test_per_critic_offset_is_each_critics_own_mean)
[OK] offset: a forced to 0 (known-answer test): mutated -> FAIL (assertion), restored -> PASS  (test_frozen_constant_critic_has_known_score)
[OK] baseline b dropped from P: mutated -> FAIL (assertion), restored -> PASS  (test_frozen_constant_critic_has_known_score)
[OK] sign: L = P(current) - P(fresh): mutated -> FAIL (assertion), restored -> PASS  (test_sign_convention_plasticity_loss_positive_when_current_is_worse)
[OK] non-finite check treated as valid: mutated -> FAIL (assertion), restored -> PASS  (test_non_finite_round_marks_check_invalid)
[OK] trigger fires on the gain side (upper tail): mutated -> FAIL (assertion), restored -> PASS  (test_current_worse_triggers_and_reverse_never_does)
[OK] trigger fires when the lower bound equals 0: mutated -> FAIL (assertion), restored -> PASS  (test_edge_cases)
[OK] f*_run allowed at 20/20 (past 95% of budget): mutated -> FAIL (assertion), restored -> PASS  (test_f_star_first_eligible_check_only)
[OK] bootstrap statistic is the mean, not the IQM: mutated -> FAIL (assertion), restored -> PASS  (test_statistic_is_iqm_not_mean)
[OK] dev runs not excluded by default: mutated -> FAIL (assertion), restored -> PASS  (test_round_trip_and_dev_excluded_by_default)
 total params: 1.54K
 total params: 1.54K
[OK] A9: random action only on step 1 (angle_1 rule) instead of until min_length: mutated -> FAIL (assertion), restored -> PASS  (test_random_until_min_length_then_policy)
[OK] injection: Q = old + new (subtraction of the frozen copy removed): mutated -> FAIL (assertion), restored -> PASS  (test_predictions_unchanged_bit_for_bit_and_action_gradients_within_dtype_tolerance)
[OK] injection: frozen heads' parameter gradients not stopped: mutated -> FAIL (assertion), restored -> PASS  (test_gradients_reach_earlier_blocks_through_the_frozen_head)
[OK] injection: plain AdamW on every parameter (frozen heads decay): mutated -> FAIL (assertion), restored -> PASS  (test_training_keeps_frozen_heads_bit_identical_and_moves_trainable_parts)
[OK] injection: trunk optimizer state recreated (moments and count reset): mutated -> FAIL (assertion), restored -> PASS  (test_optimizer_state_rules)
[OK] injection: new head shares the trunk's step count: mutated -> FAIL (assertion), restored -> PASS  (test_optimizer_state_rules)
[OK] injection: copy head initialised independently of the new head: mutated -> FAIL (assertion), restored -> PASS  (test_new_copies_identical_and_freshly_initialised)
[OK] injection: target critic's new head differs from the online one: mutated -> FAIL (assertion), restored -> PASS  (test_new_copies_identical_and_freshly_initialised)
[OK] m rule: best recovery instead of the smallest m within 0.10: mutated -> FAIL (assertion), restored -> PASS  (test_select_smallest_m_within_tolerance)
[OK] probe noise not expressed in recovery units: mutated -> FAIL (assertion), restored -> PASS  (test_evaluate_stops_on_noise)
[OK] recovery not relative to the fresh critic's level (L = 0): mutated -> FAIL (assertion), restored -> PASS  (test_recovery_toward_the_fresh_critic)
[OK] probe noise: range instead of pooled SD: mutated -> FAIL (assertion), restored -> PASS  (test_pooled_sd)
[OK] probe noise stops only above 0.10, not at it: mutated -> FAIL (assertion), restored -> PASS  (test_noise_exactly_at_the_threshold_stops)
[OK] shared offset ignored (each critic keeps its own): mutated -> FAIL (assertion), restored -> PASS  (test_shared_offset_modes)
[OK] Check 1 ignores dQ/da: mutated -> FAIL (assertion), restored -> PASS  (test_check1_compares_values_and_action_gradients)
[OK] Check 1: the control and identity arm get the 64 eps tolerance too: mutated -> FAIL (assertion), restored -> PASS  (test_check1_control_and_identity_must_be_bit_exact)
[OK] Check 1 tolerance effectively infinite (a broken injection passes): mutated -> FAIL (assertion), restored -> PASS  (test_check1_fails_when_the_injection_construction_is_broken)
[OK] arms may run on a different device model: mutated -> FAIL (assertion), restored -> PASS  (test_both_arms_must_run_on_the_fork_device_model)
[OK] f*_run on one firing check although 2 consecutive are required: mutated -> FAIL (assertion), restored -> PASS  (test_f_star_first_eligible_check_only)
[OK] fork plan: injected arm runs to N instead of fork + 25% N: mutated -> FAIL (assertion), restored -> PASS  (test_fork_plan)
 total params: 1.54K
[control] post-fork evaluation 3: 0.1 s for 2 episodes
 total params: 1.54K
[control] post-fork evaluation 3: 0.1 s for 2 episodes
[injected] post-fork evaluation 3: 0.0 s for 2 episodes
[OK] post-fork eval does not restore the agent's key: mutated -> FAIL (assertion), restored -> PASS  (test_post_fork_eval_leaves_training_state_untouched)
 total params: 1.54K
[control] post-fork evaluation 3: 0.1 s for 2 episodes
 total params: 1.54K
[control] post-fork evaluation 3: 0.1 s for 2 episodes
[injected] post-fork evaluation 3: 0.0 s for 2 episodes
[OK] post-fork eval does not restore the global numpy RNG: mutated -> FAIL (assertion), restored -> PASS  (test_post_fork_eval_leaves_training_state_untouched)
 total params: 1.54K
[control] post-fork evaluation 3: 0.1 s for 2 episodes
[injected] post-fork evaluation 3: 0.0 s for 2 episodes
 total params: 1.54K
[control] post-fork evaluation 3: 0.1 s for 2 episodes
[injected] post-fork evaluation 3: 0.0 s for 2 episodes
[OK] post-fork eval leaves the global numpy RNG unseeded (Reach goals follow training): mutated -> FAIL (assertion), restored -> PASS  (test_post_fork_eval_leaves_training_state_untouched)
 total params: 1.54K
[control] post-fork evaluation 3: 0.1 s for 2 episodes
 total params: 1.54K
[control] post-fork evaluation 3: 0.1 s for 2 episodes
[injected] post-fork evaluation 3: 0.0 s for 2 episodes
NUMERICS {"name": "policy_kl/well_conditioned", "diagnostic": 0.019306955859065056, "closed_form": 0.019231496205573323, "rel_diff": 0.003923753653127859, "sigma_min": 0.12534983456134796, "sigma_max": 0.8838428258895874}
NUMERICS {"name": "policy_kl/well_conditioned", "diagnostic": 0.019231459125876427, "closed_form": 0.019231496205573323, "rel_diff": 1.928071352322165e-06, "sigma_min": 0.12534983456134796, "sigma_max": 0.8838428258895874}
NUMERICS {"name": "policy_kl/well_conditioned", "diagnostic": 0.018389813601970673, "closed_form": 0.019231496205573323, "rel_diff": 0.043765840920829094, "sigma_min": 0.12534983456134796, "sigma_max": 0.8838428258895874}
NUMERICS {"name": "policy_kl/well_conditioned", "diagnostic": 0.019231459125876427, "closed_form": 0.019231496205573323, "rel_diff": 1.928071352322165e-06, "sigma_min": 0.12534983456134796, "sigma_max": 0.8838428258895874}
WARNING:matplotlib.style.core:In /Users/shouryakaveti/VS_Projects/sparse-ppo-drl-research/.venv/lib/python3.12/site-packages/matplotlib/mpl-data/stylelib/classic.mplstyle: 'parseString' deprecated - use 'parse_string'
WARNING:matplotlib.style.core:In /Users/shouryakaveti/VS_Projects/sparse-ppo-drl-research/.venv/lib/python3.12/site-packages/matplotlib/mpl-data/stylelib/classic.mplstyle: 'resetCache' deprecated - use 'reset_cache'
WARNING:matplotlib.style.core:In /Users/shouryakaveti/VS_Projects/sparse-ppo-drl-research/.venv/lib/python3.12/site-packages/matplotlib/mpl-data/stylelib/classic.mplstyle: 'parseString' deprecated - use 'parse_string'
WARNING:matplotlib.style.core:In /Users/shouryakaveti/VS_Projects/sparse-ppo-drl-research/.venv/lib/python3.12/site-packages/matplotlib/mpl-data/stylelib/classic.mplstyle: 'resetCache' deprecated - use 'reset_cache'
WARNING:matplotlib.style.core:In /Users/shouryakaveti/VS_Projects/sparse-ppo-drl-research/.venv/lib/python3.12/site-packages/matplotlib/mpl-data/stylelib/classic.mplstyle: 'parseString' deprecated - use 'parse_string'
WARNING:matplotlib.style.core:In /Users/shouryakaveti/VS_Projects/sparse-ppo-drl-research/.venv/lib/python3.12/site-packages/matplotlib/mpl-data/stylelib/classic.mplstyle: 'resetCache' deprecated - use 'reset_cache'
WARNING:matplotlib.style.core:In /Users/shouryakaveti/VS_Projects/sparse-ppo-drl-research/.venv/lib/python3.12/site-packages/matplotlib/mpl-data/stylelib/classic.mplstyle: 'parseString' deprecated - use 'parse_string'
WARNING:matplotlib.style.core:In /Users/shouryakaveti/VS_Projects/sparse-ppo-drl-research/.venv/lib/python3.12/site-packages/matplotlib/mpl-data/stylelib/classic.mplstyle: 'resetCache' deprecated - use 'reset_cache'
/Users/shouryakaveti/VS_Projects/sparse-ppo-drl-research/.venv/lib/python3.12/site-packages/gymnasium/spaces/box.py:234: UserWarning: [33mWARN: Box low's precision lowered by casting to float32, current low.dtype=float64[0m
  gym.logger.warn(
/Users/shouryakaveti/VS_Projects/sparse-ppo-drl-research/.venv/lib/python3.12/site-packages/gymnasium/spaces/box.py:304: UserWarning: [33mWARN: Box high's precision lowered by casting to float32, current high.dtype=float64[0m
  gym.logger.warn(
/Users/shouryakaveti/VS_Projects/sparse-ppo-drl-research/.venv/lib/python3.12/site-packages/gymnasium/spaces/box.py:234: UserWarning: [33mWARN: Box low's precision lowered by casting to float32, current low.dtype=float64[0m
  gym.logger.warn(
/Users/shouryakaveti/VS_Projects/sparse-ppo-drl-research/.venv/lib/python3.12/site-packages/gymnasium/spaces/box.py:304: UserWarning: [33mWARN: Box high's precision lowered by casting to float32, current high.dtype=float64[0m
  gym.logger.warn(
WARNING:absl:SaveArgs.aggregate is deprecated, please use custom TypeHandler (https://orbax.readthedocs.io/en/latest/custom_handlers.html#typehandler) or contact Orbax team to migrate before May 1st, 2024.
WARNING:absl:SaveArgs.aggregate is deprecated, please use custom TypeHandler (https://orbax.readthedocs.io/en/latest/custom_handlers.html#typehandler) or contact Orbax team to migrate before May 1st, 2024.
WARNING:absl:SaveArgs.aggregate is deprecated, please use custom TypeHandler (https://orbax.readthedocs.io/en/latest/custom_handlers.html#typehandler) or contact Orbax team to migrate before May 1st, 2024.
WARNING:absl:SaveArgs.aggregate is deprecated, please use custom TypeHandler (https://orbax.readthedocs.io/en/latest/custom_handlers.html#typehandler) or contact Orbax team to migrate before May 1st, 2024.
WARNING:absl:SaveArgs.aggregate is deprecated, please use custom TypeHandler (https://orbax.readthedocs.io/en/latest/custom_handlers.html#typehandler) or contact Orbax team to migrate before May 1st, 2024.
WARNING:absl:SaveArgs.aggregate is deprecated, please use custom TypeHandler (https://orbax.readthedocs.io/en/latest/custom_handlers.html#typehandler) or contact Orbax team to migrate before May 1st, 2024.
WARNING:absl:SaveArgs.aggregate is deprecated, please use custom TypeHandler (https://orbax.readthedocs.io/en/latest/custom_handlers.html#typehandler) or contact Orbax team to migrate before May 1st, 2024.
WARNING:absl:SaveArgs.aggregate is deprecated, please use custom TypeHandler (https://orbax.readthedocs.io/en/latest/custom_handlers.html#typehandler) or contact Orbax team to migrate before May 1st, 2024.
WARNING:absl:SaveArgs.aggregate is deprecated, please use custom TypeHandler (https://orbax.readthedocs.io/en/latest/custom_handlers.html#typehandler) or contact Orbax team to migrate before May 1st, 2024.
WARNING:absl:SaveArgs.aggregate is deprecated, please use custom TypeHandler (https://orbax.readthedocs.io/en/latest/custom_handlers.html#typehandler) or contact Orbax team to migrate before May 1st, 2024.
WARNING:absl:SaveArgs.aggregate is deprecated, please use custom TypeHandler (https://orbax.readthedocs.io/en/latest/custom_handlers.html#typehandler) or contact Orbax team to migrate before May 1st, 2024.
[OK] post-fork eval does not restore Python's random: mutated -> FAIL (assertion), restored -> PASS  (test_post_fork_eval_leaves_training_state_untouched)
[OK] I1: KL(pi_{t-1} || pi_t) instead of KL(pi_t || pi_{t-1}): mutated -> FAIL (assertion), restored -> PASS  (test_policy_kl_is_the_closed_form_gaussian_kl_new_vs_old)
[OK] I1: wrong KL formula (mean term only, no variance terms): mutated -> FAIL (assertion), restored -> PASS  (test_policy_kl_is_the_closed_form_gaussian_kl_new_vs_old)
[OK] (x): diagnostic forward passes left at the job's precision (TF32 on the GPU): mutated -> FAIL (assertion), restored -> PASS  (test_diagnostic_forward_passes_are_highest_and_training_matmuls_keep_the_run_setting)
[OK] diagnostics perturb the actor update: mutated -> FAIL (assertion), restored -> PASS  (test_diagnostics_never_change_the_update)
[OK] I3: saturation of the deterministic mean action, not the sampled one: mutated -> FAIL (assertion), restored -> PASS  (test_saturation_is_the_fraction_of_sampled_components_beyond_the_threshold)
[OK] I2: sample SD (ddof=1) instead of the population SD: mutated -> FAIL (assertion), restored -> PASS  (test_gnorm_std_is_the_population_sd_of_the_window)
[OK] I2: the gnorm window is never reset: mutated -> FAIL (assertion), restored -> PASS  (test_gnorm_std_is_the_population_sd_of_the_window)
 total params: 1.54K
 total params: 1.54K
[OK] I1: KL reference drawn from the global numpy RNG: mutated -> FAIL (assertion), restored -> PASS  (test_reference_batch_per_window_from_a_dedicated_stream)
 total params: 1.54K
 total params: 1.54K
[OK] I1: KL reference never redrawn after the first window: mutated -> FAIL (assertion), restored -> PASS  (test_reference_batch_per_window_from_a_dedicated_stream)
[OK] Exp 2: paired difference control - injected: mutated -> FAIL (assertion), restored -> PASS  (test_paired_difference_is_injected_minus_control_mean_return)
[OK] Exp 2: forks with an unfinished arm enter the paired graphs: mutated -> FAIL (assertion), restored -> PASS  (test_band_per_environment_over_complete_confirmatory_forks)
[OK] Exp 2: development runs not excluded by default: mutated -> FAIL (assertion), restored -> PASS  (test_tables_and_files)
[OK] Exp 2: the secondary analysis uses every fork: mutated -> FAIL (assertion), restored -> PASS  (test_secondary_is_the_check2_success_subset)
[OK] manifest: one fixed save interval instead of one save per probe check: mutated -> FAIL (assertion), restored -> PASS  (test_every_job_composes_with_the_methodology_budget)
[OK] manifest: arm jobs for the default critic too: mutated -> FAIL (assertion), restored -> PASS  (test_arm_jobs_only_for_completed_forks_grouped_by_device)
[OK] manifest: arm jobs not grouped by the fork's device model: mutated -> FAIL (assertion), restored -> PASS  (test_arm_jobs_only_for_completed_forks_grouped_by_device)
[OK] manifest: DONE runs queued again: mutated -> FAIL (assertion), restored -> PASS  (test_done_and_resume_classification)
exp12_exp1_jobs.txt: queued 195
exp1 fresh: 195
exp12_exp1_jobs.txt: queued 195
exp1 fresh: 195
exp12_exp1_jobs.txt: queued 195
exp1 fresh: 195
[OK] manifest: relative --ckpt-root accepted: mutated -> FAIL (assertion), restored -> PASS  (test_cli_writes_the_manifests)
[OK] manifest: arm config differs from its parent's (results_root dropped): mutated -> FAIL (assertion), restored -> PASS  (test_arm_jobs_only_for_completed_forks_grouped_by_device)
 total params: 1.54K
 total params: 1.54K
[OK] truncation treated as terminal in the critic target: mutated -> FAIL (assertion), restored -> PASS  (test_truncation_bootstraps_and_termination_does_not)
 total params: 1.54K
 total params: 1.54K
[OK] the reset observation stored as next_observation on truncation: mutated -> FAIL (assertion), restored -> PASS  (test_truncation_bootstraps_and_termination_does_not)
MyoSuite:> Registering Myo Envs
    MyoSuite: A contact-rich simulation suite for musculoskeletal motor control
        Vittorio Caggiano, Huawei Wang, Guillaume Durandau, Massimo Sartori, Vikash Kumar
        L4DC-2019 | https://sites.google.com/view/myosuite
    
[OK] PenTwirl's registered 50-step limit replaced: mutated -> FAIL (assertion), restored -> PASS  (test_pen_twirl_keeps_its_registered_50_step_limit_as_in_simba)
[OK] twin critic: vmap with in_axes=None (the pre-fix form): mutated -> FAIL (error), restored -> PASS  (test_twin_critic_initialises_with_two_independent_networks)
[OK] twin critic: td_error never set in the clipped-double-Q branch (the pre-fix form): mutated -> FAIL (error), restored -> PASS  (test_td_error_var_is_the_mean_of_the_two_networks)
[OK] twin critic: td_error_var pooled over both networks instead of their mean: mutated -> FAIL (assertion), restored -> PASS  (test_td_error_var_is_the_mean_of_the_two_networks)
[OK] twin critic: grad cosine ignores critic_use_cdq (the pre-fix form): mutated -> FAIL (error), restored -> PASS  (test_actor_grad_cosine_uses_min_of_the_two_networks)
[OK] twin critic: grad cosine on Q1 only: mutated -> FAIL (assertion), restored -> PASS  (test_actor_grad_cosine_uses_min_of_the_two_networks)
[OK] twin critic: Q2's structural metrics read from network 0: mutated -> FAIL (assertion), restored -> PASS  (test_structural_metrics_are_per_network)
[OK] twin critic: target computed from Q1's target only: mutated -> FAIL (assertion), restored -> PASS  (test_critic_loss_uses_the_shared_min_target_and_each_network_its_own_term)
[OK] twin probe: per-round L from network 1 only: mutated -> FAIL (assertion), restored -> PASS  (test_combined_loss_is_the_mean_of_the_two_networks)
[OK] twin probe: both views take network 1's parameters: mutated -> FAIL (assertion), restored -> PASS  (test_expand_gives_each_network_its_own_slice)
[OK] twin injection: target trunk and frozen head taken from the online critic: mutated -> FAIL (assertion), restored -> PASS  (test_same_head_in_both_networks_and_targets)
[OK] twin injection: one new head shared by both networks: mutated -> FAIL (assertion), restored -> PASS  (test_same_head_in_both_networks_and_targets)
[OK] twin injection: trunk Adam state reset instead of carried: mutated -> FAIL (assertion), restored -> PASS  (test_training_keeps_frozen_heads_and_optimizer_rules)
[PROBLEM] twin Check 1: dQ/da of Q1 instead of min(Q1, Q2): mutated -> FAIL (assertion), restored -> FAIL  (test_panel_values)
 total params: 2.29K
[exp1] fork state saved at interaction_step 100 in 0.2 s
/Users/shouryakaveti/VS_Projects/sparse-ppo-drl-research/.venv/lib/python3.12/site-packages/orbax/checkpoint/type_handlers.py:1475: UserWarning: Couldn't find sharding info under RestoreArgs. Populating sharding info from sharding file. Please note restoration time will be slightly increased due to reading from file instead of directly from RestoreArgs.
  warnings.warn(
 total params: 2.29K
[exp1] restored interaction_step 100 from /var/folders/ms/h3zjmq652jvg08wcslr2z3t80000gn/T/tmpx51b_2tf/run/fork/state/step_000000100_992d97e5 in 0.1 s
[control] post-fork evaluation 0: 0.2 s for 1 episodes
[control] post-fork evaluation 1: 0.0 s for 1 episodes
[control] post-fork evaluation 2: 0.0 s for 1 episodes
[control] post-fork evaluation 3: 0.0 s for 1 episodes
[control] post-fork evaluation 4: 0.0 s for 1 episodes
[control] post-fork evaluation 5: 0.0 s for 1 episodes
[control] post-fork evaluation 6: 0.0 s for 1 episodes
[control] post-fork evaluation 7: 0.0 s for 1 episodes
[control] post-fork evaluation 8: 0.0 s for 1 episodes
[control] post-fork evaluation 9: 0.0 s for 1 episodes
[control] post-fork evaluation 10: 0.0 s for 1 episodes
[control] post-fork evaluation 11: 0.0 s for 1 episodes
[control] post-fork evaluation 12: 0.1 s for 1 episodes
WARNING:absl:SaveArgs.aggregate is deprecated, please use custom TypeHandler (https://orbax.readthedocs.io/en/latest/custom_handlers.html#typehandler) or contact Orbax team to migrate before May 1st, 2024.
WARNING:absl:SaveArgs.aggregate is deprecated, please use custom TypeHandler (https://orbax.readthedocs.io/en/latest/custom_handlers.html#typehandler) or contact Orbax team to migrate before May 1st, 2024.
WARNING:absl:SaveArgs.aggregate is deprecated, please use custom TypeHandler (https://orbax.readthedocs.io/en/latest/custom_handlers.html#typehandler) or contact Orbax team to migrate before May 1st, 2024.
WARNING:absl:SaveArgs.aggregate is deprecated, please use custom TypeHandler (https://orbax.readthedocs.io/en/latest/custom_handlers.html#typehandler) or contact Orbax team to migrate before May 1st, 2024.
WARNING:absl:SaveArgs.aggregate is deprecated, please use custom TypeHandler (https://orbax.readthedocs.io/en/latest/custom_handlers.html#typehandler) or contact Orbax team to migrate before May 1st, 2024.
WARNING:absl:SaveArgs.aggregate is deprecated, please use custom TypeHandler (https://orbax.readthedocs.io/en/latest/custom_handlers.html#typehandler) or contact Orbax team to migrate before May 1st, 2024.
WARNING:absl:SaveArgs.aggregate is deprecated, please use custom TypeHandler (https://orbax.readthedocs.io/en/latest/custom_handlers.html#typehandler) or contact Orbax team to migrate before May 1st, 2024.
WARNING:absl:SaveArgs.aggregate is deprecated, please use custom TypeHandler (https://orbax.readthedocs.io/en/latest/custom_handlers.html#typehandler) or contact Orbax team to migrate before May 1st, 2024.
WARNING:absl:SaveArgs.aggregate is deprecated, please use custom TypeHandler (https://orbax.readthedocs.io/en/latest/custom_handlers.html#typehandler) or contact Orbax team to migrate before May 1st, 2024.
WARNING:absl:SaveArgs.aggregate is deprecated, please use custom TypeHandler (https://orbax.readthedocs.io/en/latest/custom_handlers.html#typehandler) or contact Orbax team to migrate before May 1st, 2024.
WARNING:absl:SaveArgs.aggregate is deprecated, please use custom TypeHandler (https://orbax.readthedocs.io/en/latest/custom_handlers.html#typehandler) or contact Orbax team to migrate before May 1st, 2024.
[control] post-fork evaluation 13: 0.0 s for 1 episodes
[control] post-fork evaluation 14: 0.0 s for 1 episodes
[control] post-fork evaluation 15: 0.0 s for 1 episodes
[control] post-fork evaluation 16: 0.0 s for 1 episodes
[control] post-fork evaluation 17: 0.0 s for 1 episodes
[control] post-fork evaluation 18: 0.1 s for 1 episodes
[control] post-fork evaluation 19: 0.0 s for 1 episodes
[control] post-fork evaluation 20: 0.0 s for 1 episodes
[control] post-fork evaluation 21: 0.0 s for 1 episodes
[control] post-fork evaluation 22: 0.0 s for 1 episodes
[control] post-fork evaluation 23: 0.0 s for 1 episodes
[control] post-fork evaluation 24: 0.0 s for 1 episodes
[control] post-fork evaluation 25: 0.0 s for 1 episodes
WARNING:absl:SaveArgs.aggregate is deprecated, please use custom TypeHandler (https://orbax.readthedocs.io/en/latest/custom_handlers.html#typehandler) or contact Orbax team to migrate before May 1st, 2024.
WARNING:absl:SaveArgs.aggregate is deprecated, please use custom TypeHandler (https://orbax.readthedocs.io/en/latest/custom_handlers.html#typehandler) or contact Orbax team to migrate before May 1st, 2024.
WARNING:absl:SaveArgs.aggregate is deprecated, please use custom TypeHandler (https://orbax.readthedocs.io/en/latest/custom_handlers.html#typehandler) or contact Orbax team to migrate before May 1st, 2024.
WARNING:absl:SaveArgs.aggregate is deprecated, please use custom TypeHandler (https://orbax.readthedocs.io/en/latest/custom_handlers.html#typehandler) or contact Orbax team to migrate before May 1st, 2024.
WARNING:absl:SaveArgs.aggregate is deprecated, please use custom TypeHandler (https://orbax.readthedocs.io/en/latest/custom_handlers.html#typehandler) or contact Orbax team to migrate before May 1st, 2024.
WARNING:absl:SaveArgs.aggregate is deprecated, please use custom TypeHandler (https://orbax.readthedocs.io/en/latest/custom_handlers.html#typehandler) or contact Orbax team to migrate before May 1st, 2024.
WARNING:absl:SaveArgs.aggregate is deprecated, please use custom TypeHandler (https://orbax.readthedocs.io/en/latest/custom_handlers.html#typehandler) or contact Orbax team to migrate before May 1st, 2024.
WARNING:absl:SaveArgs.aggregate is deprecated, please use custom TypeHandler (https://orbax.readthedocs.io/en/latest/custom_handlers.html#typehandler) or contact Orbax team to migrate before May 1st, 2024.
WARNING:absl:SaveArgs.aggregate is deprecated, please use custom TypeHandler (https://orbax.readthedocs.io/en/latest/custom_handlers.html#typehandler) or contact Orbax team to migrate before May 1st, 2024.
WARNING:absl:SaveArgs.aggregate is deprecated, please use custom TypeHandler (https://orbax.readthedocs.io/en/latest/custom_handlers.html#typehandler) or contact Orbax team to migrate before May 1st, 2024.
WARNING:absl:SaveArgs.aggregate is deprecated, please use custom TypeHandler (https://orbax.readthedocs.io/en/latest/custom_handlers.html#typehandler) or contact Orbax team to migrate before May 1st, 2024.
/Users/shouryakaveti/VS_Projects/sparse-ppo-drl-research/.venv/lib/python3.12/site-packages/orbax/checkpoint/type_handlers.py:1475: UserWarning: Couldn't find sharding info under RestoreArgs. Populating sharding info from sharding file. Please note restoration time will be slightly increased due to reading from file instead of directly from RestoreArgs.
  warnings.warn(
 total params: 2.29K
[exp2_arm] fork state restored in 0.1 s
[identity] post-fork evaluation 0: 0.2 s for 1 episodes
WARNING:absl:SaveArgs.aggregate is deprecated, please use custom TypeHandler (https://orbax.readthedocs.io/en/latest/custom_handlers.html#typehandler) or contact Orbax team to migrate before May 1st, 2024.
WARNING:absl:SaveArgs.aggregate is deprecated, please use custom TypeHandler (https://orbax.readthedocs.io/en/latest/custom_handlers.html#typehandler) or contact Orbax team to migrate before May 1st, 2024.
WARNING:absl:SaveArgs.aggregate is deprecated, please use custom TypeHandler (https://orbax.readthedocs.io/en/latest/custom_handlers.html#typehandler) or contact Orbax team to migrate before May 1st, 2024.
WARNING:absl:SaveArgs.aggregate is deprecated, please use custom TypeHandler (https://orbax.readthedocs.io/en/latest/custom_handlers.html#typehandler) or contact Orbax team to migrate before May 1st, 2024.
WARNING:absl:SaveArgs.aggregate is deprecated, please use custom TypeHandler (https://orbax.readthedocs.io/en/latest/custom_handlers.html#typehandler) or contact Orbax team to migrate before May 1st, 2024.
WARNING:absl:SaveArgs.aggregate is deprecated, please use custom TypeHandler (https://orbax.readthedocs.io/en/latest/custom_handlers.html#typehandler) or contact Orbax team to migrate before May 1st, 2024.
WARNING:absl:SaveArgs.aggregate is deprecated, please use custom TypeHandler (https://orbax.readthedocs.io/en/latest/custom_handlers.html#typehandler) or contact Orbax team to migrate before May 1st, 2024.
WARNING:absl:SaveArgs.aggregate is deprecated, please use custom TypeHandler (https://orbax.readthedocs.io/en/latest/custom_handlers.html#typehandler) or contact Orbax team to migrate before May 1st, 2024.
WARNING:absl:SaveArgs.aggregate is deprecated, please use custom TypeHandler (https://orbax.readthedocs.io/en/latest/custom_handlers.html#typehandler) or contact Orbax team to migrate before May 1st, 2024.
WARNING:absl:SaveArgs.aggregate is deprecated, please use custom TypeHandler (https://orbax.readthedocs.io/en/latest/custom_handlers.html#typehandler) or contact Orbax team to migrate before May 1st, 2024.
WARNING:absl:SaveArgs.aggregate is deprecated, please use custom TypeHandler (https://orbax.readthedocs.io/en/latest/custom_handlers.html#typehandler) or contact Orbax team to migrate before May 1st, 2024.
[identity] post-fork evaluation 1: 0.0 s for 1 episodes
[identity] post-fork evaluation 2: 0.0 s for 1 episodes
[identity] post-fork evaluation 3: 0.0 s for 1 episodes
[identity] post-fork evaluation 4: 0.0 s for 1 episodes
[identity] post-fork evaluation 5: 0.0 s for 1 episodes
[identity] post-fork evaluation 6: 0.0 s for 1 episodes
[identity] post-fork evaluation 7: 0.0 s for 1 episodes
[identity] post-fork evaluation 8: 0.0 s for 1 episodes
[identity] post-fork evaluation 9: 0.0 s for 1 episodes
[identity] post-fork evaluation 10: 0.0 s for 1 episodes
[identity] post-fork evaluation 11: 0.0 s for 1 episodes
[identity] post-fork evaluation 12: 0.0 s for 1 episodes
WARNING:absl:SaveArgs.aggregate is deprecated, please use custom TypeHandler (https://orbax.readthedocs.io/en/latest/custom_handlers.html#typehandler) or contact Orbax team to migrate before May 1st, 2024.
WARNING:absl:SaveArgs.aggregate is deprecated, please use custom TypeHandler (https://orbax.readthedocs.io/en/latest/custom_handlers.html#typehandler) or contact Orbax team to migrate before May 1st, 2024.
WARNING:absl:SaveArgs.aggregate is deprecated, please use custom TypeHandler (https://orbax.readthedocs.io/en/latest/custom_handlers.html#typehandler) or contact Orbax team to migrate before May 1st, 2024.
WARNING:absl:SaveArgs.aggregate is deprecated, please use custom TypeHandler (https://orbax.readthedocs.io/en/latest/custom_handlers.html#typehandler) or contact Orbax team to migrate before May 1st, 2024.
WARNING:absl:SaveArgs.aggregate is deprecated, please use custom TypeHandler (https://orbax.readthedocs.io/en/latest/custom_handlers.html#typehandler) or contact Orbax team to migrate before May 1st, 2024.
WARNING:absl:SaveArgs.aggregate is deprecated, please use custom TypeHandler (https://orbax.readthedocs.io/en/latest/custom_handlers.html#typehandler) or contact Orbax team to migrate before May 1st, 2024.
WARNING:absl:SaveArgs.aggregate is deprecated, please use custom TypeHandler (https://orbax.readthedocs.io/en/latest/custom_handlers.html#typehandler) or contact Orbax team to migrate before May 1st, 2024.
WARNING:absl:SaveArgs.aggregate is deprecated, please use custom TypeHandler (https://orbax.readthedocs.io/en/latest/custom_handlers.html#typehandler) or contact Orbax team to migrate before May 1st, 2024.
WARNING:absl:SaveArgs.aggregate is deprecated, please use custom TypeHandler (https://orbax.readthedocs.io/en/latest/custom_handlers.html#typehandler) or contact Orbax team to migrate before May 1st, 2024.
WARNING:absl:SaveArgs.aggregate is deprecated, please use custom TypeHandler (https://orbax.readthedocs.io/en/latest/custom_handlers.html#typehandler) or contact Orbax team to migrate before May 1st, 2024.
WARNING:absl:SaveArgs.aggregate is deprecated, please use custom TypeHandler (https://orbax.readthedocs.io/en/latest/custom_handlers.html#typehandler) or contact Orbax team to migrate before May 1st, 2024.
[identity] post-fork evaluation 13: 0.0 s for 1 episodes
[identity] post-fork evaluation 14: 0.0 s for 1 episodes
[identity] post-fork evaluation 15: 0.0 s for 1 episodes
[identity] post-fork evaluation 16: 0.0 s for 1 episodes
[identity] post-fork evaluation 17: 0.1 s for 1 episodes
[identity] post-fork evaluation 18: 0.1 s for 1 episodes
[identity] post-fork evaluation 19: 0.1 s for 1 episodes
[identity] post-fork evaluation 20: 0.0 s for 1 episodes
[identity] post-fork evaluation 21: 0.0 s for 1 episodes
[identity] post-fork evaluation 22: 0.0 s for 1 episodes
[identity] post-fork evaluation 23: 0.0 s for 1 episodes
[identity] post-fork evaluation 24: 0.0 s for 1 episodes
[identity] post-fork evaluation 25: 0.0 s for 1 episodes
WARNING:absl:SaveArgs.aggregate is deprecated, please use custom TypeHandler (https://orbax.readthedocs.io/en/latest/custom_handlers.html#typehandler) or contact Orbax team to migrate before May 1st, 2024.
WARNING:absl:SaveArgs.aggregate is deprecated, please use custom TypeHandler (https://orbax.readthedocs.io/en/latest/custom_handlers.html#typehandler) or contact Orbax team to migrate before May 1st, 2024.
WARNING:absl:SaveArgs.aggregate is deprecated, please use custom TypeHandler (https://orbax.readthedocs.io/en/latest/custom_handlers.html#typehandler) or contact Orbax team to migrate before May 1st, 2024.
WARNING:absl:SaveArgs.aggregate is deprecated, please use custom TypeHandler (https://orbax.readthedocs.io/en/latest/custom_handlers.html#typehandler) or contact Orbax team to migrate before May 1st, 2024.
WARNING:absl:SaveArgs.aggregate is deprecated, please use custom TypeHandler (https://orbax.readthedocs.io/en/latest/custom_handlers.html#typehandler) or contact Orbax team to migrate before May 1st, 2024.
WARNING:absl:SaveArgs.aggregate is deprecated, please use custom TypeHandler (https://orbax.readthedocs.io/en/latest/custom_handlers.html#typehandler) or contact Orbax team to migrate before May 1st, 2024.
WARNING:absl:SaveArgs.aggregate is deprecated, please use custom TypeHandler (https://orbax.readthedocs.io/en/latest/custom_handlers.html#typehandler) or contact Orbax team to migrate before May 1st, 2024.
WARNING:absl:SaveArgs.aggregate is deprecated, please use custom TypeHandler (https://orbax.readthedocs.io/en/latest/custom_handlers.html#typehandler) or contact Orbax team to migrate before May 1st, 2024.
WARNING:absl:SaveArgs.aggregate is deprecated, please use custom TypeHandler (https://orbax.readthedocs.io/en/latest/custom_handlers.html#typehandler) or contact Orbax team to migrate before May 1st, 2024.
WARNING:absl:SaveArgs.aggregate is deprecated, please use custom TypeHandler (https://orbax.readthedocs.io/en/latest/custom_handlers.html#typehandler) or contact Orbax team to migrate before May 1st, 2024.
WARNING:absl:SaveArgs.aggregate is deprecated, please use custom TypeHandler (https://orbax.readthedocs.io/en/latest/custom_handlers.html#typehandler) or contact Orbax team to migrate before May 1st, 2024.
/Users/shouryakaveti/VS_Projects/sparse-ppo-drl-research/.venv/lib/python3.12/site-packages/orbax/checkpoint/type_handlers.py:1475: UserWarning: Couldn't find sharding info under RestoreArgs. Populating sharding info from sharding file. Please note restoration time will be slightly increased due to reading from file instead of directly from RestoreArgs.
  warnings.warn(
 total params: 2.29K
[exp2_arm] fork state restored in 0.1 s
[injected] post-fork evaluation 0: 0.2 s for 1 episodes
WARNING:absl:SaveArgs.aggregate is deprecated, please use custom TypeHandler (https://orbax.readthedocs.io/en/latest/custom_handlers.html#typehandler) or contact Orbax team to migrate before May 1st, 2024.
WARNING:absl:SaveArgs.aggregate is deprecated, please use custom TypeHandler (https://orbax.readthedocs.io/en/latest/custom_handlers.html#typehandler) or contact Orbax team to migrate before May 1st, 2024.
WARNING:absl:SaveArgs.aggregate is deprecated, please use custom TypeHandler (https://orbax.readthedocs.io/en/latest/custom_handlers.html#typehandler) or contact Orbax team to migrate before May 1st, 2024.
WARNING:absl:SaveArgs.aggregate is deprecated, please use custom TypeHandler (https://orbax.readthedocs.io/en/latest/custom_handlers.html#typehandler) or contact Orbax team to migrate before May 1st, 2024.
WARNING:absl:SaveArgs.aggregate is deprecated, please use custom TypeHandler (https://orbax.readthedocs.io/en/latest/custom_handlers.html#typehandler) or contact Orbax team to migrate before May 1st, 2024.
WARNING:absl:SaveArgs.aggregate is deprecated, please use custom TypeHandler (https://orbax.readthedocs.io/en/latest/custom_handlers.html#typehandler) or contact Orbax team to migrate before May 1st, 2024.
WARNING:absl:SaveArgs.aggregate is deprecated, please use custom TypeHandler (https://orbax.readthedocs.io/en/latest/custom_handlers.html#typehandler) or contact Orbax team to migrate before May 1st, 2024.
WARNING:absl:SaveArgs.aggregate is deprecated, please use custom TypeHandler (https://orbax.readthedocs.io/en/latest/custom_handlers.html#typehandler) or contact Orbax team to migrate before May 1st, 2024.
WARNING:absl:SaveArgs.aggregate is deprecated, please use custom TypeHandler (https://orbax.readthedocs.io/en/latest/custom_handlers.html#typehandler) or contact Orbax team to migrate before May 1st, 2024.
WARNING:absl:SaveArgs.aggregate is deprecated, please use custom TypeHandler (https://orbax.readthedocs.io/en/latest/custom_handlers.html#typehandler) or contact Orbax team to migrate before May 1st, 2024.
WARNING:absl:SaveArgs.aggregate is deprecated, please use custom TypeHandler (https://orbax.readthedocs.io/en/latest/custom_handlers.html#typehandler) or contact Orbax team to migrate before May 1st, 2024.
WARNING:absl:SaveArgs.aggregate is deprecated, please use custom TypeHandler (https://orbax.readthedocs.io/en/latest/custom_handlers.html#typehandler) or contact Orbax team to migrate before May 1st, 2024.
WARNING:absl:SaveArgs.aggregate is deprecated, please use custom TypeHandler (https://orbax.readthedocs.io/en/latest/custom_handlers.html#typehandler) or contact Orbax team to migrate before May 1st, 2024.
[injected] post-fork evaluation 1: 0.0 s for 1 episodes
[injected] post-fork evaluation 2: 0.0 s for 1 episodes
[injected] post-fork evaluation 3: 0.0 s for 1 episodes
[injected] post-fork evaluation 4: 0.0 s for 1 episodes
[injected] post-fork evaluation 5: 0.0 s for 1 episodes
[injected] post-fork evaluation 6: 0.0 s for 1 episodes
[injected] post-fork evaluation 7: 0.0 s for 1 episodes
[injected] post-fork evaluation 8: 0.0 s for 1 episodes
[injected] post-fork evaluation 9: 0.0 s for 1 episodes
[injected] post-fork evaluation 10: 0.0 s for 1 episodes
[injected] post-fork evaluation 11: 0.0 s for 1 episodes
[injected] post-fork evaluation 12: 0.0 s for 1 episodes
WARNING:absl:SaveArgs.aggregate is deprecated, please use custom TypeHandler (https://orbax.readthedocs.io/en/latest/custom_handlers.html#typehandler) or contact Orbax team to migrate before May 1st, 2024.
WARNING:absl:SaveArgs.aggregate is deprecated, please use custom TypeHandler (https://orbax.readthedocs.io/en/latest/custom_handlers.html#typehandler) or contact Orbax team to migrate before May 1st, 2024.
WARNING:absl:SaveArgs.aggregate is deprecated, please use custom TypeHandler (https://orbax.readthedocs.io/en/latest/custom_handlers.html#typehandler) or contact Orbax team to migrate before May 1st, 2024.
WARNING:absl:SaveArgs.aggregate is deprecated, please use custom TypeHandler (https://orbax.readthedocs.io/en/latest/custom_handlers.html#typehandler) or contact Orbax team to migrate before May 1st, 2024.
WARNING:absl:SaveArgs.aggregate is deprecated, please use custom TypeHandler (https://orbax.readthedocs.io/en/latest/custom_handlers.html#typehandler) or contact Orbax team to migrate before May 1st, 2024.
WARNING:absl:SaveArgs.aggregate is deprecated, please use custom TypeHandler (https://orbax.readthedocs.io/en/latest/custom_handlers.html#typehandler) or contact Orbax team to migrate before May 1st, 2024.
WARNING:absl:SaveArgs.aggregate is deprecated, please use custom TypeHandler (https://orbax.readthedocs.io/en/latest/custom_handlers.html#typehandler) or contact Orbax team to migrate before May 1st, 2024.
WARNING:absl:SaveArgs.aggregate is deprecated, please use custom TypeHandler (https://orbax.readthedocs.io/en/latest/custom_handlers.html#typehandler) or contact Orbax team to migrate before May 1st, 2024.
WARNING:absl:SaveArgs.aggregate is deprecated, please use custom TypeHandler (https://orbax.readthedocs.io/en/latest/custom_handlers.html#typehandler) or contact Orbax team to migrate before May 1st, 2024.
WARNING:absl:SaveArgs.aggregate is deprecated, please use custom TypeHandler (https://orbax.readthedocs.io/en/latest/custom_handlers.html#typehandler) or contact Orbax team to migrate before May 1st, 2024.
WARNING:absl:SaveArgs.aggregate is deprecated, please use custom TypeHandler (https://orbax.readthedocs.io/en/latest/custom_handlers.html#typehandler) or contact Orbax team to migrate before May 1st, 2024.
WARNING:absl:SaveArgs.aggregate is deprecated, please use custom TypeHandler (https://orbax.readthedocs.io/en/latest/custom_handlers.html#typehandler) or contact Orbax team to migrate before May 1st, 2024.
WARNING:absl:SaveArgs.aggregate is deprecated, please use custom TypeHandler (https://orbax.readthedocs.io/en/latest/custom_handlers.html#typehandler) or contact Orbax team to migrate before May 1st, 2024.
[injected] post-fork evaluation 13: 0.0 s for 1 episodes
[injected] post-fork evaluation 14: 0.0 s for 1 episodes
[injected] post-fork evaluation 15: 0.0 s for 1 episodes
[injected] post-fork evaluation 16: 0.0 s for 1 episodes
[injected] post-fork evaluation 17: 0.0 s for 1 episodes
[injected] post-fork evaluation 18: 0.0 s for 1 episodes
[injected] post-fork evaluation 19: 0.0 s for 1 episodes
[injected] post-fork evaluation 20: 0.0 s for 1 episodes
[injected] post-fork evaluation 21: 0.0 s for 1 episodes
[injected] post-fork evaluation 22: 0.0 s for 1 episodes
[injected] post-fork evaluation 23: 0.0 s for 1 episodes
[injected] post-fork evaluation 24: 0.0 s for 1 episodes
[injected] post-fork evaluation 25: 0.0 s for 1 episodes
WARNING:absl:SaveArgs.aggregate is deprecated, please use custom TypeHandler (https://orbax.readthedocs.io/en/latest/custom_handlers.html#typehandler) or contact Orbax team to migrate before May 1st, 2024.
WARNING:absl:SaveArgs.aggregate is deprecated, please use custom TypeHandler (https://orbax.readthedocs.io/en/latest/custom_handlers.html#typehandler) or contact Orbax team to migrate before May 1st, 2024.
WARNING:absl:SaveArgs.aggregate is deprecated, please use custom TypeHandler (https://orbax.readthedocs.io/en/latest/custom_handlers.html#typehandler) or contact Orbax team to migrate before May 1st, 2024.
WARNING:absl:SaveArgs.aggregate is deprecated, please use custom TypeHandler (https://orbax.readthedocs.io/en/latest/custom_handlers.html#typehandler) or contact Orbax team to migrate before May 1st, 2024.
WARNING:absl:SaveArgs.aggregate is deprecated, please use custom TypeHandler (https://orbax.readthedocs.io/en/latest/custom_handlers.html#typehandler) or contact Orbax team to migrate before May 1st, 2024.
WARNING:absl:SaveArgs.aggregate is deprecated, please use custom TypeHandler (https://orbax.readthedocs.io/en/latest/custom_handlers.html#typehandler) or contact Orbax team to migrate before May 1st, 2024.
WARNING:absl:SaveArgs.aggregate is deprecated, please use custom TypeHandler (https://orbax.readthedocs.io/en/latest/custom_handlers.html#typehandler) or contact Orbax team to migrate before May 1st, 2024.
WARNING:absl:SaveArgs.aggregate is deprecated, please use custom TypeHandler (https://orbax.readthedocs.io/en/latest/custom_handlers.html#typehandler) or contact Orbax team to migrate before May 1st, 2024.
WARNING:absl:SaveArgs.aggregate is deprecated, please use custom TypeHandler (https://orbax.readthedocs.io/en/latest/custom_handlers.html#typehandler) or contact Orbax team to migrate before May 1st, 2024.
WARNING:absl:SaveArgs.aggregate is deprecated, please use custom TypeHandler (https://orbax.readthedocs.io/en/latest/custom_handlers.html#typehandler) or contact Orbax team to migrate before May 1st, 2024.
WARNING:absl:SaveArgs.aggregate is deprecated, please use custom TypeHandler (https://orbax.readthedocs.io/en/latest/custom_handlers.html#typehandler) or contact Orbax team to migrate before May 1st, 2024.
WARNING:absl:SaveArgs.aggregate is deprecated, please use custom TypeHandler (https://orbax.readthedocs.io/en/latest/custom_handlers.html#typehandler) or contact Orbax team to migrate before May 1st, 2024.
WARNING:absl:SaveArgs.aggregate is deprecated, please use custom TypeHandler (https://orbax.readthedocs.io/en/latest/custom_handlers.html#typehandler) or contact Orbax team to migrate before May 1st, 2024.
WARNING:absl:SaveArgs.aggregate is deprecated, please use custom TypeHandler (https://orbax.readthedocs.io/en/latest/custom_handlers.html#typehandler) or contact Orbax team to migrate before May 1st, 2024.
WARNING:absl:SaveArgs.aggregate is deprecated, please use custom TypeHandler (https://orbax.readthedocs.io/en/latest/custom_handlers.html#typehandler) or contact Orbax team to migrate before May 1st, 2024.
WARNING:absl:SaveArgs.aggregate is deprecated, please use custom TypeHandler (https://orbax.readthedocs.io/en/latest/custom_handlers.html#typehandler) or contact Orbax team to migrate before May 1st, 2024.
WARNING:absl:SaveArgs.aggregate is deprecated, please use custom TypeHandler (https://orbax.readthedocs.io/en/latest/custom_handlers.html#typehandler) or contact Orbax team to migrate before May 1st, 2024.
WARNING:absl:SaveArgs.aggregate is deprecated, please use custom TypeHandler (https://orbax.readthedocs.io/en/latest/custom_handlers.html#typehandler) or contact Orbax team to migrate before May 1st, 2024.
WARNING:absl:SaveArgs.aggregate is deprecated, please use custom TypeHandler (https://orbax.readthedocs.io/en/latest/custom_handlers.html#typehandler) or contact Orbax team to migrate before May 1st, 2024.
WARNING:absl:SaveArgs.aggregate is deprecated, please use custom TypeHandler (https://orbax.readthedocs.io/en/latest/custom_handlers.html#typehandler) or contact Orbax team to migrate before May 1st, 2024.
WARNING:absl:SaveArgs.aggregate is deprecated, please use custom TypeHandler (https://orbax.readthedocs.io/en/latest/custom_handlers.html#typehandler) or contact Orbax team to migrate before May 1st, 2024.
WARNING:absl:SaveArgs.aggregate is deprecated, please use custom TypeHandler (https://orbax.readthedocs.io/en/latest/custom_handlers.html#typehandler) or contact Orbax team to migrate before May 1st, 2024.
WARNING:absl:SaveArgs.aggregate is deprecated, please use custom TypeHandler (https://orbax.readthedocs.io/en/latest/custom_handlers.html#typehandler) or contact Orbax team to migrate before May 1st, 2024.
WARNING:absl:SaveArgs.aggregate is deprecated, please use custom TypeHandler (https://orbax.readthedocs.io/en/latest/custom_handlers.html#typehandler) or contact Orbax team to migrate before May 1st, 2024.
 total params: 2.29K
[exp1] fork state saved at interaction_step 100 in 0.1 s
/Users/shouryakaveti/VS_Projects/sparse-ppo-drl-research/.venv/lib/python3.12/site-packages/orbax/checkpoint/type_handlers.py:1475: UserWarning: Couldn't find sharding info under RestoreArgs. Populating sharding info from sharding file. Please note restoration time will be slightly increased due to reading from file instead of directly from RestoreArgs.
  warnings.warn(
 total params: 2.29K
[exp1] restored interaction_step 100 from /var/folders/ms/h3zjmq652jvg08wcslr2z3t80000gn/T/tmpgy39_vmu/run/fork/state/step_000000100_32602280 in 0.1 s
[control] post-fork evaluation 0: 0.1 s for 1 episodes
[control] post-fork evaluation 1: 0.0 s for 1 episodes
[control] post-fork evaluation 2: 0.0 s for 1 episodes
[control] post-fork evaluation 3: 0.0 s for 1 episodes
[control] post-fork evaluation 4: 0.0 s for 1 episodes
[control] post-fork evaluation 5: 0.0 s for 1 episodes
[control] post-fork evaluation 6: 0.0 s for 1 episodes
[control] post-fork evaluation 7: 0.0 s for 1 episodes
[control] post-fork evaluation 8: 0.0 s for 1 episodes
[control] post-fork evaluation 9: 0.0 s for 1 episodes
[control] post-fork evaluation 10: 0.0 s for 1 episodes
[control] post-fork evaluation 11: 0.0 s for 1 episodes
[control] post-fork evaluation 12: 0.0 s for 1 episodes
WARNING:absl:SaveArgs.aggregate is deprecated, please use custom TypeHandler (https://orbax.readthedocs.io/en/latest/custom_handlers.html#typehandler) or contact Orbax team to migrate before May 1st, 2024.
WARNING:absl:SaveArgs.aggregate is deprecated, please use custom TypeHandler (https://orbax.readthedocs.io/en/latest/custom_handlers.html#typehandler) or contact Orbax team to migrate before May 1st, 2024.
WARNING:absl:SaveArgs.aggregate is deprecated, please use custom TypeHandler (https://orbax.readthedocs.io/en/latest/custom_handlers.html#typehandler) or contact Orbax team to migrate before May 1st, 2024.
WARNING:absl:SaveArgs.aggregate is deprecated, please use custom TypeHandler (https://orbax.readthedocs.io/en/latest/custom_handlers.html#typehandler) or contact Orbax team to migrate before May 1st, 2024.
WARNING:absl:SaveArgs.aggregate is deprecated, please use custom TypeHandler (https://orbax.readthedocs.io/en/latest/custom_handlers.html#typehandler) or contact Orbax team to migrate before May 1st, 2024.
WARNING:absl:SaveArgs.aggregate is deprecated, please use custom TypeHandler (https://orbax.readthedocs.io/en/latest/custom_handlers.html#typehandler) or contact Orbax team to migrate before May 1st, 2024.
WARNING:absl:SaveArgs.aggregate is deprecated, please use custom TypeHandler (https://orbax.readthedocs.io/en/latest/custom_handlers.html#typehandler) or contact Orbax team to migrate before May 1st, 2024.
WARNING:absl:SaveArgs.aggregate is deprecated, please use custom TypeHandler (https://orbax.readthedocs.io/en/latest/custom_handlers.html#typehandler) or contact Orbax team to migrate before May 1st, 2024.
WARNING:absl:SaveArgs.aggregate is deprecated, please use custom TypeHandler (https://orbax.readthedocs.io/en/latest/custom_handlers.html#typehandler) or contact Orbax team to migrate before May 1st, 2024.
WARNING:absl:SaveArgs.aggregate is deprecated, please use custom TypeHandler (https://orbax.readthedocs.io/en/latest/custom_handlers.html#typehandler) or contact Orbax team to migrate before May 1st, 2024.
WARNING:absl:SaveArgs.aggregate is deprecated, please use custom TypeHandler (https://orbax.readthedocs.io/en/latest/custom_handlers.html#typehandler) or contact Orbax team to migrate before May 1st, 2024.
[control] post-fork evaluation 13: 0.0 s for 1 episodes
[control] post-fork evaluation 14: 0.0 s for 1 episodes
[control] post-fork evaluation 15: 0.0 s for 1 episodes
[control] post-fork evaluation 16: 0.0 s for 1 episodes
[control] post-fork evaluation 17: 0.0 s for 1 episodes
[control] post-fork evaluation 18: 0.0 s for 1 episodes
[control] post-fork evaluation 19: 0.0 s for 1 episodes
[control] post-fork evaluation 20: 0.0 s for 1 episodes
[control] post-fork evaluation 21: 0.0 s for 1 episodes
[control] post-fork evaluation 22: 0.0 s for 1 episodes
[control] post-fork evaluation 23: 0.0 s for 1 episodes
[control] post-fork evaluation 24: 0.0 s for 1 episodes
[control] post-fork evaluation 25: 0.0 s for 1 episodes
WARNING:absl:SaveArgs.aggregate is deprecated, please use custom TypeHandler (https://orbax.readthedocs.io/en/latest/custom_handlers.html#typehandler) or contact Orbax team to migrate before May 1st, 2024.
WARNING:absl:SaveArgs.aggregate is deprecated, please use custom TypeHandler (https://orbax.readthedocs.io/en/latest/custom_handlers.html#typehandler) or contact Orbax team to migrate before May 1st, 2024.
WARNING:absl:SaveArgs.aggregate is deprecated, please use custom TypeHandler (https://orbax.readthedocs.io/en/latest/custom_handlers.html#typehandler) or contact Orbax team to migrate before May 1st, 2024.
WARNING:absl:SaveArgs.aggregate is deprecated, please use custom TypeHandler (https://orbax.readthedocs.io/en/latest/custom_handlers.html#typehandler) or contact Orbax team to migrate before May 1st, 2024.
WARNING:absl:SaveArgs.aggregate is deprecated, please use custom TypeHandler (https://orbax.readthedocs.io/en/latest/custom_handlers.html#typehandler) or contact Orbax team to migrate before May 1st, 2024.
WARNING:absl:SaveArgs.aggregate is deprecated, please use custom TypeHandler (https://orbax.readthedocs.io/en/latest/custom_handlers.html#typehandler) or contact Orbax team to migrate before May 1st, 2024.
WARNING:absl:SaveArgs.aggregate is deprecated, please use custom TypeHandler (https://orbax.readthedocs.io/en/latest/custom_handlers.html#typehandler) or contact Orbax team to migrate before May 1st, 2024.
WARNING:absl:SaveArgs.aggregate is deprecated, please use custom TypeHandler (https://orbax.readthedocs.io/en/latest/custom_handlers.html#typehandler) or contact Orbax team to migrate before May 1st, 2024.
WARNING:absl:SaveArgs.aggregate is deprecated, please use custom TypeHandler (https://orbax.readthedocs.io/en/latest/custom_handlers.html#typehandler) or contact Orbax team to migrate before May 1st, 2024.
WARNING:absl:SaveArgs.aggregate is deprecated, please use custom TypeHandler (https://orbax.readthedocs.io/en/latest/custom_handlers.html#typehandler) or contact Orbax team to migrate before May 1st, 2024.
WARNING:absl:SaveArgs.aggregate is deprecated, please use custom TypeHandler (https://orbax.readthedocs.io/en/latest/custom_handlers.html#typehandler) or contact Orbax team to migrate before May 1st, 2024.
/Users/shouryakaveti/VS_Projects/sparse-ppo-drl-research/.venv/lib/python3.12/site-packages/orbax/checkpoint/type_handlers.py:1475: UserWarning: Couldn't find sharding info under RestoreArgs. Populating sharding info from sharding file. Please note restoration time will be slightly increased due to reading from file instead of directly from RestoreArgs.
  warnings.warn(
 total params: 2.29K
[exp2_arm] fork state restored in 0.1 s
[identity] post-fork evaluation 0: 0.2 s for 1 episodes
WARNING:absl:SaveArgs.aggregate is deprecated, please use custom TypeHandler (https://orbax.readthedocs.io/en/latest/custom_handlers.html#typehandler) or contact Orbax team to migrate before May 1st, 2024.
WARNING:absl:SaveArgs.aggregate is deprecated, please use custom TypeHandler (https://orbax.readthedocs.io/en/latest/custom_handlers.html#typehandler) or contact Orbax team to migrate before May 1st, 2024.
WARNING:absl:SaveArgs.aggregate is deprecated, please use custom TypeHandler (https://orbax.readthedocs.io/en/latest/custom_handlers.html#typehandler) or contact Orbax team to migrate before May 1st, 2024.
WARNING:absl:SaveArgs.aggregate is deprecated, please use custom TypeHandler (https://orbax.readthedocs.io/en/latest/custom_handlers.html#typehandler) or contact Orbax team to migrate before May 1st, 2024.
WARNING:absl:SaveArgs.aggregate is deprecated, please use custom TypeHandler (https://orbax.readthedocs.io/en/latest/custom_handlers.html#typehandler) or contact Orbax team to migrate before May 1st, 2024.
WARNING:absl:SaveArgs.aggregate is deprecated, please use custom TypeHandler (https://orbax.readthedocs.io/en/latest/custom_handlers.html#typehandler) or contact Orbax team to migrate before May 1st, 2024.
WARNING:absl:SaveArgs.aggregate is deprecated, please use custom TypeHandler (https://orbax.readthedocs.io/en/latest/custom_handlers.html#typehandler) or contact Orbax team to migrate before May 1st, 2024.
WARNING:absl:SaveArgs.aggregate is deprecated, please use custom TypeHandler (https://orbax.readthedocs.io/en/latest/custom_handlers.html#typehandler) or contact Orbax team to migrate before May 1st, 2024.
WARNING:absl:SaveArgs.aggregate is deprecated, please use custom TypeHandler (https://orbax.readthedocs.io/en/latest/custom_handlers.html#typehandler) or contact Orbax team to migrate before May 1st, 2024.
WARNING:absl:SaveArgs.aggregate is deprecated, please use custom TypeHandler (https://orbax.readthedocs.io/en/latest/custom_handlers.html#typehandler) or contact Orbax team to migrate before May 1st, 2024.
WARNING:absl:SaveArgs.aggregate is deprecated, please use custom TypeHandler (https://orbax.readthedocs.io/en/latest/custom_handlers.html#typehandler) or contact Orbax team to migrate before May 1st, 2024.
[identity] post-fork evaluation 1: 0.0 s for 1 episodes
[identity] post-fork evaluation 2: 0.0 s for 1 episodes
[identity] post-fork evaluation 3: 0.0 s for 1 episodes
[identity] post-fork evaluation 4: 0.0 s for 1 episodes
[identity] post-fork evaluation 5: 0.0 s for 1 episodes
[identity] post-fork evaluation 6: 0.0 s for 1 episodes
[identity] post-fork evaluation 7: 0.0 s for 1 episodes
[identity] post-fork evaluation 8: 0.0 s for 1 episodes
[identity] post-fork evaluation 9: 0.0 s for 1 episodes
[identity] post-fork evaluation 10: 0.0 s for 1 episodes
[identity] post-fork evaluation 11: 0.0 s for 1 episodes
[identity] post-fork evaluation 12: 0.0 s for 1 episodes
WARNING:absl:SaveArgs.aggregate is deprecated, please use custom TypeHandler (https://orbax.readthedocs.io/en/latest/custom_handlers.html#typehandler) or contact Orbax team to migrate before May 1st, 2024.
WARNING:absl:SaveArgs.aggregate is deprecated, please use custom TypeHandler (https://orbax.readthedocs.io/en/latest/custom_handlers.html#typehandler) or contact Orbax team to migrate before May 1st, 2024.
WARNING:absl:SaveArgs.aggregate is deprecated, please use custom TypeHandler (https://orbax.readthedocs.io/en/latest/custom_handlers.html#typehandler) or contact Orbax team to migrate before May 1st, 2024.
WARNING:absl:SaveArgs.aggregate is deprecated, please use custom TypeHandler (https://orbax.readthedocs.io/en/latest/custom_handlers.html#typehandler) or contact Orbax team to migrate before May 1st, 2024.
WARNING:absl:SaveArgs.aggregate is deprecated, please use custom TypeHandler (https://orbax.readthedocs.io/en/latest/custom_handlers.html#typehandler) or contact Orbax team to migrate before May 1st, 2024.
WARNING:absl:SaveArgs.aggregate is deprecated, please use custom TypeHandler (https://orbax.readthedocs.io/en/latest/custom_handlers.html#typehandler) or contact Orbax team to migrate before May 1st, 2024.
WARNING:absl:SaveArgs.aggregate is deprecated, please use custom TypeHandler (https://orbax.readthedocs.io/en/latest/custom_handlers.html#typehandler) or contact Orbax team to migrate before May 1st, 2024.
WARNING:absl:SaveArgs.aggregate is deprecated, please use custom TypeHandler (https://orbax.readthedocs.io/en/latest/custom_handlers.html#typehandler) or contact Orbax team to migrate before May 1st, 2024.
WARNING:absl:SaveArgs.aggregate is deprecated, please use custom TypeHandler (https://orbax.readthedocs.io/en/latest/custom_handlers.html#typehandler) or contact Orbax team to migrate before May 1st, 2024.
WARNING:absl:SaveArgs.aggregate is deprecated, please use custom TypeHandler (https://orbax.readthedocs.io/en/latest/custom_handlers.html#typehandler) or contact Orbax team to migrate before May 1st, 2024.
WARNING:absl:SaveArgs.aggregate is deprecated, please use custom TypeHandler (https://orbax.readthedocs.io/en/latest/custom_handlers.html#typehandler) or contact Orbax team to migrate before May 1st, 2024.
[identity] post-fork evaluation 13: 0.0 s for 1 episodes
[identity] post-fork evaluation 14: 0.0 s for 1 episodes
[identity] post-fork evaluation 15: 0.0 s for 1 episodes
[identity] post-fork evaluation 16: 0.0 s for 1 episodes
[identity] post-fork evaluation 17: 0.0 s for 1 episodes
[identity] post-fork evaluation 18: 0.0 s for 1 episodes
[identity] post-fork evaluation 19: 0.0 s for 1 episodes
[identity] post-fork evaluation 20: 0.0 s for 1 episodes
[identity] post-fork evaluation 21: 0.0 s for 1 episodes
[identity] post-fork evaluation 22: 0.0 s for 1 episodes
[identity] post-fork evaluation 23: 0.0 s for 1 episodes
[identity] post-fork evaluation 24: 0.0 s for 1 episodes
[identity] post-fork evaluation 25: 0.0 s for 1 episodes
WARNING:absl:SaveArgs.aggregate is deprecated, please use custom TypeHandler (https://orbax.readthedocs.io/en/latest/custom_handlers.html#typehandler) or contact Orbax team to migrate before May 1st, 2024.
WARNING:absl:SaveArgs.aggregate is deprecated, please use custom TypeHandler (https://orbax.readthedocs.io/en/latest/custom_handlers.html#typehandler) or contact Orbax team to migrate before May 1st, 2024.
WARNING:absl:SaveArgs.aggregate is deprecated, please use custom TypeHandler (https://orbax.readthedocs.io/en/latest/custom_handlers.html#typehandler) or contact Orbax team to migrate before May 1st, 2024.
WARNING:absl:SaveArgs.aggregate is deprecated, please use custom TypeHandler (https://orbax.readthedocs.io/en/latest/custom_handlers.html#typehandler) or contact Orbax team to migrate before May 1st, 2024.
WARNING:absl:SaveArgs.aggregate is deprecated, please use custom TypeHandler (https://orbax.readthedocs.io/en/latest/custom_handlers.html#typehandler) or contact Orbax team to migrate before May 1st, 2024.
WARNING:absl:SaveArgs.aggregate is deprecated, please use custom TypeHandler (https://orbax.readthedocs.io/en/latest/custom_handlers.html#typehandler) or contact Orbax team to migrate before May 1st, 2024.
WARNING:absl:SaveArgs.aggregate is deprecated, please use custom TypeHandler (https://orbax.readthedocs.io/en/latest/custom_handlers.html#typehandler) or contact Orbax team to migrate before May 1st, 2024.
WARNING:absl:SaveArgs.aggregate is deprecated, please use custom TypeHandler (https://orbax.readthedocs.io/en/latest/custom_handlers.html#typehandler) or contact Orbax team to migrate before May 1st, 2024.
WARNING:absl:SaveArgs.aggregate is deprecated, please use custom TypeHandler (https://orbax.readthedocs.io/en/latest/custom_handlers.html#typehandler) or contact Orbax team to migrate before May 1st, 2024.
WARNING:absl:SaveArgs.aggregate is deprecated, please use custom TypeHandler (https://orbax.readthedocs.io/en/latest/custom_handlers.html#typehandler) or contact Orbax team to migrate before May 1st, 2024.
WARNING:absl:SaveArgs.aggregate is deprecated, please use custom TypeHandler (https://orbax.readthedocs.io/en/latest/custom_handlers.html#typehandler) or contact Orbax team to migrate before May 1st, 2024.
/Users/shouryakaveti/VS_Projects/sparse-ppo-drl-research/.venv/lib/python3.12/site-packages/orbax/checkpoint/type_handlers.py:1475: UserWarning: Couldn't find sharding info under RestoreArgs. Populating sharding info from sharding file. Please note restoration time will be slightly increased due to reading from file instead of directly from RestoreArgs.
  warnings.warn(
 total params: 2.29K
[exp2_arm] fork state restored in 0.1 s
[injected] post-fork evaluation 0: 0.2 s for 1 episodes
WARNING:absl:SaveArgs.aggregate is deprecated, please use custom TypeHandler (https://orbax.readthedocs.io/en/latest/custom_handlers.html#typehandler) or contact Orbax team to migrate before May 1st, 2024.
WARNING:absl:SaveArgs.aggregate is deprecated, please use custom TypeHandler (https://orbax.readthedocs.io/en/latest/custom_handlers.html#typehandler) or contact Orbax team to migrate before May 1st, 2024.
WARNING:absl:SaveArgs.aggregate is deprecated, please use custom TypeHandler (https://orbax.readthedocs.io/en/latest/custom_handlers.html#typehandler) or contact Orbax team to migrate before May 1st, 2024.
WARNING:absl:SaveArgs.aggregate is deprecated, please use custom TypeHandler (https://orbax.readthedocs.io/en/latest/custom_handlers.html#typehandler) or contact Orbax team to migrate before May 1st, 2024.
WARNING:absl:SaveArgs.aggregate is deprecated, please use custom TypeHandler (https://orbax.readthedocs.io/en/latest/custom_handlers.html#typehandler) or contact Orbax team to migrate before May 1st, 2024.
WARNING:absl:SaveArgs.aggregate is deprecated, please use custom TypeHandler (https://orbax.readthedocs.io/en/latest/custom_handlers.html#typehandler) or contact Orbax team to migrate before May 1st, 2024.
WARNING:absl:SaveArgs.aggregate is deprecated, please use custom TypeHandler (https://orbax.readthedocs.io/en/latest/custom_handlers.html#typehandler) or contact Orbax team to migrate before May 1st, 2024.
WARNING:absl:SaveArgs.aggregate is deprecated, please use custom TypeHandler (https://orbax.readthedocs.io/en/latest/custom_handlers.html#typehandler) or contact Orbax team to migrate before May 1st, 2024.
WARNING:absl:SaveArgs.aggregate is deprecated, please use custom TypeHandler (https://orbax.readthedocs.io/en/latest/custom_handlers.html#typehandler) or contact Orbax team to migrate before May 1st, 2024.
WARNING:absl:SaveArgs.aggregate is deprecated, please use custom TypeHandler (https://orbax.readthedocs.io/en/latest/custom_handlers.html#typehandler) or contact Orbax team to migrate before May 1st, 2024.
WARNING:absl:SaveArgs.aggregate is deprecated, please use custom TypeHandler (https://orbax.readthedocs.io/en/latest/custom_handlers.html#typehandler) or contact Orbax team to migrate before May 1st, 2024.
WARNING:absl:SaveArgs.aggregate is deprecated, please use custom TypeHandler (https://orbax.readthedocs.io/en/latest/custom_handlers.html#typehandler) or contact Orbax team to migrate before May 1st, 2024.
WARNING:absl:SaveArgs.aggregate is deprecated, please use custom TypeHandler (https://orbax.readthedocs.io/en/latest/custom_handlers.html#typehandler) or contact Orbax team to migrate before May 1st, 2024.
[injected] post-fork evaluation 1: 0.0 s for 1 episodes
[injected] post-fork evaluation 2: 0.0 s for 1 episodes
[injected] post-fork evaluation 3: 0.0 s for 1 episodes
[injected] post-fork evaluation 4: 0.0 s for 1 episodes
[injected] post-fork evaluation 5: 0.0 s for 1 episodes
[injected] post-fork evaluation 6: 0.0 s for 1 episodes
[injected] post-fork evaluation 7: 0.0 s for 1 episodes
[injected] post-fork evaluation 8: 0.0 s for 1 episodes
[injected] post-fork evaluation 9: 0.0 s for 1 episodes
[injected] post-fork evaluation 10: 0.0 s for 1 episodes
[injected] post-fork evaluation 11: 0.0 s for 1 episodes
[injected] post-fork evaluation 12: 0.0 s for 1 episodes
WARNING:absl:SaveArgs.aggregate is deprecated, please use custom TypeHandler (https://orbax.readthedocs.io/en/latest/custom_handlers.html#typehandler) or contact Orbax team to migrate before May 1st, 2024.
WARNING:absl:SaveArgs.aggregate is deprecated, please use custom TypeHandler (https://orbax.readthedocs.io/en/latest/custom_handlers.html#typehandler) or contact Orbax team to migrate before May 1st, 2024.
WARNING:absl:SaveArgs.aggregate is deprecated, please use custom TypeHandler (https://orbax.readthedocs.io/en/latest/custom_handlers.html#typehandler) or contact Orbax team to migrate before May 1st, 2024.
WARNING:absl:SaveArgs.aggregate is deprecated, please use custom TypeHandler (https://orbax.readthedocs.io/en/latest/custom_handlers.html#typehandler) or contact Orbax team to migrate before May 1st, 2024.
WARNING:absl:SaveArgs.aggregate is deprecated, please use custom TypeHandler (https://orbax.readthedocs.io/en/latest/custom_handlers.html#typehandler) or contact Orbax team to migrate before May 1st, 2024.
WARNING:absl:SaveArgs.aggregate is deprecated, please use custom TypeHandler (https://orbax.readthedocs.io/en/latest/custom_handlers.html#typehandler) or contact Orbax team to migrate before May 1st, 2024.
WARNING:absl:SaveArgs.aggregate is deprecated, please use custom TypeHandler (https://orbax.readthedocs.io/en/latest/custom_handlers.html#typehandler) or contact Orbax team to migrate before May 1st, 2024.
WARNING:absl:SaveArgs.aggregate is deprecated, please use custom TypeHandler (https://orbax.readthedocs.io/en/latest/custom_handlers.html#typehandler) or contact Orbax team to migrate before May 1st, 2024.
WARNING:absl:SaveArgs.aggregate is deprecated, please use custom TypeHandler (https://orbax.readthedocs.io/en/latest/custom_handlers.html#typehandler) or contact Orbax team to migrate before May 1st, 2024.
WARNING:absl:SaveArgs.aggregate is deprecated, please use custom TypeHandler (https://orbax.readthedocs.io/en/latest/custom_handlers.html#typehandler) or contact Orbax team to migrate before May 1st, 2024.
WARNING:absl:SaveArgs.aggregate is deprecated, please use custom TypeHandler (https://orbax.readthedocs.io/en/latest/custom_handlers.html#typehandler) or contact Orbax team to migrate before May 1st, 2024.
WARNING:absl:SaveArgs.aggregate is deprecated, please use custom TypeHandler (https://orbax.readthedocs.io/en/latest/custom_handlers.html#typehandler) or contact Orbax team to migrate before May 1st, 2024.
WARNING:absl:SaveArgs.aggregate is deprecated, please use custom TypeHandler (https://orbax.readthedocs.io/en/latest/custom_handlers.html#typehandler) or contact Orbax team to migrate before May 1st, 2024.
[injected] post-fork evaluation 13: 0.0 s for 1 episodes
[injected] post-fork evaluation 14: 0.0 s for 1 episodes
[injected] post-fork evaluation 15: 0.0 s for 1 episodes
[injected] post-fork evaluation 16: 0.0 s for 1 episodes
[injected] post-fork evaluation 17: 0.0 s for 1 episodes
[injected] post-fork evaluation 18: 0.0 s for 1 episodes
[injected] post-fork evaluation 19: 0.0 s for 1 episodes
[injected] post-fork evaluation 20: 0.0 s for 1 episodes
[injected] post-fork evaluation 21: 0.0 s for 1 episodes
[injected] post-fork evaluation 22: 0.0 s for 1 episodes
[injected] post-fork evaluation 23: 0.0 s for 1 episodes
[injected] post-fork evaluation 24: 0.0 s for 1 episodes
[injected] post-fork evaluation 25: 0.0 s for 1 episodes
WARNING:absl:SaveArgs.aggregate is deprecated, please use custom TypeHandler (https://orbax.readthedocs.io/en/latest/custom_handlers.html#typehandler) or contact Orbax team to migrate before May 1st, 2024.
WARNING:absl:SaveArgs.aggregate is deprecated, please use custom TypeHandler (https://orbax.readthedocs.io/en/latest/custom_handlers.html#typehandler) or contact Orbax team to migrate before May 1st, 2024.
WARNING:absl:SaveArgs.aggregate is deprecated, please use custom TypeHandler (https://orbax.readthedocs.io/en/latest/custom_handlers.html#typehandler) or contact Orbax team to migrate before May 1st, 2024.
WARNING:absl:SaveArgs.aggregate is deprecated, please use custom TypeHandler (https://orbax.readthedocs.io/en/latest/custom_handlers.html#typehandler) or contact Orbax team to migrate before May 1st, 2024.
WARNING:absl:SaveArgs.aggregate is deprecated, please use custom TypeHandler (https://orbax.readthedocs.io/en/latest/custom_handlers.html#typehandler) or contact Orbax team to migrate before May 1st, 2024.
WARNING:absl:SaveArgs.aggregate is deprecated, please use custom TypeHandler (https://orbax.readthedocs.io/en/latest/custom_handlers.html#typehandler) or contact Orbax team to migrate before May 1st, 2024.
WARNING:absl:SaveArgs.aggregate is deprecated, please use custom TypeHandler (https://orbax.readthedocs.io/en/latest/custom_handlers.html#typehandler) or contact Orbax team to migrate before May 1st, 2024.
WARNING:absl:SaveArgs.aggregate is deprecated, please use custom TypeHandler (https://orbax.readthedocs.io/en/latest/custom_handlers.html#typehandler) or contact Orbax team to migrate before May 1st, 2024.
WARNING:absl:SaveArgs.aggregate is deprecated, please use custom TypeHandler (https://orbax.readthedocs.io/en/latest/custom_handlers.html#typehandler) or contact Orbax team to migrate before May 1st, 2024.
WARNING:absl:SaveArgs.aggregate is deprecated, please use custom TypeHandler (https://orbax.readthedocs.io/en/latest/custom_handlers.html#typehandler) or contact Orbax team to migrate before May 1st, 2024.
WARNING:absl:SaveArgs.aggregate is deprecated, please use custom TypeHandler (https://orbax.readthedocs.io/en/latest/custom_handlers.html#typehandler) or contact Orbax team to migrate before May 1st, 2024.
WARNING:absl:SaveArgs.aggregate is deprecated, please use custom TypeHandler (https://orbax.readthedocs.io/en/latest/custom_handlers.html#typehandler) or contact Orbax team to migrate before May 1st, 2024.
WARNING:absl:SaveArgs.aggregate is deprecated, please use custom TypeHandler (https://orbax.readthedocs.io/en/latest/custom_handlers.html#typehandler) or contact Orbax team to migrate before May 1st, 2024.
/Users/shouryakaveti/VS_Projects/sparse-ppo-drl-research/.venv/lib/python3.12/site-packages/orbax/checkpoint/type_handlers.py:1475: UserWarning: Couldn't find sharding info under RestoreArgs. Populating sharding info from sharding file. Please note restoration time will be slightly increased due to reading from file instead of directly from RestoreArgs.
  warnings.warn(
WARNING:absl:SaveArgs.aggregate is deprecated, please use custom TypeHandler (https://orbax.readthedocs.io/en/latest/custom_handlers.html#typehandler) or contact Orbax team to migrate before May 1st, 2024.
WARNING:absl:SaveArgs.aggregate is deprecated, please use custom TypeHandler (https://orbax.readthedocs.io/en/latest/custom_handlers.html#typehandler) or contact Orbax team to migrate before May 1st, 2024.
WARNING:absl:SaveArgs.aggregate is deprecated, please use custom TypeHandler (https://orbax.readthedocs.io/en/latest/custom_handlers.html#typehandler) or contact Orbax team to migrate before May 1st, 2024.
WARNING:absl:SaveArgs.aggregate is deprecated, please use custom TypeHandler (https://orbax.readthedocs.io/en/latest/custom_handlers.html#typehandler) or contact Orbax team to migrate before May 1st, 2024.
WARNING:absl:SaveArgs.aggregate is deprecated, please use custom TypeHandler (https://orbax.readthedocs.io/en/latest/custom_handlers.html#typehandler) or contact Orbax team to migrate before May 1st, 2024.
WARNING:absl:SaveArgs.aggregate is deprecated, please use custom TypeHandler (https://orbax.readthedocs.io/en/latest/custom_handlers.html#typehandler) or contact Orbax team to migrate before May 1st, 2024.
WARNING:absl:SaveArgs.aggregate is deprecated, please use custom TypeHandler (https://orbax.readthedocs.io/en/latest/custom_handlers.html#typehandler) or contact Orbax team to migrate before May 1st, 2024.
WARNING:absl:SaveArgs.aggregate is deprecated, please use custom TypeHandler (https://orbax.readthedocs.io/en/latest/custom_handlers.html#typehandler) or contact Orbax team to migrate before May 1st, 2024.
WARNING:absl:SaveArgs.aggregate is deprecated, please use custom TypeHandler (https://orbax.readthedocs.io/en/latest/custom_handlers.html#typehandler) or contact Orbax team to migrate before May 1st, 2024.
WARNING:absl:SaveArgs.aggregate is deprecated, please use custom TypeHandler (https://orbax.readthedocs.io/en/latest/custom_handlers.html#typehandler) or contact Orbax team to migrate before May 1st, 2024.
WARNING:absl:SaveArgs.aggregate is deprecated, please use custom TypeHandler (https://orbax.readthedocs.io/en/latest/custom_handlers.html#typehandler) or contact Orbax team to migrate before May 1st, 2024.
[OK] twin metadata: critic count not recorded: mutated -> FAIL (error), restored -> PASS  (test_runs_are_twin_and_record_the_critic_count)
 total params: 1.54K
[exp1] fork state saved at interaction_step 100 in 0.1 s
/Users/shouryakaveti/VS_Projects/sparse-ppo-drl-research/.venv/lib/python3.12/site-packages/orbax/checkpoint/type_handlers.py:1475: UserWarning: Couldn't find sharding info under RestoreArgs. Populating sharding info from sharding file. Please note restoration time will be slightly increased due to reading from file instead of directly from RestoreArgs.
  warnings.warn(
 total params: 1.54K
[exp1] restored interaction_step 100 from /var/folders/ms/h3zjmq652jvg08wcslr2z3t80000gn/T/tmpy_kbfpfs/run/fork/state/step_000000100_7e8adf2f in 0.1 s
[control] post-fork evaluation 0: 0.2 s for 1 episodes
[control] post-fork evaluation 1: 0.0 s for 1 episodes
[control] post-fork evaluation 2: 0.0 s for 1 episodes
[control] post-fork evaluation 3: 0.0 s for 1 episodes
[control] post-fork evaluation 4: 0.0 s for 1 episodes
[control] post-fork evaluation 5: 0.0 s for 1 episodes
[control] post-fork evaluation 6: 0.0 s for 1 episodes
[control] post-fork evaluation 7: 0.0 s for 1 episodes
[control] post-fork evaluation 8: 0.0 s for 1 episodes
[control] post-fork evaluation 9: 0.0 s for 1 episodes
[control] post-fork evaluation 10: 0.0 s for 1 episodes
[control] post-fork evaluation 11: 0.0 s for 1 episodes
[control] post-fork evaluation 12: 0.0 s for 1 episodes
WARNING:absl:SaveArgs.aggregate is deprecated, please use custom TypeHandler (https://orbax.readthedocs.io/en/latest/custom_handlers.html#typehandler) or contact Orbax team to migrate before May 1st, 2024.
WARNING:absl:SaveArgs.aggregate is deprecated, please use custom TypeHandler (https://orbax.readthedocs.io/en/latest/custom_handlers.html#typehandler) or contact Orbax team to migrate before May 1st, 2024.
WARNING:absl:SaveArgs.aggregate is deprecated, please use custom TypeHandler (https://orbax.readthedocs.io/en/latest/custom_handlers.html#typehandler) or contact Orbax team to migrate before May 1st, 2024.
WARNING:absl:SaveArgs.aggregate is deprecated, please use custom TypeHandler (https://orbax.readthedocs.io/en/latest/custom_handlers.html#typehandler) or contact Orbax team to migrate before May 1st, 2024.
WARNING:absl:SaveArgs.aggregate is deprecated, please use custom TypeHandler (https://orbax.readthedocs.io/en/latest/custom_handlers.html#typehandler) or contact Orbax team to migrate before May 1st, 2024.
WARNING:absl:SaveArgs.aggregate is deprecated, please use custom TypeHandler (https://orbax.readthedocs.io/en/latest/custom_handlers.html#typehandler) or contact Orbax team to migrate before May 1st, 2024.
WARNING:absl:SaveArgs.aggregate is deprecated, please use custom TypeHandler (https://orbax.readthedocs.io/en/latest/custom_handlers.html#typehandler) or contact Orbax team to migrate before May 1st, 2024.
WARNING:absl:SaveArgs.aggregate is deprecated, please use custom TypeHandler (https://orbax.readthedocs.io/en/latest/custom_handlers.html#typehandler) or contact Orbax team to migrate before May 1st, 2024.
WARNING:absl:SaveArgs.aggregate is deprecated, please use custom TypeHandler (https://orbax.readthedocs.io/en/latest/custom_handlers.html#typehandler) or contact Orbax team to migrate before May 1st, 2024.
WARNING:absl:SaveArgs.aggregate is deprecated, please use custom TypeHandler (https://orbax.readthedocs.io/en/latest/custom_handlers.html#typehandler) or contact Orbax team to migrate before May 1st, 2024.
WARNING:absl:SaveArgs.aggregate is deprecated, please use custom TypeHandler (https://orbax.readthedocs.io/en/latest/custom_handlers.html#typehandler) or contact Orbax team to migrate before May 1st, 2024.
[control] post-fork evaluation 13: 0.0 s for 1 episodes
[control] post-fork evaluation 14: 0.0 s for 1 episodes
[control] post-fork evaluation 15: 0.0 s for 1 episodes
[control] post-fork evaluation 16: 0.0 s for 1 episodes
[control] post-fork evaluation 17: 0.0 s for 1 episodes
[control] post-fork evaluation 18: 0.0 s for 1 episodes
[control] post-fork evaluation 19: 0.0 s for 1 episodes
[control] post-fork evaluation 20: 0.0 s for 1 episodes
[control] post-fork evaluation 21: 0.0 s for 1 episodes
[control] post-fork evaluation 22: 0.0 s for 1 episodes
[control] post-fork evaluation 23: 0.0 s for 1 episodes
[control] post-fork evaluation 24: 0.0 s for 1 episodes
[control] post-fork evaluation 25: 0.0 s for 1 episodes
WARNING:absl:SaveArgs.aggregate is deprecated, please use custom TypeHandler (https://orbax.readthedocs.io/en/latest/custom_handlers.html#typehandler) or contact Orbax team to migrate before May 1st, 2024.
WARNING:absl:SaveArgs.aggregate is deprecated, please use custom TypeHandler (https://orbax.readthedocs.io/en/latest/custom_handlers.html#typehandler) or contact Orbax team to migrate before May 1st, 2024.
WARNING:absl:SaveArgs.aggregate is deprecated, please use custom TypeHandler (https://orbax.readthedocs.io/en/latest/custom_handlers.html#typehandler) or contact Orbax team to migrate before May 1st, 2024.
WARNING:absl:SaveArgs.aggregate is deprecated, please use custom TypeHandler (https://orbax.readthedocs.io/en/latest/custom_handlers.html#typehandler) or contact Orbax team to migrate before May 1st, 2024.
WARNING:absl:SaveArgs.aggregate is deprecated, please use custom TypeHandler (https://orbax.readthedocs.io/en/latest/custom_handlers.html#typehandler) or contact Orbax team to migrate before May 1st, 2024.
WARNING:absl:SaveArgs.aggregate is deprecated, please use custom TypeHandler (https://orbax.readthedocs.io/en/latest/custom_handlers.html#typehandler) or contact Orbax team to migrate before May 1st, 2024.
WARNING:absl:SaveArgs.aggregate is deprecated, please use custom TypeHandler (https://orbax.readthedocs.io/en/latest/custom_handlers.html#typehandler) or contact Orbax team to migrate before May 1st, 2024.
WARNING:absl:SaveArgs.aggregate is deprecated, please use custom TypeHandler (https://orbax.readthedocs.io/en/latest/custom_handlers.html#typehandler) or contact Orbax team to migrate before May 1st, 2024.
WARNING:absl:SaveArgs.aggregate is deprecated, please use custom TypeHandler (https://orbax.readthedocs.io/en/latest/custom_handlers.html#typehandler) or contact Orbax team to migrate before May 1st, 2024.
WARNING:absl:SaveArgs.aggregate is deprecated, please use custom TypeHandler (https://orbax.readthedocs.io/en/latest/custom_handlers.html#typehandler) or contact Orbax team to migrate before May 1st, 2024.
WARNING:absl:SaveArgs.aggregate is deprecated, please use custom TypeHandler (https://orbax.readthedocs.io/en/latest/custom_handlers.html#typehandler) or contact Orbax team to migrate before May 1st, 2024.
/Users/shouryakaveti/VS_Projects/sparse-ppo-drl-research/.venv/lib/python3.12/site-packages/orbax/checkpoint/type_handlers.py:1475: UserWarning: Couldn't find sharding info under RestoreArgs. Populating sharding info from sharding file. Please note restoration time will be slightly increased due to reading from file instead of directly from RestoreArgs.
  warnings.warn(
 total params: 1.54K
[exp2_arm] fork state restored in 0.1 s
[identity] post-fork evaluation 0: 0.2 s for 1 episodes
WARNING:absl:SaveArgs.aggregate is deprecated, please use custom TypeHandler (https://orbax.readthedocs.io/en/latest/custom_handlers.html#typehandler) or contact Orbax team to migrate before May 1st, 2024.
WARNING:absl:SaveArgs.aggregate is deprecated, please use custom TypeHandler (https://orbax.readthedocs.io/en/latest/custom_handlers.html#typehandler) or contact Orbax team to migrate before May 1st, 2024.
WARNING:absl:SaveArgs.aggregate is deprecated, please use custom TypeHandler (https://orbax.readthedocs.io/en/latest/custom_handlers.html#typehandler) or contact Orbax team to migrate before May 1st, 2024.
WARNING:absl:SaveArgs.aggregate is deprecated, please use custom TypeHandler (https://orbax.readthedocs.io/en/latest/custom_handlers.html#typehandler) or contact Orbax team to migrate before May 1st, 2024.
WARNING:absl:SaveArgs.aggregate is deprecated, please use custom TypeHandler (https://orbax.readthedocs.io/en/latest/custom_handlers.html#typehandler) or contact Orbax team to migrate before May 1st, 2024.
WARNING:absl:SaveArgs.aggregate is deprecated, please use custom TypeHandler (https://orbax.readthedocs.io/en/latest/custom_handlers.html#typehandler) or contact Orbax team to migrate before May 1st, 2024.
WARNING:absl:SaveArgs.aggregate is deprecated, please use custom TypeHandler (https://orbax.readthedocs.io/en/latest/custom_handlers.html#typehandler) or contact Orbax team to migrate before May 1st, 2024.
WARNING:absl:SaveArgs.aggregate is deprecated, please use custom TypeHandler (https://orbax.readthedocs.io/en/latest/custom_handlers.html#typehandler) or contact Orbax team to migrate before May 1st, 2024.
WARNING:absl:SaveArgs.aggregate is deprecated, please use custom TypeHandler (https://orbax.readthedocs.io/en/latest/custom_handlers.html#typehandler) or contact Orbax team to migrate before May 1st, 2024.
WARNING:absl:SaveArgs.aggregate is deprecated, please use custom TypeHandler (https://orbax.readthedocs.io/en/latest/custom_handlers.html#typehandler) or contact Orbax team to migrate before May 1st, 2024.
WARNING:absl:SaveArgs.aggregate is deprecated, please use custom TypeHandler (https://orbax.readthedocs.io/en/latest/custom_handlers.html#typehandler) or contact Orbax team to migrate before May 1st, 2024.
[identity] post-fork evaluation 1: 0.0 s for 1 episodes
[identity] post-fork evaluation 2: 0.0 s for 1 episodes
[identity] post-fork evaluation 3: 0.0 s for 1 episodes
[identity] post-fork evaluation 4: 0.0 s for 1 episodes
[identity] post-fork evaluation 5: 0.0 s for 1 episodes
[identity] post-fork evaluation 6: 0.0 s for 1 episodes
[identity] post-fork evaluation 7: 0.0 s for 1 episodes
[identity] post-fork evaluation 8: 0.0 s for 1 episodes
[identity] post-fork evaluation 9: 0.0 s for 1 episodes
[identity] post-fork evaluation 10: 0.0 s for 1 episodes
[identity] post-fork evaluation 11: 0.0 s for 1 episodes
[identity] post-fork evaluation 12: 0.0 s for 1 episodes
WARNING:absl:SaveArgs.aggregate is deprecated, please use custom TypeHandler (https://orbax.readthedocs.io/en/latest/custom_handlers.html#typehandler) or contact Orbax team to migrate before May 1st, 2024.
WARNING:absl:SaveArgs.aggregate is deprecated, please use custom TypeHandler (https://orbax.readthedocs.io/en/latest/custom_handlers.html#typehandler) or contact Orbax team to migrate before May 1st, 2024.
WARNING:absl:SaveArgs.aggregate is deprecated, please use custom TypeHandler (https://orbax.readthedocs.io/en/latest/custom_handlers.html#typehandler) or contact Orbax team to migrate before May 1st, 2024.
WARNING:absl:SaveArgs.aggregate is deprecated, please use custom TypeHandler (https://orbax.readthedocs.io/en/latest/custom_handlers.html#typehandler) or contact Orbax team to migrate before May 1st, 2024.
WARNING:absl:SaveArgs.aggregate is deprecated, please use custom TypeHandler (https://orbax.readthedocs.io/en/latest/custom_handlers.html#typehandler) or contact Orbax team to migrate before May 1st, 2024.
WARNING:absl:SaveArgs.aggregate is deprecated, please use custom TypeHandler (https://orbax.readthedocs.io/en/latest/custom_handlers.html#typehandler) or contact Orbax team to migrate before May 1st, 2024.
WARNING:absl:SaveArgs.aggregate is deprecated, please use custom TypeHandler (https://orbax.readthedocs.io/en/latest/custom_handlers.html#typehandler) or contact Orbax team to migrate before May 1st, 2024.
WARNING:absl:SaveArgs.aggregate is deprecated, please use custom TypeHandler (https://orbax.readthedocs.io/en/latest/custom_handlers.html#typehandler) or contact Orbax team to migrate before May 1st, 2024.
WARNING:absl:SaveArgs.aggregate is deprecated, please use custom TypeHandler (https://orbax.readthedocs.io/en/latest/custom_handlers.html#typehandler) or contact Orbax team to migrate before May 1st, 2024.
WARNING:absl:SaveArgs.aggregate is deprecated, please use custom TypeHandler (https://orbax.readthedocs.io/en/latest/custom_handlers.html#typehandler) or contact Orbax team to migrate before May 1st, 2024.
WARNING:absl:SaveArgs.aggregate is deprecated, please use custom TypeHandler (https://orbax.readthedocs.io/en/latest/custom_handlers.html#typehandler) or contact Orbax team to migrate before May 1st, 2024.
[identity] post-fork evaluation 13: 0.0 s for 1 episodes
[identity] post-fork evaluation 14: 0.0 s for 1 episodes
[identity] post-fork evaluation 15: 0.0 s for 1 episodes
[identity] post-fork evaluation 16: 0.0 s for 1 episodes
[identity] post-fork evaluation 17: 0.0 s for 1 episodes
[identity] post-fork evaluation 18: 0.0 s for 1 episodes
[identity] post-fork evaluation 19: 0.0 s for 1 episodes
[identity] post-fork evaluation 20: 0.0 s for 1 episodes
[identity] post-fork evaluation 21: 0.0 s for 1 episodes
[identity] post-fork evaluation 22: 0.0 s for 1 episodes
[identity] post-fork evaluation 23: 0.0 s for 1 episodes
[identity] post-fork evaluation 24: 0.0 s for 1 episodes
[identity] post-fork evaluation 25: 0.0 s for 1 episodes
WARNING:absl:SaveArgs.aggregate is deprecated, please use custom TypeHandler (https://orbax.readthedocs.io/en/latest/custom_handlers.html#typehandler) or contact Orbax team to migrate before May 1st, 2024.
WARNING:absl:SaveArgs.aggregate is deprecated, please use custom TypeHandler (https://orbax.readthedocs.io/en/latest/custom_handlers.html#typehandler) or contact Orbax team to migrate before May 1st, 2024.
WARNING:absl:SaveArgs.aggregate is deprecated, please use custom TypeHandler (https://orbax.readthedocs.io/en/latest/custom_handlers.html#typehandler) or contact Orbax team to migrate before May 1st, 2024.
WARNING:absl:SaveArgs.aggregate is deprecated, please use custom TypeHandler (https://orbax.readthedocs.io/en/latest/custom_handlers.html#typehandler) or contact Orbax team to migrate before May 1st, 2024.
WARNING:absl:SaveArgs.aggregate is deprecated, please use custom TypeHandler (https://orbax.readthedocs.io/en/latest/custom_handlers.html#typehandler) or contact Orbax team to migrate before May 1st, 2024.
WARNING:absl:SaveArgs.aggregate is deprecated, please use custom TypeHandler (https://orbax.readthedocs.io/en/latest/custom_handlers.html#typehandler) or contact Orbax team to migrate before May 1st, 2024.
WARNING:absl:SaveArgs.aggregate is deprecated, please use custom TypeHandler (https://orbax.readthedocs.io/en/latest/custom_handlers.html#typehandler) or contact Orbax team to migrate before May 1st, 2024.
WARNING:absl:SaveArgs.aggregate is deprecated, please use custom TypeHandler (https://orbax.readthedocs.io/en/latest/custom_handlers.html#typehandler) or contact Orbax team to migrate before May 1st, 2024.
WARNING:absl:SaveArgs.aggregate is deprecated, please use custom TypeHandler (https://orbax.readthedocs.io/en/latest/custom_handlers.html#typehandler) or contact Orbax team to migrate before May 1st, 2024.
WARNING:absl:SaveArgs.aggregate is deprecated, please use custom TypeHandler (https://orbax.readthedocs.io/en/latest/custom_handlers.html#typehandler) or contact Orbax team to migrate before May 1st, 2024.
WARNING:absl:SaveArgs.aggregate is deprecated, please use custom TypeHandler (https://orbax.readthedocs.io/en/latest/custom_handlers.html#typehandler) or contact Orbax team to migrate before May 1st, 2024.
/Users/shouryakaveti/VS_Projects/sparse-ppo-drl-research/.venv/lib/python3.12/site-packages/orbax/checkpoint/type_handlers.py:1475: UserWarning: Couldn't find sharding info under RestoreArgs. Populating sharding info from sharding file. Please note restoration time will be slightly increased due to reading from file instead of directly from RestoreArgs.
  warnings.warn(
 total params: 1.54K
[exp2_arm] fork state restored in 0.1 s
[injected] post-fork evaluation 0: 0.1 s for 1 episodes
WARNING:absl:SaveArgs.aggregate is deprecated, please use custom TypeHandler (https://orbax.readthedocs.io/en/latest/custom_handlers.html#typehandler) or contact Orbax team to migrate before May 1st, 2024.
WARNING:absl:SaveArgs.aggregate is deprecated, please use custom TypeHandler (https://orbax.readthedocs.io/en/latest/custom_handlers.html#typehandler) or contact Orbax team to migrate before May 1st, 2024.
WARNING:absl:SaveArgs.aggregate is deprecated, please use custom TypeHandler (https://orbax.readthedocs.io/en/latest/custom_handlers.html#typehandler) or contact Orbax team to migrate before May 1st, 2024.
WARNING:absl:SaveArgs.aggregate is deprecated, please use custom TypeHandler (https://orbax.readthedocs.io/en/latest/custom_handlers.html#typehandler) or contact Orbax team to migrate before May 1st, 2024.
WARNING:absl:SaveArgs.aggregate is deprecated, please use custom TypeHandler (https://orbax.readthedocs.io/en/latest/custom_handlers.html#typehandler) or contact Orbax team to migrate before May 1st, 2024.
WARNING:absl:SaveArgs.aggregate is deprecated, please use custom TypeHandler (https://orbax.readthedocs.io/en/latest/custom_handlers.html#typehandler) or contact Orbax team to migrate before May 1st, 2024.
WARNING:absl:SaveArgs.aggregate is deprecated, please use custom TypeHandler (https://orbax.readthedocs.io/en/latest/custom_handlers.html#typehandler) or contact Orbax team to migrate before May 1st, 2024.
WARNING:absl:SaveArgs.aggregate is deprecated, please use custom TypeHandler (https://orbax.readthedocs.io/en/latest/custom_handlers.html#typehandler) or contact Orbax team to migrate before May 1st, 2024.
WARNING:absl:SaveArgs.aggregate is deprecated, please use custom TypeHandler (https://orbax.readthedocs.io/en/latest/custom_handlers.html#typehandler) or contact Orbax team to migrate before May 1st, 2024.
WARNING:absl:SaveArgs.aggregate is deprecated, please use custom TypeHandler (https://orbax.readthedocs.io/en/latest/custom_handlers.html#typehandler) or contact Orbax team to migrate before May 1st, 2024.
WARNING:absl:SaveArgs.aggregate is deprecated, please use custom TypeHandler (https://orbax.readthedocs.io/en/latest/custom_handlers.html#typehandler) or contact Orbax team to migrate before May 1st, 2024.
WARNING:absl:SaveArgs.aggregate is deprecated, please use custom TypeHandler (https://orbax.readthedocs.io/en/latest/custom_handlers.html#typehandler) or contact Orbax team to migrate before May 1st, 2024.
WARNING:absl:SaveArgs.aggregate is deprecated, please use custom TypeHandler (https://orbax.readthedocs.io/en/latest/custom_handlers.html#typehandler) or contact Orbax team to migrate before May 1st, 2024.
[injected] post-fork evaluation 1: 0.0 s for 1 episodes
[injected] post-fork evaluation 2: 0.0 s for 1 episodes
[injected] post-fork evaluation 3: 0.0 s for 1 episodes
[injected] post-fork evaluation 4: 0.0 s for 1 episodes
[injected] post-fork evaluation 5: 0.0 s for 1 episodes
[injected] post-fork evaluation 6: 0.0 s for 1 episodes
[injected] post-fork evaluation 7: 0.0 s for 1 episodes
[injected] post-fork evaluation 8: 0.0 s for 1 episodes
[injected] post-fork evaluation 9: 0.0 s for 1 episodes
[injected] post-fork evaluation 10: 0.0 s for 1 episodes
[injected] post-fork evaluation 11: 0.0 s for 1 episodes
[injected] post-fork evaluation 12: 0.0 s for 1 episodes
WARNING:absl:SaveArgs.aggregate is deprecated, please use custom TypeHandler (https://orbax.readthedocs.io/en/latest/custom_handlers.html#typehandler) or contact Orbax team to migrate before May 1st, 2024.
WARNING:absl:SaveArgs.aggregate is deprecated, please use custom TypeHandler (https://orbax.readthedocs.io/en/latest/custom_handlers.html#typehandler) or contact Orbax team to migrate before May 1st, 2024.
WARNING:absl:SaveArgs.aggregate is deprecated, please use custom TypeHandler (https://orbax.readthedocs.io/en/latest/custom_handlers.html#typehandler) or contact Orbax team to migrate before May 1st, 2024.
WARNING:absl:SaveArgs.aggregate is deprecated, please use custom TypeHandler (https://orbax.readthedocs.io/en/latest/custom_handlers.html#typehandler) or contact Orbax team to migrate before May 1st, 2024.
WARNING:absl:SaveArgs.aggregate is deprecated, please use custom TypeHandler (https://orbax.readthedocs.io/en/latest/custom_handlers.html#typehandler) or contact Orbax team to migrate before May 1st, 2024.
WARNING:absl:SaveArgs.aggregate is deprecated, please use custom TypeHandler (https://orbax.readthedocs.io/en/latest/custom_handlers.html#typehandler) or contact Orbax team to migrate before May 1st, 2024.
WARNING:absl:SaveArgs.aggregate is deprecated, please use custom TypeHandler (https://orbax.readthedocs.io/en/latest/custom_handlers.html#typehandler) or contact Orbax team to migrate before May 1st, 2024.
WARNING:absl:SaveArgs.aggregate is deprecated, please use custom TypeHandler (https://orbax.readthedocs.io/en/latest/custom_handlers.html#typehandler) or contact Orbax team to migrate before May 1st, 2024.
WARNING:absl:SaveArgs.aggregate is deprecated, please use custom TypeHandler (https://orbax.readthedocs.io/en/latest/custom_handlers.html#typehandler) or contact Orbax team to migrate before May 1st, 2024.
WARNING:absl:SaveArgs.aggregate is deprecated, please use custom TypeHandler (https://orbax.readthedocs.io/en/latest/custom_handlers.html#typehandler) or contact Orbax team to migrate before May 1st, 2024.
WARNING:absl:SaveArgs.aggregate is deprecated, please use custom TypeHandler (https://orbax.readthedocs.io/en/latest/custom_handlers.html#typehandler) or contact Orbax team to migrate before May 1st, 2024.
WARNING:absl:SaveArgs.aggregate is deprecated, please use custom TypeHandler (https://orbax.readthedocs.io/en/latest/custom_handlers.html#typehandler) or contact Orbax team to migrate before May 1st, 2024.
WARNING:absl:SaveArgs.aggregate is deprecated, please use custom TypeHandler (https://orbax.readthedocs.io/en/latest/custom_handlers.html#typehandler) or contact Orbax team to migrate before May 1st, 2024.
[injected] post-fork evaluation 13: 0.0 s for 1 episodes
[injected] post-fork evaluation 14: 0.0 s for 1 episodes
[injected] post-fork evaluation 15: 0.0 s for 1 episodes
[injected] post-fork evaluation 16: 0.0 s for 1 episodes
[injected] post-fork evaluation 17: 0.0 s for 1 episodes
[injected] post-fork evaluation 18: 0.0 s for 1 episodes
[injected] post-fork evaluation 19: 0.0 s for 1 episodes
[injected] post-fork evaluation 20: 0.0 s for 1 episodes
[injected] post-fork evaluation 21: 0.0 s for 1 episodes
[injected] post-fork evaluation 22: 0.0 s for 1 episodes
[injected] post-fork evaluation 23: 0.0 s for 1 episodes
[injected] post-fork evaluation 24: 0.0 s for 1 episodes
[injected] post-fork evaluation 25: 0.0 s for 1 episodes
WARNING:absl:SaveArgs.aggregate is deprecated, please use custom TypeHandler (https://orbax.readthedocs.io/en/latest/custom_handlers.html#typehandler) or contact Orbax team to migrate before May 1st, 2024.
WARNING:absl:SaveArgs.aggregate is deprecated, please use custom TypeHandler (https://orbax.readthedocs.io/en/latest/custom_handlers.html#typehandler) or contact Orbax team to migrate before May 1st, 2024.
WARNING:absl:SaveArgs.aggregate is deprecated, please use custom TypeHandler (https://orbax.readthedocs.io/en/latest/custom_handlers.html#typehandler) or contact Orbax team to migrate before May 1st, 2024.
WARNING:absl:SaveArgs.aggregate is deprecated, please use custom TypeHandler (https://orbax.readthedocs.io/en/latest/custom_handlers.html#typehandler) or contact Orbax team to migrate before May 1st, 2024.
WARNING:absl:SaveArgs.aggregate is deprecated, please use custom TypeHandler (https://orbax.readthedocs.io/en/latest/custom_handlers.html#typehandler) or contact Orbax team to migrate before May 1st, 2024.
WARNING:absl:SaveArgs.aggregate is deprecated, please use custom TypeHandler (https://orbax.readthedocs.io/en/latest/custom_handlers.html#typehandler) or contact Orbax team to migrate before May 1st, 2024.
WARNING:absl:SaveArgs.aggregate is deprecated, please use custom TypeHandler (https://orbax.readthedocs.io/en/latest/custom_handlers.html#typehandler) or contact Orbax team to migrate before May 1st, 2024.
WARNING:absl:SaveArgs.aggregate is deprecated, please use custom TypeHandler (https://orbax.readthedocs.io/en/latest/custom_handlers.html#typehandler) or contact Orbax team to migrate before May 1st, 2024.
WARNING:absl:SaveArgs.aggregate is deprecated, please use custom TypeHandler (https://orbax.readthedocs.io/en/latest/custom_handlers.html#typehandler) or contact Orbax team to migrate before May 1st, 2024.
WARNING:absl:SaveArgs.aggregate is deprecated, please use custom TypeHandler (https://orbax.readthedocs.io/en/latest/custom_handlers.html#typehandler) or contact Orbax team to migrate before May 1st, 2024.
WARNING:absl:SaveArgs.aggregate is deprecated, please use custom TypeHandler (https://orbax.readthedocs.io/en/latest/custom_handlers.html#typehandler) or contact Orbax team to migrate before May 1st, 2024.
WARNING:absl:SaveArgs.aggregate is deprecated, please use custom TypeHandler (https://orbax.readthedocs.io/en/latest/custom_handlers.html#typehandler) or contact Orbax team to migrate before May 1st, 2024.
WARNING:absl:SaveArgs.aggregate is deprecated, please use custom TypeHandler (https://orbax.readthedocs.io/en/latest/custom_handlers.html#typehandler) or contact Orbax team to migrate before May 1st, 2024.
WARNING:absl:SaveArgs.aggregate is deprecated, please use custom TypeHandler (https://orbax.readthedocs.io/en/latest/custom_handlers.html#typehandler) or contact Orbax team to migrate before May 1st, 2024.
WARNING:absl:SaveArgs.aggregate is deprecated, please use custom TypeHandler (https://orbax.readthedocs.io/en/latest/custom_handlers.html#typehandler) or contact Orbax team to migrate before May 1st, 2024.
WARNING:absl:SaveArgs.aggregate is deprecated, please use custom TypeHandler (https://orbax.readthedocs.io/en/latest/custom_handlers.html#typehandler) or contact Orbax team to migrate before May 1st, 2024.
WARNING:absl:SaveArgs.aggregate is deprecated, please use custom TypeHandler (https://orbax.readthedocs.io/en/latest/custom_handlers.html#typehandler) or contact Orbax team to migrate before May 1st, 2024.
WARNING:absl:SaveArgs.aggregate is deprecated, please use custom TypeHandler (https://orbax.readthedocs.io/en/latest/custom_handlers.html#typehandler) or contact Orbax team to migrate before May 1st, 2024.
WARNING:absl:SaveArgs.aggregate is deprecated, please use custom TypeHandler (https://orbax.readthedocs.io/en/latest/custom_handlers.html#typehandler) or contact Orbax team to migrate before May 1st, 2024.
WARNING:absl:SaveArgs.aggregate is deprecated, please use custom TypeHandler (https://orbax.readthedocs.io/en/latest/custom_handlers.html#typehandler) or contact Orbax team to migrate before May 1st, 2024.
WARNING:absl:SaveArgs.aggregate is deprecated, please use custom TypeHandler (https://orbax.readthedocs.io/en/latest/custom_handlers.html#typehandler) or contact Orbax team to migrate before May 1st, 2024.
WARNING:absl:SaveArgs.aggregate is deprecated, please use custom TypeHandler (https://orbax.readthedocs.io/en/latest/custom_handlers.html#typehandler) or contact Orbax team to migrate before May 1st, 2024.
WARNING:absl:SaveArgs.aggregate is deprecated, please use custom TypeHandler (https://orbax.readthedocs.io/en/latest/custom_handlers.html#typehandler) or contact Orbax team to migrate before May 1st, 2024.
WARNING:absl:SaveArgs.aggregate is deprecated, please use custom TypeHandler (https://orbax.readthedocs.io/en/latest/custom_handlers.html#typehandler) or contact Orbax team to migrate before May 1st, 2024.
 total params: 1.54K
[exp1] fork state saved at interaction_step 100 in 0.1 s
/Users/shouryakaveti/VS_Projects/sparse-ppo-drl-research/.venv/lib/python3.12/site-packages/orbax/checkpoint/type_handlers.py:1475: UserWarning: Couldn't find sharding info under RestoreArgs. Populating sharding info from sharding file. Please note restoration time will be slightly increased due to reading from file instead of directly from RestoreArgs.
  warnings.warn(
 total params: 1.54K
[exp1] restored interaction_step 100 from /var/folders/ms/h3zjmq652jvg08wcslr2z3t80000gn/T/tmpy_kbfpfs/bad_restore_q/fork/state/step_000000100_e5c4775d in 0.1 s
[control] post-fork evaluation 0: 0.2 s for 1 episodes
[control] post-fork evaluation 1: 0.0 s for 1 episodes
[control] post-fork evaluation 2: 0.0 s for 1 episodes
[control] post-fork evaluation 3: 0.0 s for 1 episodes
[control] post-fork evaluation 4: 0.0 s for 1 episodes
[control] post-fork evaluation 5: 0.0 s for 1 episodes
[control] post-fork evaluation 6: 0.0 s for 1 episodes
[control] post-fork evaluation 7: 0.0 s for 1 episodes
[control] post-fork evaluation 8: 0.0 s for 1 episodes
[control] post-fork evaluation 9: 0.0 s for 1 episodes
[control] post-fork evaluation 10: 0.0 s for 1 episodes
[control] post-fork evaluation 11: 0.0 s for 1 episodes
[control] post-fork evaluation 12: 0.0 s for 1 episodes
WARNING:absl:SaveArgs.aggregate is deprecated, please use custom TypeHandler (https://orbax.readthedocs.io/en/latest/custom_handlers.html#typehandler) or contact Orbax team to migrate before May 1st, 2024.
WARNING:absl:SaveArgs.aggregate is deprecated, please use custom TypeHandler (https://orbax.readthedocs.io/en/latest/custom_handlers.html#typehandler) or contact Orbax team to migrate before May 1st, 2024.
WARNING:absl:SaveArgs.aggregate is deprecated, please use custom TypeHandler (https://orbax.readthedocs.io/en/latest/custom_handlers.html#typehandler) or contact Orbax team to migrate before May 1st, 2024.
WARNING:absl:SaveArgs.aggregate is deprecated, please use custom TypeHandler (https://orbax.readthedocs.io/en/latest/custom_handlers.html#typehandler) or contact Orbax team to migrate before May 1st, 2024.
WARNING:absl:SaveArgs.aggregate is deprecated, please use custom TypeHandler (https://orbax.readthedocs.io/en/latest/custom_handlers.html#typehandler) or contact Orbax team to migrate before May 1st, 2024.
WARNING:absl:SaveArgs.aggregate is deprecated, please use custom TypeHandler (https://orbax.readthedocs.io/en/latest/custom_handlers.html#typehandler) or contact Orbax team to migrate before May 1st, 2024.
WARNING:absl:SaveArgs.aggregate is deprecated, please use custom TypeHandler (https://orbax.readthedocs.io/en/latest/custom_handlers.html#typehandler) or contact Orbax team to migrate before May 1st, 2024.
WARNING:absl:SaveArgs.aggregate is deprecated, please use custom TypeHandler (https://orbax.readthedocs.io/en/latest/custom_handlers.html#typehandler) or contact Orbax team to migrate before May 1st, 2024.
WARNING:absl:SaveArgs.aggregate is deprecated, please use custom TypeHandler (https://orbax.readthedocs.io/en/latest/custom_handlers.html#typehandler) or contact Orbax team to migrate before May 1st, 2024.
WARNING:absl:SaveArgs.aggregate is deprecated, please use custom TypeHandler (https://orbax.readthedocs.io/en/latest/custom_handlers.html#typehandler) or contact Orbax team to migrate before May 1st, 2024.
WARNING:absl:SaveArgs.aggregate is deprecated, please use custom TypeHandler (https://orbax.readthedocs.io/en/latest/custom_handlers.html#typehandler) or contact Orbax team to migrate before May 1st, 2024.
[control] post-fork evaluation 13: 0.0 s for 1 episodes
[control] post-fork evaluation 14: 0.0 s for 1 episodes
[control] post-fork evaluation 15: 0.0 s for 1 episodes
[control] post-fork evaluation 16: 0.0 s for 1 episodes
[control] post-fork evaluation 17: 0.0 s for 1 episodes
[control] post-fork evaluation 18: 0.0 s for 1 episodes
[control] post-fork evaluation 19: 0.0 s for 1 episodes
[control] post-fork evaluation 20: 0.0 s for 1 episodes
[control] post-fork evaluation 21: 0.0 s for 1 episodes
[control] post-fork evaluation 22: 0.0 s for 1 episodes
[control] post-fork evaluation 23: 0.0 s for 1 episodes
[control] post-fork evaluation 24: 0.0 s for 1 episodes
[control] post-fork evaluation 25: 0.0 s for 1 episodes
WARNING:absl:SaveArgs.aggregate is deprecated, please use custom TypeHandler (https://orbax.readthedocs.io/en/latest/custom_handlers.html#typehandler) or contact Orbax team to migrate before May 1st, 2024.
WARNING:absl:SaveArgs.aggregate is deprecated, please use custom TypeHandler (https://orbax.readthedocs.io/en/latest/custom_handlers.html#typehandler) or contact Orbax team to migrate before May 1st, 2024.
WARNING:absl:SaveArgs.aggregate is deprecated, please use custom TypeHandler (https://orbax.readthedocs.io/en/latest/custom_handlers.html#typehandler) or contact Orbax team to migrate before May 1st, 2024.
WARNING:absl:SaveArgs.aggregate is deprecated, please use custom TypeHandler (https://orbax.readthedocs.io/en/latest/custom_handlers.html#typehandler) or contact Orbax team to migrate before May 1st, 2024.
WARNING:absl:SaveArgs.aggregate is deprecated, please use custom TypeHandler (https://orbax.readthedocs.io/en/latest/custom_handlers.html#typehandler) or contact Orbax team to migrate before May 1st, 2024.
WARNING:absl:SaveArgs.aggregate is deprecated, please use custom TypeHandler (https://orbax.readthedocs.io/en/latest/custom_handlers.html#typehandler) or contact Orbax team to migrate before May 1st, 2024.
WARNING:absl:SaveArgs.aggregate is deprecated, please use custom TypeHandler (https://orbax.readthedocs.io/en/latest/custom_handlers.html#typehandler) or contact Orbax team to migrate before May 1st, 2024.
WARNING:absl:SaveArgs.aggregate is deprecated, please use custom TypeHandler (https://orbax.readthedocs.io/en/latest/custom_handlers.html#typehandler) or contact Orbax team to migrate before May 1st, 2024.
WARNING:absl:SaveArgs.aggregate is deprecated, please use custom TypeHandler (https://orbax.readthedocs.io/en/latest/custom_handlers.html#typehandler) or contact Orbax team to migrate before May 1st, 2024.
WARNING:absl:SaveArgs.aggregate is deprecated, please use custom TypeHandler (https://orbax.readthedocs.io/en/latest/custom_handlers.html#typehandler) or contact Orbax team to migrate before May 1st, 2024.
WARNING:absl:SaveArgs.aggregate is deprecated, please use custom TypeHandler (https://orbax.readthedocs.io/en/latest/custom_handlers.html#typehandler) or contact Orbax team to migrate before May 1st, 2024.
WARNING:absl:SaveArgs.aggregate is deprecated, please use custom TypeHandler (https://orbax.readthedocs.io/en/latest/custom_handlers.html#typehandler) or contact Orbax team to migrate before May 1st, 2024.
WARNING:absl:SaveArgs.aggregate is deprecated, please use custom TypeHandler (https://orbax.readthedocs.io/en/latest/custom_handlers.html#typehandler) or contact Orbax team to migrate before May 1st, 2024.
WARNING:absl:SaveArgs.aggregate is deprecated, please use custom TypeHandler (https://orbax.readthedocs.io/en/latest/custom_handlers.html#typehandler) or contact Orbax team to migrate before May 1st, 2024.
WARNING:absl:SaveArgs.aggregate is deprecated, please use custom TypeHandler (https://orbax.readthedocs.io/en/latest/custom_handlers.html#typehandler) or contact Orbax team to migrate before May 1st, 2024.
WARNING:absl:SaveArgs.aggregate is deprecated, please use custom TypeHandler (https://orbax.readthedocs.io/en/latest/custom_handlers.html#typehandler) or contact Orbax team to migrate before May 1st, 2024.
WARNING:absl:SaveArgs.aggregate is deprecated, please use custom TypeHandler (https://orbax.readthedocs.io/en/latest/custom_handlers.html#typehandler) or contact Orbax team to migrate before May 1st, 2024.
WARNING:absl:SaveArgs.aggregate is deprecated, please use custom TypeHandler (https://orbax.readthedocs.io/en/latest/custom_handlers.html#typehandler) or contact Orbax team to migrate before May 1st, 2024.
WARNING:absl:SaveArgs.aggregate is deprecated, please use custom TypeHandler (https://orbax.readthedocs.io/en/latest/custom_handlers.html#typehandler) or contact Orbax team to migrate before May 1st, 2024.
WARNING:absl:SaveArgs.aggregate is deprecated, please use custom TypeHandler (https://orbax.readthedocs.io/en/latest/custom_handlers.html#typehandler) or contact Orbax team to migrate before May 1st, 2024.
WARNING:absl:SaveArgs.aggregate is deprecated, please use custom TypeHandler (https://orbax.readthedocs.io/en/latest/custom_handlers.html#typehandler) or contact Orbax team to migrate before May 1st, 2024.
WARNING:absl:SaveArgs.aggregate is deprecated, please use custom TypeHandler (https://orbax.readthedocs.io/en/latest/custom_handlers.html#typehandler) or contact Orbax team to migrate before May 1st, 2024.
 total params: 1.54K
[exp1] fork state saved at interaction_step 100 in 0.1 s
/Users/shouryakaveti/VS_Projects/sparse-ppo-drl-research/.venv/lib/python3.12/site-packages/orbax/checkpoint/type_handlers.py:1475: UserWarning: Couldn't find sharding info under RestoreArgs. Populating sharding info from sharding file. Please note restoration time will be slightly increased due to reading from file instead of directly from RestoreArgs.
  warnings.warn(
 total params: 1.54K
[exp1] restored interaction_step 100 from /var/folders/ms/h3zjmq652jvg08wcslr2z3t80000gn/T/tmpy_kbfpfs/bad_restore_dq_da/fork/state/step_000000100_f8b91fb4 in 0.1 s
[control] post-fork evaluation 0: 0.2 s for 1 episodes
[control] post-fork evaluation 1: 0.0 s for 1 episodes
[control] post-fork evaluation 2: 0.0 s for 1 episodes
[control] post-fork evaluation 3: 0.0 s for 1 episodes
[control] post-fork evaluation 4: 0.0 s for 1 episodes
[control] post-fork evaluation 5: 0.0 s for 1 episodes
[control] post-fork evaluation 6: 0.0 s for 1 episodes
[control] post-fork evaluation 7: 0.0 s for 1 episodes
[control] post-fork evaluation 8: 0.0 s for 1 episodes
[control] post-fork evaluation 9: 0.0 s for 1 episodes
[control] post-fork evaluation 10: 0.0 s for 1 episodes
[control] post-fork evaluation 11: 0.0 s for 1 episodes
[control] post-fork evaluation 12: 0.0 s for 1 episodes
WARNING:absl:SaveArgs.aggregate is deprecated, please use custom TypeHandler (https://orbax.readthedocs.io/en/latest/custom_handlers.html#typehandler) or contact Orbax team to migrate before May 1st, 2024.
WARNING:absl:SaveArgs.aggregate is deprecated, please use custom TypeHandler (https://orbax.readthedocs.io/en/latest/custom_handlers.html#typehandler) or contact Orbax team to migrate before May 1st, 2024.
WARNING:absl:SaveArgs.aggregate is deprecated, please use custom TypeHandler (https://orbax.readthedocs.io/en/latest/custom_handlers.html#typehandler) or contact Orbax team to migrate before May 1st, 2024.
WARNING:absl:SaveArgs.aggregate is deprecated, please use custom TypeHandler (https://orbax.readthedocs.io/en/latest/custom_handlers.html#typehandler) or contact Orbax team to migrate before May 1st, 2024.
WARNING:absl:SaveArgs.aggregate is deprecated, please use custom TypeHandler (https://orbax.readthedocs.io/en/latest/custom_handlers.html#typehandler) or contact Orbax team to migrate before May 1st, 2024.
WARNING:absl:SaveArgs.aggregate is deprecated, please use custom TypeHandler (https://orbax.readthedocs.io/en/latest/custom_handlers.html#typehandler) or contact Orbax team to migrate before May 1st, 2024.
WARNING:absl:SaveArgs.aggregate is deprecated, please use custom TypeHandler (https://orbax.readthedocs.io/en/latest/custom_handlers.html#typehandler) or contact Orbax team to migrate before May 1st, 2024.
WARNING:absl:SaveArgs.aggregate is deprecated, please use custom TypeHandler (https://orbax.readthedocs.io/en/latest/custom_handlers.html#typehandler) or contact Orbax team to migrate before May 1st, 2024.
WARNING:absl:SaveArgs.aggregate is deprecated, please use custom TypeHandler (https://orbax.readthedocs.io/en/latest/custom_handlers.html#typehandler) or contact Orbax team to migrate before May 1st, 2024.
WARNING:absl:SaveArgs.aggregate is deprecated, please use custom TypeHandler (https://orbax.readthedocs.io/en/latest/custom_handlers.html#typehandler) or contact Orbax team to migrate before May 1st, 2024.
WARNING:absl:SaveArgs.aggregate is deprecated, please use custom TypeHandler (https://orbax.readthedocs.io/en/latest/custom_handlers.html#typehandler) or contact Orbax team to migrate before May 1st, 2024.
[control] post-fork evaluation 13: 0.0 s for 1 episodes
[control] post-fork evaluation 14: 0.0 s for 1 episodes
[control] post-fork evaluation 15: 0.0 s for 1 episodes
[control] post-fork evaluation 16: 0.0 s for 1 episodes
[control] post-fork evaluation 17: 0.0 s for 1 episodes
[control] post-fork evaluation 18: 0.0 s for 1 episodes
[control] post-fork evaluation 19: 0.0 s for 1 episodes
[control] post-fork evaluation 20: 0.0 s for 1 episodes
[control] post-fork evaluation 21: 0.0 s for 1 episodes
[control] post-fork evaluation 22: 0.0 s for 1 episodes
[control] post-fork evaluation 23: 0.0 s for 1 episodes
[control] post-fork evaluation 24: 0.0 s for 1 episodes
[control] post-fork evaluation 25: 0.0 s for 1 episodes
WARNING:absl:SaveArgs.aggregate is deprecated, please use custom TypeHandler (https://orbax.readthedocs.io/en/latest/custom_handlers.html#typehandler) or contact Orbax team to migrate before May 1st, 2024.
WARNING:absl:SaveArgs.aggregate is deprecated, please use custom TypeHandler (https://orbax.readthedocs.io/en/latest/custom_handlers.html#typehandler) or contact Orbax team to migrate before May 1st, 2024.
WARNING:absl:SaveArgs.aggregate is deprecated, please use custom TypeHandler (https://orbax.readthedocs.io/en/latest/custom_handlers.html#typehandler) or contact Orbax team to migrate before May 1st, 2024.
WARNING:absl:SaveArgs.aggregate is deprecated, please use custom TypeHandler (https://orbax.readthedocs.io/en/latest/custom_handlers.html#typehandler) or contact Orbax team to migrate before May 1st, 2024.
WARNING:absl:SaveArgs.aggregate is deprecated, please use custom TypeHandler (https://orbax.readthedocs.io/en/latest/custom_handlers.html#typehandler) or contact Orbax team to migrate before May 1st, 2024.
WARNING:absl:SaveArgs.aggregate is deprecated, please use custom TypeHandler (https://orbax.readthedocs.io/en/latest/custom_handlers.html#typehandler) or contact Orbax team to migrate before May 1st, 2024.
WARNING:absl:SaveArgs.aggregate is deprecated, please use custom TypeHandler (https://orbax.readthedocs.io/en/latest/custom_handlers.html#typehandler) or contact Orbax team to migrate before May 1st, 2024.
WARNING:absl:SaveArgs.aggregate is deprecated, please use custom TypeHandler (https://orbax.readthedocs.io/en/latest/custom_handlers.html#typehandler) or contact Orbax team to migrate before May 1st, 2024.
WARNING:absl:SaveArgs.aggregate is deprecated, please use custom TypeHandler (https://orbax.readthedocs.io/en/latest/custom_handlers.html#typehandler) or contact Orbax team to migrate before May 1st, 2024.
WARNING:absl:SaveArgs.aggregate is deprecated, please use custom TypeHandler (https://orbax.readthedocs.io/en/latest/custom_handlers.html#typehandler) or contact Orbax team to migrate before May 1st, 2024.
WARNING:absl:SaveArgs.aggregate is deprecated, please use custom TypeHandler (https://orbax.readthedocs.io/en/latest/custom_handlers.html#typehandler) or contact Orbax team to migrate before May 1st, 2024.
WARNING:absl:SaveArgs.aggregate is deprecated, please use custom TypeHandler (https://orbax.readthedocs.io/en/latest/custom_handlers.html#typehandler) or contact Orbax team to migrate before May 1st, 2024.
WARNING:absl:SaveArgs.aggregate is deprecated, please use custom TypeHandler (https://orbax.readthedocs.io/en/latest/custom_handlers.html#typehandler) or contact Orbax team to migrate before May 1st, 2024.
WARNING:absl:SaveArgs.aggregate is deprecated, please use custom TypeHandler (https://orbax.readthedocs.io/en/latest/custom_handlers.html#typehandler) or contact Orbax team to migrate before May 1st, 2024.
WARNING:absl:SaveArgs.aggregate is deprecated, please use custom TypeHandler (https://orbax.readthedocs.io/en/latest/custom_handlers.html#typehandler) or contact Orbax team to migrate before May 1st, 2024.
WARNING:absl:SaveArgs.aggregate is deprecated, please use custom TypeHandler (https://orbax.readthedocs.io/en/latest/custom_handlers.html#typehandler) or contact Orbax team to migrate before May 1st, 2024.
WARNING:absl:SaveArgs.aggregate is deprecated, please use custom TypeHandler (https://orbax.readthedocs.io/en/latest/custom_handlers.html#typehandler) or contact Orbax team to migrate before May 1st, 2024.
WARNING:absl:SaveArgs.aggregate is deprecated, please use custom TypeHandler (https://orbax.readthedocs.io/en/latest/custom_handlers.html#typehandler) or contact Orbax team to migrate before May 1st, 2024.
WARNING:absl:SaveArgs.aggregate is deprecated, please use custom TypeHandler (https://orbax.readthedocs.io/en/latest/custom_handlers.html#typehandler) or contact Orbax team to migrate before May 1st, 2024.
WARNING:absl:SaveArgs.aggregate is deprecated, please use custom TypeHandler (https://orbax.readthedocs.io/en/latest/custom_handlers.html#typehandler) or contact Orbax team to migrate before May 1st, 2024.
WARNING:absl:SaveArgs.aggregate is deprecated, please use custom TypeHandler (https://orbax.readthedocs.io/en/latest/custom_handlers.html#typehandler) or contact Orbax team to migrate before May 1st, 2024.
WARNING:absl:SaveArgs.aggregate is deprecated, please use custom TypeHandler (https://orbax.readthedocs.io/en/latest/custom_handlers.html#typehandler) or contact Orbax team to migrate before May 1st, 2024.
 total params: 1.54K
[exp1] fork state saved at interaction_step 100 in 0.1 s
/Users/shouryakaveti/VS_Projects/sparse-ppo-drl-research/.venv/lib/python3.12/site-packages/orbax/checkpoint/type_handlers.py:1475: UserWarning: Couldn't find sharding info under RestoreArgs. Populating sharding info from sharding file. Please note restoration time will be slightly increased due to reading from file instead of directly from RestoreArgs.
  warnings.warn(
 total params: 1.54K
[exp1] restored interaction_step 100 from /var/folders/ms/h3zjmq652jvg08wcslr2z3t80000gn/T/tmp6p8o5_km/run/fork/state/step_000000100_9172e8d1 in 0.1 s
[control] post-fork evaluation 0: 0.2 s for 1 episodes
[control] post-fork evaluation 1: 0.0 s for 1 episodes
[control] post-fork evaluation 2: 0.0 s for 1 episodes
[control] post-fork evaluation 3: 0.0 s for 1 episodes
[control] post-fork evaluation 4: 0.0 s for 1 episodes
[control] post-fork evaluation 5: 0.0 s for 1 episodes
[control] post-fork evaluation 6: 0.0 s for 1 episodes
[control] post-fork evaluation 7: 0.0 s for 1 episodes
[control] post-fork evaluation 8: 0.0 s for 1 episodes
[control] post-fork evaluation 9: 0.0 s for 1 episodes
[control] post-fork evaluation 10: 0.0 s for 1 episodes
[control] post-fork evaluation 11: 0.0 s for 1 episodes
[control] post-fork evaluation 12: 0.0 s for 1 episodes
WARNING:absl:SaveArgs.aggregate is deprecated, please use custom TypeHandler (https://orbax.readthedocs.io/en/latest/custom_handlers.html#typehandler) or contact Orbax team to migrate before May 1st, 2024.
WARNING:absl:SaveArgs.aggregate is deprecated, please use custom TypeHandler (https://orbax.readthedocs.io/en/latest/custom_handlers.html#typehandler) or contact Orbax team to migrate before May 1st, 2024.
WARNING:absl:SaveArgs.aggregate is deprecated, please use custom TypeHandler (https://orbax.readthedocs.io/en/latest/custom_handlers.html#typehandler) or contact Orbax team to migrate before May 1st, 2024.
WARNING:absl:SaveArgs.aggregate is deprecated, please use custom TypeHandler (https://orbax.readthedocs.io/en/latest/custom_handlers.html#typehandler) or contact Orbax team to migrate before May 1st, 2024.
WARNING:absl:SaveArgs.aggregate is deprecated, please use custom TypeHandler (https://orbax.readthedocs.io/en/latest/custom_handlers.html#typehandler) or contact Orbax team to migrate before May 1st, 2024.
WARNING:absl:SaveArgs.aggregate is deprecated, please use custom TypeHandler (https://orbax.readthedocs.io/en/latest/custom_handlers.html#typehandler) or contact Orbax team to migrate before May 1st, 2024.
WARNING:absl:SaveArgs.aggregate is deprecated, please use custom TypeHandler (https://orbax.readthedocs.io/en/latest/custom_handlers.html#typehandler) or contact Orbax team to migrate before May 1st, 2024.
WARNING:absl:SaveArgs.aggregate is deprecated, please use custom TypeHandler (https://orbax.readthedocs.io/en/latest/custom_handlers.html#typehandler) or contact Orbax team to migrate before May 1st, 2024.
WARNING:absl:SaveArgs.aggregate is deprecated, please use custom TypeHandler (https://orbax.readthedocs.io/en/latest/custom_handlers.html#typehandler) or contact Orbax team to migrate before May 1st, 2024.
WARNING:absl:SaveArgs.aggregate is deprecated, please use custom TypeHandler (https://orbax.readthedocs.io/en/latest/custom_handlers.html#typehandler) or contact Orbax team to migrate before May 1st, 2024.
WARNING:absl:SaveArgs.aggregate is deprecated, please use custom TypeHandler (https://orbax.readthedocs.io/en/latest/custom_handlers.html#typehandler) or contact Orbax team to migrate before May 1st, 2024.
[control] post-fork evaluation 13: 0.0 s for 1 episodes
[control] post-fork evaluation 14: 0.0 s for 1 episodes
[control] post-fork evaluation 15: 0.0 s for 1 episodes
[control] post-fork evaluation 16: 0.0 s for 1 episodes
[control] post-fork evaluation 17: 0.0 s for 1 episodes
[control] post-fork evaluation 18: 0.0 s for 1 episodes
[control] post-fork evaluation 19: 0.0 s for 1 episodes
[control] post-fork evaluation 20: 0.0 s for 1 episodes
[control] post-fork evaluation 21: 0.0 s for 1 episodes
[control] post-fork evaluation 22: 0.0 s for 1 episodes
[control] post-fork evaluation 23: 0.0 s for 1 episodes
[control] post-fork evaluation 24: 0.0 s for 1 episodes
[control] post-fork evaluation 25: 0.0 s for 1 episodes
WARNING:absl:SaveArgs.aggregate is deprecated, please use custom TypeHandler (https://orbax.readthedocs.io/en/latest/custom_handlers.html#typehandler) or contact Orbax team to migrate before May 1st, 2024.
WARNING:absl:SaveArgs.aggregate is deprecated, please use custom TypeHandler (https://orbax.readthedocs.io/en/latest/custom_handlers.html#typehandler) or contact Orbax team to migrate before May 1st, 2024.
WARNING:absl:SaveArgs.aggregate is deprecated, please use custom TypeHandler (https://orbax.readthedocs.io/en/latest/custom_handlers.html#typehandler) or contact Orbax team to migrate before May 1st, 2024.
WARNING:absl:SaveArgs.aggregate is deprecated, please use custom TypeHandler (https://orbax.readthedocs.io/en/latest/custom_handlers.html#typehandler) or contact Orbax team to migrate before May 1st, 2024.
WARNING:absl:SaveArgs.aggregate is deprecated, please use custom TypeHandler (https://orbax.readthedocs.io/en/latest/custom_handlers.html#typehandler) or contact Orbax team to migrate before May 1st, 2024.
WARNING:absl:SaveArgs.aggregate is deprecated, please use custom TypeHandler (https://orbax.readthedocs.io/en/latest/custom_handlers.html#typehandler) or contact Orbax team to migrate before May 1st, 2024.
WARNING:absl:SaveArgs.aggregate is deprecated, please use custom TypeHandler (https://orbax.readthedocs.io/en/latest/custom_handlers.html#typehandler) or contact Orbax team to migrate before May 1st, 2024.
WARNING:absl:SaveArgs.aggregate is deprecated, please use custom TypeHandler (https://orbax.readthedocs.io/en/latest/custom_handlers.html#typehandler) or contact Orbax team to migrate before May 1st, 2024.
WARNING:absl:SaveArgs.aggregate is deprecated, please use custom TypeHandler (https://orbax.readthedocs.io/en/latest/custom_handlers.html#typehandler) or contact Orbax team to migrate before May 1st, 2024.
WARNING:absl:SaveArgs.aggregate is deprecated, please use custom TypeHandler (https://orbax.readthedocs.io/en/latest/custom_handlers.html#typehandler) or contact Orbax team to migrate before May 1st, 2024.
WARNING:absl:SaveArgs.aggregate is deprecated, please use custom TypeHandler (https://orbax.readthedocs.io/en/latest/custom_handlers.html#typehandler) or contact Orbax team to migrate before May 1st, 2024.
/Users/shouryakaveti/VS_Projects/sparse-ppo-drl-research/.venv/lib/python3.12/site-packages/orbax/checkpoint/type_handlers.py:1475: UserWarning: Couldn't find sharding info under RestoreArgs. Populating sharding info from sharding file. Please note restoration time will be slightly increased due to reading from file instead of directly from RestoreArgs.
  warnings.warn(
 total params: 1.54K
[exp2_arm] fork state restored in 0.1 s
[identity] post-fork evaluation 0: 0.2 s for 1 episodes
WARNING:absl:SaveArgs.aggregate is deprecated, please use custom TypeHandler (https://orbax.readthedocs.io/en/latest/custom_handlers.html#typehandler) or contact Orbax team to migrate before May 1st, 2024.
WARNING:absl:SaveArgs.aggregate is deprecated, please use custom TypeHandler (https://orbax.readthedocs.io/en/latest/custom_handlers.html#typehandler) or contact Orbax team to migrate before May 1st, 2024.
WARNING:absl:SaveArgs.aggregate is deprecated, please use custom TypeHandler (https://orbax.readthedocs.io/en/latest/custom_handlers.html#typehandler) or contact Orbax team to migrate before May 1st, 2024.
WARNING:absl:SaveArgs.aggregate is deprecated, please use custom TypeHandler (https://orbax.readthedocs.io/en/latest/custom_handlers.html#typehandler) or contact Orbax team to migrate before May 1st, 2024.
WARNING:absl:SaveArgs.aggregate is deprecated, please use custom TypeHandler (https://orbax.readthedocs.io/en/latest/custom_handlers.html#typehandler) or contact Orbax team to migrate before May 1st, 2024.
WARNING:absl:SaveArgs.aggregate is deprecated, please use custom TypeHandler (https://orbax.readthedocs.io/en/latest/custom_handlers.html#typehandler) or contact Orbax team to migrate before May 1st, 2024.
WARNING:absl:SaveArgs.aggregate is deprecated, please use custom TypeHandler (https://orbax.readthedocs.io/en/latest/custom_handlers.html#typehandler) or contact Orbax team to migrate before May 1st, 2024.
WARNING:absl:SaveArgs.aggregate is deprecated, please use custom TypeHandler (https://orbax.readthedocs.io/en/latest/custom_handlers.html#typehandler) or contact Orbax team to migrate before May 1st, 2024.
WARNING:absl:SaveArgs.aggregate is deprecated, please use custom TypeHandler (https://orbax.readthedocs.io/en/latest/custom_handlers.html#typehandler) or contact Orbax team to migrate before May 1st, 2024.
WARNING:absl:SaveArgs.aggregate is deprecated, please use custom TypeHandler (https://orbax.readthedocs.io/en/latest/custom_handlers.html#typehandler) or contact Orbax team to migrate before May 1st, 2024.
WARNING:absl:SaveArgs.aggregate is deprecated, please use custom TypeHandler (https://orbax.readthedocs.io/en/latest/custom_handlers.html#typehandler) or contact Orbax team to migrate before May 1st, 2024.
[identity] post-fork evaluation 1: 0.0 s for 1 episodes
[identity] post-fork evaluation 2: 0.0 s for 1 episodes
[identity] post-fork evaluation 3: 0.0 s for 1 episodes
[identity] post-fork evaluation 4: 0.0 s for 1 episodes
[identity] post-fork evaluation 5: 0.0 s for 1 episodes
[identity] post-fork evaluation 6: 0.0 s for 1 episodes
[identity] post-fork evaluation 7: 0.0 s for 1 episodes
[identity] post-fork evaluation 8: 0.0 s for 1 episodes
[identity] post-fork evaluation 9: 0.0 s for 1 episodes
[identity] post-fork evaluation 10: 0.0 s for 1 episodes
[identity] post-fork evaluation 11: 0.0 s for 1 episodes
[identity] post-fork evaluation 12: 0.0 s for 1 episodes
WARNING:absl:SaveArgs.aggregate is deprecated, please use custom TypeHandler (https://orbax.readthedocs.io/en/latest/custom_handlers.html#typehandler) or contact Orbax team to migrate before May 1st, 2024.
WARNING:absl:SaveArgs.aggregate is deprecated, please use custom TypeHandler (https://orbax.readthedocs.io/en/latest/custom_handlers.html#typehandler) or contact Orbax team to migrate before May 1st, 2024.
WARNING:absl:SaveArgs.aggregate is deprecated, please use custom TypeHandler (https://orbax.readthedocs.io/en/latest/custom_handlers.html#typehandler) or contact Orbax team to migrate before May 1st, 2024.
WARNING:absl:SaveArgs.aggregate is deprecated, please use custom TypeHandler (https://orbax.readthedocs.io/en/latest/custom_handlers.html#typehandler) or contact Orbax team to migrate before May 1st, 2024.
WARNING:absl:SaveArgs.aggregate is deprecated, please use custom TypeHandler (https://orbax.readthedocs.io/en/latest/custom_handlers.html#typehandler) or contact Orbax team to migrate before May 1st, 2024.
WARNING:absl:SaveArgs.aggregate is deprecated, please use custom TypeHandler (https://orbax.readthedocs.io/en/latest/custom_handlers.html#typehandler) or contact Orbax team to migrate before May 1st, 2024.
WARNING:absl:SaveArgs.aggregate is deprecated, please use custom TypeHandler (https://orbax.readthedocs.io/en/latest/custom_handlers.html#typehandler) or contact Orbax team to migrate before May 1st, 2024.
WARNING:absl:SaveArgs.aggregate is deprecated, please use custom TypeHandler (https://orbax.readthedocs.io/en/latest/custom_handlers.html#typehandler) or contact Orbax team to migrate before May 1st, 2024.
WARNING:absl:SaveArgs.aggregate is deprecated, please use custom TypeHandler (https://orbax.readthedocs.io/en/latest/custom_handlers.html#typehandler) or contact Orbax team to migrate before May 1st, 2024.
WARNING:absl:SaveArgs.aggregate is deprecated, please use custom TypeHandler (https://orbax.readthedocs.io/en/latest/custom_handlers.html#typehandler) or contact Orbax team to migrate before May 1st, 2024.
WARNING:absl:SaveArgs.aggregate is deprecated, please use custom TypeHandler (https://orbax.readthedocs.io/en/latest/custom_handlers.html#typehandler) or contact Orbax team to migrate before May 1st, 2024.
[identity] post-fork evaluation 13: 0.0 s for 1 episodes
[identity] post-fork evaluation 14: 0.0 s for 1 episodes
[identity] post-fork evaluation 15: 0.0 s for 1 episodes
[identity] post-fork evaluation 16: 0.0 s for 1 episodes
[identity] post-fork evaluation 17: 0.0 s for 1 episodes
[identity] post-fork evaluation 18: 0.0 s for 1 episodes
[identity] post-fork evaluation 19: 0.0 s for 1 episodes
[identity] post-fork evaluation 20: 0.0 s for 1 episodes
[identity] post-fork evaluation 21: 0.0 s for 1 episodes
[identity] post-fork evaluation 22: 0.0 s for 1 episodes
[identity] post-fork evaluation 23: 0.0 s for 1 episodes
[identity] post-fork evaluation 24: 0.0 s for 1 episodes
[identity] post-fork evaluation 25: 0.0 s for 1 episodes
WARNING:absl:SaveArgs.aggregate is deprecated, please use custom TypeHandler (https://orbax.readthedocs.io/en/latest/custom_handlers.html#typehandler) or contact Orbax team to migrate before May 1st, 2024.
WARNING:absl:SaveArgs.aggregate is deprecated, please use custom TypeHandler (https://orbax.readthedocs.io/en/latest/custom_handlers.html#typehandler) or contact Orbax team to migrate before May 1st, 2024.
WARNING:absl:SaveArgs.aggregate is deprecated, please use custom TypeHandler (https://orbax.readthedocs.io/en/latest/custom_handlers.html#typehandler) or contact Orbax team to migrate before May 1st, 2024.
WARNING:absl:SaveArgs.aggregate is deprecated, please use custom TypeHandler (https://orbax.readthedocs.io/en/latest/custom_handlers.html#typehandler) or contact Orbax team to migrate before May 1st, 2024.
WARNING:absl:SaveArgs.aggregate is deprecated, please use custom TypeHandler (https://orbax.readthedocs.io/en/latest/custom_handlers.html#typehandler) or contact Orbax team to migrate before May 1st, 2024.
WARNING:absl:SaveArgs.aggregate is deprecated, please use custom TypeHandler (https://orbax.readthedocs.io/en/latest/custom_handlers.html#typehandler) or contact Orbax team to migrate before May 1st, 2024.
WARNING:absl:SaveArgs.aggregate is deprecated, please use custom TypeHandler (https://orbax.readthedocs.io/en/latest/custom_handlers.html#typehandler) or contact Orbax team to migrate before May 1st, 2024.
WARNING:absl:SaveArgs.aggregate is deprecated, please use custom TypeHandler (https://orbax.readthedocs.io/en/latest/custom_handlers.html#typehandler) or contact Orbax team to migrate before May 1st, 2024.
WARNING:absl:SaveArgs.aggregate is deprecated, please use custom TypeHandler (https://orbax.readthedocs.io/en/latest/custom_handlers.html#typehandler) or contact Orbax team to migrate before May 1st, 2024.
WARNING:absl:SaveArgs.aggregate is deprecated, please use custom TypeHandler (https://orbax.readthedocs.io/en/latest/custom_handlers.html#typehandler) or contact Orbax team to migrate before May 1st, 2024.
WARNING:absl:SaveArgs.aggregate is deprecated, please use custom TypeHandler (https://orbax.readthedocs.io/en/latest/custom_handlers.html#typehandler) or contact Orbax team to migrate before May 1st, 2024.
/Users/shouryakaveti/VS_Projects/sparse-ppo-drl-research/.venv/lib/python3.12/site-packages/orbax/checkpoint/type_handlers.py:1475: UserWarning: Couldn't find sharding info under RestoreArgs. Populating sharding info from sharding file. Please note restoration time will be slightly increased due to reading from file instead of directly from RestoreArgs.
  warnings.warn(
 total params: 1.54K
[exp2_arm] fork state restored in 0.1 s
[injected] post-fork evaluation 0: 0.2 s for 1 episodes
WARNING:absl:SaveArgs.aggregate is deprecated, please use custom TypeHandler (https://orbax.readthedocs.io/en/latest/custom_handlers.html#typehandler) or contact Orbax team to migrate before May 1st, 2024.
WARNING:absl:SaveArgs.aggregate is deprecated, please use custom TypeHandler (https://orbax.readthedocs.io/en/latest/custom_handlers.html#typehandler) or contact Orbax team to migrate before May 1st, 2024.
WARNING:absl:SaveArgs.aggregate is deprecated, please use custom TypeHandler (https://orbax.readthedocs.io/en/latest/custom_handlers.html#typehandler) or contact Orbax team to migrate before May 1st, 2024.
WARNING:absl:SaveArgs.aggregate is deprecated, please use custom TypeHandler (https://orbax.readthedocs.io/en/latest/custom_handlers.html#typehandler) or contact Orbax team to migrate before May 1st, 2024.
WARNING:absl:SaveArgs.aggregate is deprecated, please use custom TypeHandler (https://orbax.readthedocs.io/en/latest/custom_handlers.html#typehandler) or contact Orbax team to migrate before May 1st, 2024.
WARNING:absl:SaveArgs.aggregate is deprecated, please use custom TypeHandler (https://orbax.readthedocs.io/en/latest/custom_handlers.html#typehandler) or contact Orbax team to migrate before May 1st, 2024.
WARNING:absl:SaveArgs.aggregate is deprecated, please use custom TypeHandler (https://orbax.readthedocs.io/en/latest/custom_handlers.html#typehandler) or contact Orbax team to migrate before May 1st, 2024.
WARNING:absl:SaveArgs.aggregate is deprecated, please use custom TypeHandler (https://orbax.readthedocs.io/en/latest/custom_handlers.html#typehandler) or contact Orbax team to migrate before May 1st, 2024.
WARNING:absl:SaveArgs.aggregate is deprecated, please use custom TypeHandler (https://orbax.readthedocs.io/en/latest/custom_handlers.html#typehandler) or contact Orbax team to migrate before May 1st, 2024.
WARNING:absl:SaveArgs.aggregate is deprecated, please use custom TypeHandler (https://orbax.readthedocs.io/en/latest/custom_handlers.html#typehandler) or contact Orbax team to migrate before May 1st, 2024.
WARNING:absl:SaveArgs.aggregate is deprecated, please use custom TypeHandler (https://orbax.readthedocs.io/en/latest/custom_handlers.html#typehandler) or contact Orbax team to migrate before May 1st, 2024.
WARNING:absl:SaveArgs.aggregate is deprecated, please use custom TypeHandler (https://orbax.readthedocs.io/en/latest/custom_handlers.html#typehandler) or contact Orbax team to migrate before May 1st, 2024.
WARNING:absl:SaveArgs.aggregate is deprecated, please use custom TypeHandler (https://orbax.readthedocs.io/en/latest/custom_handlers.html#typehandler) or contact Orbax team to migrate before May 1st, 2024.
[injected] post-fork evaluation 1: 0.0 s for 1 episodes
[injected] post-fork evaluation 2: 0.0 s for 1 episodes
[injected] post-fork evaluation 3: 0.0 s for 1 episodes
[injected] post-fork evaluation 4: 0.0 s for 1 episodes
[injected] post-fork evaluation 5: 0.0 s for 1 episodes
[injected] post-fork evaluation 6: 0.0 s for 1 episodes
[injected] post-fork evaluation 7: 0.0 s for 1 episodes
[injected] post-fork evaluation 8: 0.0 s for 1 episodes
[injected] post-fork evaluation 9: 0.0 s for 1 episodes
[injected] post-fork evaluation 10: 0.0 s for 1 episodes
[injected] post-fork evaluation 11: 0.0 s for 1 episodes
[injected] post-fork evaluation 12: 0.0 s for 1 episodes
WARNING:absl:SaveArgs.aggregate is deprecated, please use custom TypeHandler (https://orbax.readthedocs.io/en/latest/custom_handlers.html#typehandler) or contact Orbax team to migrate before May 1st, 2024.
WARNING:absl:SaveArgs.aggregate is deprecated, please use custom TypeHandler (https://orbax.readthedocs.io/en/latest/custom_handlers.html#typehandler) or contact Orbax team to migrate before May 1st, 2024.
WARNING:absl:SaveArgs.aggregate is deprecated, please use custom TypeHandler (https://orbax.readthedocs.io/en/latest/custom_handlers.html#typehandler) or contact Orbax team to migrate before May 1st, 2024.
WARNING:absl:SaveArgs.aggregate is deprecated, please use custom TypeHandler (https://orbax.readthedocs.io/en/latest/custom_handlers.html#typehandler) or contact Orbax team to migrate before May 1st, 2024.
WARNING:absl:SaveArgs.aggregate is deprecated, please use custom TypeHandler (https://orbax.readthedocs.io/en/latest/custom_handlers.html#typehandler) or contact Orbax team to migrate before May 1st, 2024.
WARNING:absl:SaveArgs.aggregate is deprecated, please use custom TypeHandler (https://orbax.readthedocs.io/en/latest/custom_handlers.html#typehandler) or contact Orbax team to migrate before May 1st, 2024.
WARNING:absl:SaveArgs.aggregate is deprecated, please use custom TypeHandler (https://orbax.readthedocs.io/en/latest/custom_handlers.html#typehandler) or contact Orbax team to migrate before May 1st, 2024.
WARNING:absl:SaveArgs.aggregate is deprecated, please use custom TypeHandler (https://orbax.readthedocs.io/en/latest/custom_handlers.html#typehandler) or contact Orbax team to migrate before May 1st, 2024.
WARNING:absl:SaveArgs.aggregate is deprecated, please use custom TypeHandler (https://orbax.readthedocs.io/en/latest/custom_handlers.html#typehandler) or contact Orbax team to migrate before May 1st, 2024.
WARNING:absl:SaveArgs.aggregate is deprecated, please use custom TypeHandler (https://orbax.readthedocs.io/en/latest/custom_handlers.html#typehandler) or contact Orbax team to migrate before May 1st, 2024.
WARNING:absl:SaveArgs.aggregate is deprecated, please use custom TypeHandler (https://orbax.readthedocs.io/en/latest/custom_handlers.html#typehandler) or contact Orbax team to migrate before May 1st, 2024.
WARNING:absl:SaveArgs.aggregate is deprecated, please use custom TypeHandler (https://orbax.readthedocs.io/en/latest/custom_handlers.html#typehandler) or contact Orbax team to migrate before May 1st, 2024.
WARNING:absl:SaveArgs.aggregate is deprecated, please use custom TypeHandler (https://orbax.readthedocs.io/en/latest/custom_handlers.html#typehandler) or contact Orbax team to migrate before May 1st, 2024.
[injected] post-fork evaluation 13: 0.0 s for 1 episodes
[injected] post-fork evaluation 14: 0.0 s for 1 episodes
[injected] post-fork evaluation 15: 0.0 s for 1 episodes
[injected] post-fork evaluation 16: 0.0 s for 1 episodes
[injected] post-fork evaluation 17: 0.0 s for 1 episodes
[injected] post-fork evaluation 18: 0.0 s for 1 episodes
[injected] post-fork evaluation 19: 0.0 s for 1 episodes
[injected] post-fork evaluation 20: 0.0 s for 1 episodes
[injected] post-fork evaluation 21: 0.0 s for 1 episodes
[injected] post-fork evaluation 22: 0.0 s for 1 episodes
[injected] post-fork evaluation 23: 0.0 s for 1 episodes
[injected] post-fork evaluation 24: 0.0 s for 1 episodes
[injected] post-fork evaluation 25: 0.0 s for 1 episodes
WARNING:absl:SaveArgs.aggregate is deprecated, please use custom TypeHandler (https://orbax.readthedocs.io/en/latest/custom_handlers.html#typehandler) or contact Orbax team to migrate before May 1st, 2024.
WARNING:absl:SaveArgs.aggregate is deprecated, please use custom TypeHandler (https://orbax.readthedocs.io/en/latest/custom_handlers.html#typehandler) or contact Orbax team to migrate before May 1st, 2024.
WARNING:absl:SaveArgs.aggregate is deprecated, please use custom TypeHandler (https://orbax.readthedocs.io/en/latest/custom_handlers.html#typehandler) or contact Orbax team to migrate before May 1st, 2024.
WARNING:absl:SaveArgs.aggregate is deprecated, please use custom TypeHandler (https://orbax.readthedocs.io/en/latest/custom_handlers.html#typehandler) or contact Orbax team to migrate before May 1st, 2024.
WARNING:absl:SaveArgs.aggregate is deprecated, please use custom TypeHandler (https://orbax.readthedocs.io/en/latest/custom_handlers.html#typehandler) or contact Orbax team to migrate before May 1st, 2024.
WARNING:absl:SaveArgs.aggregate is deprecated, please use custom TypeHandler (https://orbax.readthedocs.io/en/latest/custom_handlers.html#typehandler) or contact Orbax team to migrate before May 1st, 2024.
WARNING:absl:SaveArgs.aggregate is deprecated, please use custom TypeHandler (https://orbax.readthedocs.io/en/latest/custom_handlers.html#typehandler) or contact Orbax team to migrate before May 1st, 2024.
WARNING:absl:SaveArgs.aggregate is deprecated, please use custom TypeHandler (https://orbax.readthedocs.io/en/latest/custom_handlers.html#typehandler) or contact Orbax team to migrate before May 1st, 2024.
WARNING:absl:SaveArgs.aggregate is deprecated, please use custom TypeHandler (https://orbax.readthedocs.io/en/latest/custom_handlers.html#typehandler) or contact Orbax team to migrate before May 1st, 2024.
WARNING:absl:SaveArgs.aggregate is deprecated, please use custom TypeHandler (https://orbax.readthedocs.io/en/latest/custom_handlers.html#typehandler) or contact Orbax team to migrate before May 1st, 2024.
WARNING:absl:SaveArgs.aggregate is deprecated, please use custom TypeHandler (https://orbax.readthedocs.io/en/latest/custom_handlers.html#typehandler) or contact Orbax team to migrate before May 1st, 2024.
WARNING:absl:SaveArgs.aggregate is deprecated, please use custom TypeHandler (https://orbax.readthedocs.io/en/latest/custom_handlers.html#typehandler) or contact Orbax team to migrate before May 1st, 2024.
WARNING:absl:SaveArgs.aggregate is deprecated, please use custom TypeHandler (https://orbax.readthedocs.io/en/latest/custom_handlers.html#typehandler) or contact Orbax team to migrate before May 1st, 2024.
WARNING:absl:SaveArgs.aggregate is deprecated, please use custom TypeHandler (https://orbax.readthedocs.io/en/latest/custom_handlers.html#typehandler) or contact Orbax team to migrate before May 1st, 2024.
WARNING:absl:SaveArgs.aggregate is deprecated, please use custom TypeHandler (https://orbax.readthedocs.io/en/latest/custom_handlers.html#typehandler) or contact Orbax team to migrate before May 1st, 2024.
WARNING:absl:SaveArgs.aggregate is deprecated, please use custom TypeHandler (https://orbax.readthedocs.io/en/latest/custom_handlers.html#typehandler) or contact Orbax team to migrate before May 1st, 2024.
WARNING:absl:SaveArgs.aggregate is deprecated, please use custom TypeHandler (https://orbax.readthedocs.io/en/latest/custom_handlers.html#typehandler) or contact Orbax team to migrate before May 1st, 2024.
WARNING:absl:SaveArgs.aggregate is deprecated, please use custom TypeHandler (https://orbax.readthedocs.io/en/latest/custom_handlers.html#typehandler) or contact Orbax team to migrate before May 1st, 2024.
WARNING:absl:SaveArgs.aggregate is deprecated, please use custom TypeHandler (https://orbax.readthedocs.io/en/latest/custom_handlers.html#typehandler) or contact Orbax team to migrate before May 1st, 2024.
WARNING:absl:SaveArgs.aggregate is deprecated, please use custom TypeHandler (https://orbax.readthedocs.io/en/latest/custom_handlers.html#typehandler) or contact Orbax team to migrate before May 1st, 2024.
WARNING:absl:SaveArgs.aggregate is deprecated, please use custom TypeHandler (https://orbax.readthedocs.io/en/latest/custom_handlers.html#typehandler) or contact Orbax team to migrate before May 1st, 2024.
WARNING:absl:SaveArgs.aggregate is deprecated, please use custom TypeHandler (https://orbax.readthedocs.io/en/latest/custom_handlers.html#typehandler) or contact Orbax team to migrate before May 1st, 2024.
WARNING:absl:SaveArgs.aggregate is deprecated, please use custom TypeHandler (https://orbax.readthedocs.io/en/latest/custom_handlers.html#typehandler) or contact Orbax team to migrate before May 1st, 2024.
WARNING:absl:SaveArgs.aggregate is deprecated, please use custom TypeHandler (https://orbax.readthedocs.io/en/latest/custom_handlers.html#typehandler) or contact Orbax team to migrate before May 1st, 2024.
 total params: 1.54K
[exp1] fork state saved at interaction_step 100 in 0.1 s
/Users/shouryakaveti/VS_Projects/sparse-ppo-drl-research/.venv/lib/python3.12/site-packages/orbax/checkpoint/type_handlers.py:1475: UserWarning: Couldn't find sharding info under RestoreArgs. Populating sharding info from sharding file. Please note restoration time will be slightly increased due to reading from file instead of directly from RestoreArgs.
  warnings.warn(
 total params: 1.54K
[exp1] restored interaction_step 100 from /var/folders/ms/h3zjmq652jvg08wcslr2z3t80000gn/T/tmp6p8o5_km/bad_restore_q/fork/state/step_000000100_49eaaa6c in 0.1 s
WARNING:absl:SaveArgs.aggregate is deprecated, please use custom TypeHandler (https://orbax.readthedocs.io/en/latest/custom_handlers.html#typehandler) or contact Orbax team to migrate before May 1st, 2024.
WARNING:absl:SaveArgs.aggregate is deprecated, please use custom TypeHandler (https://orbax.readthedocs.io/en/latest/custom_handlers.html#typehandler) or contact Orbax team to migrate before May 1st, 2024.
WARNING:absl:SaveArgs.aggregate is deprecated, please use custom TypeHandler (https://orbax.readthedocs.io/en/latest/custom_handlers.html#typehandler) or contact Orbax team to migrate before May 1st, 2024.
WARNING:absl:SaveArgs.aggregate is deprecated, please use custom TypeHandler (https://orbax.readthedocs.io/en/latest/custom_handlers.html#typehandler) or contact Orbax team to migrate before May 1st, 2024.
WARNING:absl:SaveArgs.aggregate is deprecated, please use custom TypeHandler (https://orbax.readthedocs.io/en/latest/custom_handlers.html#typehandler) or contact Orbax team to migrate before May 1st, 2024.
WARNING:absl:SaveArgs.aggregate is deprecated, please use custom TypeHandler (https://orbax.readthedocs.io/en/latest/custom_handlers.html#typehandler) or contact Orbax team to migrate before May 1st, 2024.
WARNING:absl:SaveArgs.aggregate is deprecated, please use custom TypeHandler (https://orbax.readthedocs.io/en/latest/custom_handlers.html#typehandler) or contact Orbax team to migrate before May 1st, 2024.
WARNING:absl:SaveArgs.aggregate is deprecated, please use custom TypeHandler (https://orbax.readthedocs.io/en/latest/custom_handlers.html#typehandler) or contact Orbax team to migrate before May 1st, 2024.
WARNING:absl:SaveArgs.aggregate is deprecated, please use custom TypeHandler (https://orbax.readthedocs.io/en/latest/custom_handlers.html#typehandler) or contact Orbax team to migrate before May 1st, 2024.
WARNING:absl:SaveArgs.aggregate is deprecated, please use custom TypeHandler (https://orbax.readthedocs.io/en/latest/custom_handlers.html#typehandler) or contact Orbax team to migrate before May 1st, 2024.
WARNING:absl:SaveArgs.aggregate is deprecated, please use custom TypeHandler (https://orbax.readthedocs.io/en/latest/custom_handlers.html#typehandler) or contact Orbax team to migrate before May 1st, 2024.
 total params: 1.54K
[exp1] fork state saved at interaction_step 100 in 0.1 s
/Users/shouryakaveti/VS_Projects/sparse-ppo-drl-research/.venv/lib/python3.12/site-packages/orbax/checkpoint/type_handlers.py:1475: UserWarning: Couldn't find sharding info under RestoreArgs. Populating sharding info from sharding file. Please note restoration time will be slightly increased due to reading from file instead of directly from RestoreArgs.
  warnings.warn(
 total params: 1.54K
[exp1] restored interaction_step 100 from /var/folders/ms/h3zjmq652jvg08wcslr2z3t80000gn/T/tmp6p8o5_km/bad_restore_dq_da/fork/state/step_000000100_cd0aab8e in 0.1 s
[OK] Check 1: original-to-restored control comparison skipped: mutated -> FAIL (assertion), restored -> PASS  (test_control_stops_before_ready_if_restore_changes_panel)
