field,index,expected_eager,observed_panel,expected_hex,observed_hex,abs_diff,rel_diff,existing_bound,fails_existing_criterion
q,[2],-0.24812167882919312,-0.24812179803848267,-0x1.fc27380000000p-3,-0x1.fc27480000000p-3,1.1920928955078125e-07,4.804468924815106e-07,0.0,True
q,[22],0.9570685625076294,0.9570684432983398,0x1.ea04e40000000p-1,0x1.ea04e00000000p-1,1.1920928955078125e-07,1.2455668718073785e-07,0.0,True
q,[29],0.9514064192771912,0.9514063596725464,0x1.e71ebe0000000p-1,0x1.e71ebc0000000p-1,5.960464477539063e-08,6.264898319760536e-08,0.0,True
q,[32],1.4943681955337524,1.494368076324463,0x1.7e8eea0000000p+0,0x1.7e8ee80000000p+0,1.1920928955078125e-07,7.97723679525999e-08,0.0,True
q,[36],0.08418247103691101,0.0841825008392334,0x1.58cfb80000000p-4,0x1.58cfc00000000p-4,2.9802322387695312e-08,3.540205225696934e-07,0.0,True
q,[52],1.775323748588562,1.775323510169983,0x1.c67b9e0000000p+0,0x1.c67b9a0000000p+0,2.384185791015625e-07,1.3429583155811032e-07,0.0,True
q,[57],1.3049678802490234,1.3049681186676025,0x1.4e12600000000p+0,0x1.4e12640000000p+0,2.384185791015625e-07,1.8270072597960474e-07,0.0,True
q,[67],1.0443379878997803,1.0443381071090698,0x1.0b59bc0000000p+0,0x1.0b59be0000000p+0,1.1920928955078125e-07,1.1414818854815147e-07,0.0,True
q,[69],-1.6749932765960693,-1.6749930381774902,-0x1.accc5c0000000p+0,-0x1.accc580000000p+0,2.384185791015625e-07,1.4234002155881968e-07,0.0,True
q,[73],0.9444961547851562,0.9444962739944458,0x1.e395000000000p-1,0x1.e395040000000p-1,1.1920928955078125e-07,1.2621469017827572e-07,0.0,True
q,[99],1.0560822486877441,1.0560821294784546,0x1.0e5b680000000p+0,0x1.0e5b660000000p+0,1.1920928955078125e-07,1.1287879300964211e-07,0.0,True
q,[101],1.1877977848052979,1.1877979040145874,0x1.3013840000000p+0,0x1.3013860000000p+0,1.1920928955078125e-07,1.0036160285508688e-07,0.0,True
q,[107],0.7513694167137146,0.7513695359230042,0x1.80b37e0000000p-1,0x1.80b3820000000p-1,1.1920928955078125e-07,1.5865603110673607e-07,0.0,True
q,[109],1.091962218284607,1.0919623374938965,0x1.178ad60000000p+0,0x1.178ad80000000p+0,1.1920928955078125e-07,1.0916979319856904e-07,0.0,True
q,[125],1.4420201778411865,1.442020058631897,0x1.71283c0000000p+0,0x1.71283a0000000p+0,1.1920928955078125e-07,8.266825345623568e-08,0.0,True
q,[135],1.8414602279663086,1.8414604663848877,0x1.d769f00000000p+0,0x1.d769f40000000p+0,2.384185791015625e-07,1.2947256502241688e-07,0.0,True
q,[139],1.3313664197921753,1.3313660621643066,0x1.54d46e0000000p+0,0x1.54d4680000000p+0,3.5762786865234375e-07,2.6861716153857103e-07,0.0,True
q,[144],1.2453761100769043,1.2453763484954834,0x1.3ed0f80000000p+0,0x1.3ed0fc0000000p+0,2.384185791015625e-07,1.914430324882655e-07,0.0,True
q,[146],1.495632529258728,1.4956326484680176,0x1.7ee1c60000000p+0,0x1.7ee1c80000000p+0,1.1920928955078125e-07,7.970493234047556e-08,0.0,True
q,[147],1.7459065914154053,1.7459064722061157,0x1.bef3bc0000000p+0,0x1.bef3ba0000000p+0,1.1920928955078125e-07,6.827930551206544e-08,0.0,True
q,[166],0.8039153814315796,0.80391526222229,0x1.9b9acc0000000p-1,0x1.9b9ac80000000p-1,1.1920928955078125e-07,1.4828586727436191e-07,0.0,True
q,[182],1.5864589214324951,1.586458444595337,0x1.96222c0000000p+0,0x1.9622240000000p+0,4.76837158203125e-07,3.0056697451237143e-07,0.0,True
q,[183],-0.0026113688945770264,-0.002610921859741211,-0x1.5647000000000p-9,-0x1.5638000000000p-9,4.470348358154297e-07,0.0001711879301096744,0.0,True
q,[184],1.291632890701294,1.2916330099105835,0x1.4aa8740000000p+0,0x1.4aa8760000000p+0,1.1920928955078125e-07,9.229347627254706e-08,0.0,True
q,[187],1.0932393074035645,1.0932395458221436,0x1.17de880000000p+0,0x1.17de8c0000000p+0,2.384185791015625e-07,2.180845286909825e-07,0.0,True
q,[189],0.5121822953224182,0.5121821165084839,0x1.063cc20000000p-1,0x1.063cbc0000000p-1,1.7881393432617188e-07,3.4912166226598813e-07,0.0,True
q,[194],1.5458861589431763,1.5458860397338867,0x1.8bbf320000000p+0,0x1.8bbf300000000p+0,1.1920928955078125e-07,7.711388633706187e-08,0.0,True
q,[195],1.3923736810684204,1.39237380027771,0x1.64729a0000000p+0,0x1.64729c0000000p+0,1.1920928955078125e-07,8.561587393644751e-08,0.0,True
q,[223],1.201228380203247,1.2012282609939575,0x1.3383b40000000p+0,0x1.3383b20000000p+0,1.1920928955078125e-07,9.923948810684203e-08,0.0,True
q,[225],0.32347342371940613,0.32347333431243896,0x1.4b3c9e0000000p-2,0x1.4b3c980000000p-2,8.940696716308594e-08,2.7639663912742684e-07,0.0,True
q,[233],0.8189241886138916,0.8189242482185364,0x1.a34a080000000p-1,0x1.a34a0a0000000p-1,5.960464477539063e-08,7.278408136445115e-08,0.0,True
q,[238],1.4076437950134277,1.4076436758041382,0x1.685b580000000p+0,0x1.685b560000000p+0,1.1920928955078125e-07,8.46871132974689e-08,0.0,True
q,[242],1.870013952255249,1.8700138330459595,0x1.deb93c0000000p+0,0x1.deb93a0000000p+0,1.1920928955078125e-07,6.374780755352871e-08,0.0,True
q,[248],0.5392158031463623,0.539215624332428,0x1.1414180000000p-1,0x1.1414120000000p-1,1.7881393432617188e-07,3.3161849723761794e-07,0.0,True
q,[249],1.6095256805419922,1.6095255613327026,0x1.9c09e00000000p+0,0x1.9c09de0000000p+0,1.1920928955078125e-07,7.406485711407766e-08,0.0,True
q,[251],0.7318229675292969,0.7318230867385864,0x1.76b1800000000p-1,0x1.76b1840000000p-1,1.1920928955078125e-07,1.6289361613402627e-07,0.0,True
q,[254],0.4031880497932434,0.4031882584095001,0x1.9cdd540000000p-2,0x1.9cdd620000000p-2,2.086162567138672e-07,5.174167657519773e-07,0.0,True
q,[284],0.8617367744445801,0.8617368936538696,0x1.b935900000000p-1,0x1.b935940000000p-1,1.1920928955078125e-07,1.3833608253241353e-07,0.0,True
q,[285],-0.8579158186912537,-0.8579157590866089,-0x1.b740be0000000p-1,-0x1.b740bc0000000p-1,5.960464477539063e-08,6.947609949227561e-08,0.0,True
q,[311],1.0536853075027466,1.0536854267120361,0x1.0dbe520000000p+0,0x1.0dbe540000000p+0,1.1920928955078125e-07,1.131355715999395e-07,0.0,True
q,[316],-0.7007836103439331,-0.700783371925354,-0x1.66cd1c0000000p-1,-0x1.66cd140000000p-1,2.384185791015625e-07,3.4021711635714565e-07,0.0,True
q,[319],2.2209322452545166,2.2209324836730957,0x1.1c47820000000p+1,0x1.1c47840000000p+1,2.384185791015625e-07,1.0735067655080129e-07,0.0,True
q,[320],1.3870476484298706,1.3870477676391602,0x1.63158e0000000p+0,0x1.6315900000000p+0,1.1920928955078125e-07,8.594462467509708e-08,0.0,True
q,[322],1.3619565963745117,1.3619564771652222,0x1.5ca9300000000p+0,0x1.5ca92e0000000p+0,1.1920928955078125e-07,8.752796518487657e-08,0.0,True
q,[329],0.34331783652305603,0.3433178961277008,0x1.5f8eb60000000p-2,0x1.5f8eba0000000p-2,5.960464477539063e-08,1.7361359776420409e-07,0.0,True
q,[333],-0.4369323253631592,-0.4369322657585144,-0x1.bf6b300000000p-2,-0x1.bf6b2c0000000p-2,5.960464477539063e-08,1.3641619380266688e-07,0.0,True
q,[337],0.3783071041107178,0.37830686569213867,0x1.8362f00000000p-2,0x1.8362e00000000p-2,2.384185791015625e-07,6.302249587990434e-07,0.0,True
q,[349],0.5526787042617798,0.5526785850524902,0x1.1af8b40000000p-1,0x1.1af8b00000000p-1,1.1920928955078125e-07,2.1569365461622167e-07,0.0,True
q,[354],-1.4848878383636475,-1.4848871231079102,-0x1.7c219c0000000p+0,-0x1.7c21900000000p+0,7.152557373046875e-07,4.81690077072018e-07,0.0,True
q,[359],0.18502527475357056,0.18502533435821533,0x1.7aee880000000p-3,0x1.7aee900000000p-3,5.960464477539063e-08,3.221432577510084e-07,0.0,True
q,[360],1.7616835832595825,1.7616832256317139,0x1.c2fdb20000000p+0,0x1.c2fdac0000000p+0,3.5762786865234375e-07,2.0300346330675184e-07,0.0,True
q,[390],1.364638328552246,1.3646385669708252,0x1.5d58f00000000p+0,0x1.5d58f40000000p+0,2.384185791015625e-07,1.7471191751920258e-07,0.0,True
q,[396],1.1851931810379028,1.1851933002471924,0x1.2f68d20000000p+0,0x1.2f68d40000000p+0,1.1920928955078125e-07,1.0058215948085927e-07,0.0,True
q,[409],1.0781211853027344,1.0781214237213135,0x1.13ffc00000000p+0,0x1.13ffc40000000p+0,2.384185791015625e-07,2.2114265293341307e-07,0.0,True
q,[424],-0.37586814165115356,-0.375868022441864,-0x1.80e3940000000p-2,-0x1.80e38c0000000p-2,1.1920928955078125e-07,3.171572057879287e-07,0.0,True
q,[425],1.705303430557251,1.7053035497665405,0x1.b48ec40000000p+0,0x1.b48ec60000000p+0,1.1920928955078125e-07,6.99050312188879e-08,0.0,True
q,[428],1.2394649982452393,1.2394648790359497,0x1.3d4d940000000p+0,0x1.3d4d920000000p+0,1.1920928955078125e-07,9.617802012929019e-08,0.0,True
q,[436],0.6235020160675049,0.6235017776489258,0x1.3f3ba80000000p-1,0x1.3f3ba00000000p-1,2.384185791015625e-07,3.8238622002426625e-07,0.0,True
q,[441],0.9564259648323059,0.9564264416694641,0x1.e9b0aa0000000p-1,0x1.e9b0ba0000000p-1,4.76837158203125e-07,4.985614942885107e-07,0.0,True
q,[445],0.09917217493057251,0.09917225688695908,0x1.9635900000000p-4,0x1.9635a60000000p-4,8.195638656616211e-08,8.264050538725942e-07,0.0,True
q,[447],2.2160069942474365,2.2160072326660156,0x1.1ba61e0000000p+1,0x1.1ba6200000000p+1,2.384185791015625e-07,1.0758927192941025e-07,0.0,True
q,[468],0.12453126907348633,0.12453150749206543,0x1.fe14800000000p-4,0x1.fe14c00000000p-4,2.384185791015625e-07,1.9145278200037525e-06,0.0,True
q,[480],1.2083826065063477,1.2083827257156372,0x1.3558900000000p+0,0x1.3558920000000p+0,1.1920928955078125e-07,9.865194095720795e-08,0.0,True
q,[488],0.822746217250824,0.8227462768554688,0x1.a53efe0000000p-1,0x1.a53f000000000p-1,5.960464477539063e-08,7.244596635710747e-08,0.0,True
q,[499],0.40496307611465454,0.404962956905365,0x1.9eaea40000000p-2,0x1.9eae9c0000000p-2,1.1920928955078125e-07,2.943707626248629e-07,0.0,True
q,[508],0.5224481225013733,0.5224483013153076,0x1.0b7e520000000p-1,0x1.0b7e580000000p-1,1.7881393432617188e-07,3.422616076598148e-07,0.0,True
q,[509],-1.2685046195983887,-1.2685049772262573,-0x1.44bcb80000000p+0,-0x1.44bcbe0000000p+0,3.5762786865234375e-07,2.8192870812371934e-07,0.0,True
dq_da,"[0, 0]",0.14310996234416962,0.1431102156639099,0x1.2516d60000000p-3,0x1.2516f80000000p-3,2.5331974029541016e-07,1.7701055618070362e-06,1.5310995422623819e-06,False
dq_da,"[0, 1]",0.577232837677002,0.5772328972816467,0x1.278b100000000p-1,0x1.278b120000000p-1,5.960464477539063e-08,1.0325927578074338e-07,5.872328074474353e-06,False
dq_da,"[1, 0]",0.018282108008861542,0.01828213967382908,0x1.2b88b80000000p-6,0x1.2b88da0000000p-6,3.166496753692627e-08,1.732019498056674e-06,2.828210767802375e-07,False
dq_da,"[1, 1]",0.056562356650829315,0.056562360376119614,0x1.cf5bdc0000000p-5,0x1.cf5bde0000000p-5,3.725290298461914e-09,6.586165285613668e-08,6.656235882473993e-07,False
dq_da,"[2, 0]",0.22030699253082275,0.22030691802501678,0x1.c330500000000p-3,0x1.c330460000000p-3,7.450580596923828e-08,3.381908359482249e-07,2.3030700049275765e-06,False
dq_da,"[2, 1]",0.4635135233402252,0.46351322531700134,0x1.daa34a0000000p-2,0x1.daa3360000000p-2,2.980232238769531e-07,6.42965542254956e-07,4.73513500764966e-06,False
dq_da,"[2, 2]",0.10805820673704147,0.10805807262659073,0x1.ba9b3e0000000p-4,0x1.ba9b1a0000000p-4,1.341104507446289e-07,1.241094543341676e-06,1.1805819895016612e-06,False
dq_da,"[3, 0]",-1.075505256652832,-1.0755051374435425,-0x1.1354500000000p+0,-0x1.13544e0000000p+0,1.1920928955078125e-07,1.1084026676148682e-07,1.0855052096303552e-05,False
dq_da,"[3, 1]",-0.8552033305168152,-0.8552034497261047,-0x1.b5dd360000000p-1,-0x1.b5dd3a0000000p-1,1.1920928955078125e-07,1.3939292013601124e-07,8.652033102407586e-06,False
dq_da,"[4, 0]",0.4254089295864105,0.42540884017944336,0x1.b39e660000000p-2,0x1.b39e600000000p-2,8.940696716308594e-08,2.1016711438100005e-07,4.354089014668716e-06,False
dq_da,"[4, 1]",0.3964404761791229,0.39644038677215576,0x1.95f47e0000000p-2,0x1.95f4780000000p-2,8.940696716308594e-08,2.2552431584379734e-07,4.064404492964968e-06,False
dq_da,"[5, 0]",0.48254749178886414,0.48254770040512085,0x1.ee20ee0000000p-2,0x1.ee20fc0000000p-2,2.086162567138672e-07,4.323227459757392e-07,4.925474513584049e-06,False
dq_da,"[5, 1]",0.23031306266784668,0.2303130328655243,0x1.d7ae600000000p-3,0x1.d7ae5c0000000p-3,2.9802322387695312e-08,1.2939918406050498e-07,2.403130565653555e-06,False
dq_da,"[5, 2]",0.3593842387199402,0.3593842685222626,0x1.70026c0000000p-2,0x1.70026e0000000p-2,2.9802322387695312e-08,8.29260695845918e-08,3.693842472785036e-06,False
dq_da,"[6, 0]",0.7961737513542175,0.7961736917495728,0x1.97a4160000000p-1,0x1.97a4140000000p-1,5.960464477539063e-08,7.486386567505984e-08,8.06173738965299e-06,False
dq_da,"[6, 1]",0.3773168623447418,0.37731680274009705,0x1.825f5a0000000p-2,0x1.825f560000000p-2,5.960464477539063e-08,1.5796973505237053e-07,3.8731686800019816e-06,False
dq_da,"[7, 0]",0.20245519280433655,0.20245514810085297,0x1.9ea0d40000000p-3,0x1.9ea0ce0000000p-3,4.470348358154297e-08,2.2080680155606968e-07,2.1245518837531563e-06,False
dq_da,"[7, 1]",-0.22681938111782074,-0.22681941092014313,-0x1.d086ae0000000p-3,-0x1.d086b20000000p-3,2.9802322387695312e-08,1.3139230977891863e-07,2.368193918300676e-06,False
dq_da,"[8, 0]",0.15996330976486206,0.15996329486370087,0x1.479ad80000000p-3,0x1.479ad60000000p-3,1.4901161193847656e-08,9.315361888767872e-08,1.6996330032270635e-06,False
dq_da,"[8, 1]",-0.6194921135902405,-0.6194919943809509,-0x1.3d2e120000000p-1,-0x1.3d2e0e0000000p-1,1.1920928955078125e-07,1.9243068141724813e-07,6.2949206949269865e-06,False
dq_da,"[8, 2]",0.0034215152263641357,0.003421485424041748,0x1.c077000000000p-9,0x1.c076000000000p-9,2.9802322387695312e-08,8.710270279686779e-06,1.3421515632217051e-07,False
dq_da,"[9, 0]",0.48610690236091614,0.48610687255859375,0x1.f1c6020000000p-2,0x1.f1c6000000000p-2,2.9802322387695312e-08,6.130816543223697e-08,4.961068952979986e-06,False
dq_da,"[9, 1]",0.01642107218503952,0.016421111300587654,0x1.0d0af80000000p-6,0x1.0d0b220000000p-6,3.91155481338501e-08,2.382033748654151e-06,2.6421071197546553e-07,False
dq_da,"[9, 2]",0.12260753661394119,0.12260752171278,0x1.f633520000000p-4,0x1.f6334e0000000p-4,1.4901161193847656e-08,1.2153544231760797e-07,1.3260753348731669e-06,False
dq_da,"[10, 1]",0.12562091648578644,0.12562088668346405,0x1.01458a0000000p-3,0x1.0145860000000p-3,2.9802322387695312e-08,2.3724012864583217e-07,1.3562090543928207e-06,False
dq_da,"[10, 2]",0.44917163252830505,0.44917166233062744,0x1.cbf3a60000000p-2,0x1.cbf3a80000000p-2,2.9802322387695312e-08,6.634952038253948e-08,4.591715878632385e-06,False
dq_da,"[11, 0]",-0.18676620721817017,-0.18676622211933136,-0x1.7e7f480000000p-3,-0x1.7e7f4a0000000p-3,1.4901161193847656e-08,7.978510361053125e-08,1.967662001334247e-06,False
dq_da,"[11, 1]",-0.1475943624973297,-0.1475944072008133,-0x1.2e45f40000000p-3,-0x1.2e45fa0000000p-3,4.470348358154297e-08,3.0288069832173807e-07,1.5759435427753488e-06,False
dq_da,"[11, 2]",0.1783522367477417,0.17835229635238647,0x1.6d43f00000000p-3,0x1.6d43f80000000p-3,5.960464477539063e-08,3.341962279940139e-07,1.8835222590496414e-06,False
dq_da,"[12, 0]",-0.004007170908153057,-0.004007175099104643,-0x1.069d2c0000000p-8,-0x1.069d3e0000000p-8,4.190951585769653e-09,1.0458629496542493e-06,1.4007170534569013e-07,False
dq_da,"[12, 1]",-0.1096416562795639,-0.10964162647724152,-0x1.c1179c0000000p-4,-0x1.c117940000000p-4,2.9802322387695312e-08,2.718156893918627e-07,1.1964165196332033e-06,False
dq_da,"[12, 2]",0.19082842767238617,0.19082839787006378,0x1.86d10e0000000p-3,0x1.86d10a0000000p-3,2.9802322387695312e-08,1.5617338963175798e-07,2.0082843548152596e-06,False
dq_da,"[14, 0]",0.015681928023695946,0.015682008117437363,0x1.00eec60000000p-6,0x1.00ef1c0000000p-6,8.009374141693115e-08,5.107391214645718e-06,2.5681927695586637e-07,False
dq_da,"[14, 1]",-0.6537572741508484,-0.6537570953369141,-0x1.4eb9460000000p-1,-0x1.4eb9400000000p-1,1.7881393432617188e-07,2.7351731505921605e-07,6.637572369072586e-06,False
dq_da,"[14, 2]",-0.026509253308176994,-0.026509316638112068,-0x1.b253de0000000p-6,-0x1.b254220000000p-6,6.332993507385254e-08,2.3889746850892217e-06,3.6509251799543563e-07,False
dq_da,"[15, 0]",0.20323534309864044,0.20323550701141357,0x1.a039da0000000p-3,0x1.a039f00000000p-3,1.6391277313232422e-07,8.065170685040201e-07,2.1323535293049645e-06,False
dq_da,"[15, 2]",1.6226449012756348,1.6226446628570557,0x1.9f65a80000000p+0,0x1.9f65a40000000p+0,2.384185791015625e-07,1.469320730087839e-07,1.6326448530890048e-05,False
dq_da,"[16, 0]",0.1318121701478958,0.13181214034557343,0x1.0df38a0000000p-3,0x1.0df3860000000p-3,2.9802322387695312e-08,2.2609689495481736e-07,1.4181216556607978e-06,False
dq_da,"[16, 1]",0.4721997082233429,0.47219961881637573,0x1.e388520000000p-2,0x1.e3884c0000000p-2,8.940696716308594e-08,1.8934142822637635e-07,4.8219967538898345e-06,False
dq_da,"[16, 2]",0.24696849286556244,0.24696850776672363,0x1.f9ca9e0000000p-3,0x1.f9caa00000000p-3,1.4901161193847656e-08,6.033628428043702e-08,2.5696849661471788e-06,False
dq_da,"[17, 0]",0.42173728346824646,0.42173731327056885,0x1.afdbe60000000p-2,0x1.afdbe80000000p-2,2.9802322387695312e-08,7.066560998024543e-08,4.317372713558143e-06,False
dq_da,"[17, 1]",0.05420955643057823,0.054209597408771515,0x1.bc15ae0000000p-5,0x1.bc15c40000000p-5,4.0978193283081055e-08,7.559219440498188e-07,6.420955855901411e-07,False
dq_da,"[17, 2]",0.40490829944610596,0.40490835905075073,0x1.9ea0480000000p-2,0x1.9ea04c0000000p-2,5.960464477539063e-08,1.4720529279574354e-07,4.149082542426186e-06,False
dq_da,"[18, 0]",0.03771655261516571,0.03771653026342392,0x1.34f9580000000p-5,0x1.34f94c0000000p-5,2.2351741790771484e-08,5.926241992165508e-07,4.771655426338839e-07,False
dq_da,"[18, 1]",-0.9734103679656982,-0.9734101891517639,-0x1.f262d80000000p-1,-0x1.f262d20000000p-1,1.7881393432617188e-07,1.8369840738379423e-07,9.83410336630186e-06,False
dq_da,"[18, 2]",1.043696403503418,1.0436962842941284,0x1.0b2fb00000000p+0,0x1.0b2fae0000000p+0,1.1920928955078125e-07,1.1421835808825881e-07,1.0536963600316085e-05,False
dq_da,"[19, 0]",0.10173900425434113,0.10173897445201874,0x1.a0b9140000000p-4,0x1.a0b90c0000000p-4,2.9802322387695312e-08,2.929291730946312e-07,1.117389956561965e-06,False
dq_da,"[19, 1]",0.01107607502490282,0.01107605081051588,0x1.6af0da0000000p-7,0x1.6af0a60000000p-7,2.421438694000244e-08,2.1861884183305174e-06,2.1076074574466475e-07,False
dq_da,"[19, 2]",-0.10704867541790009,-0.10704853385686874,-0x1.b678ac0000000p-4,-0x1.b678860000000p-4,1.4156103134155273e-07,1.322398719918039e-06,1.1704867119988194e-06,False
dq_da,"[20, 0]",0.1290501058101654,0.12905003130435944,0x1.084b6c0000000p-3,0x1.084b620000000p-3,7.450580596923828e-08,5.773401385570146e-07,1.3905009836889803e-06,False
dq_da,"[20, 1]",-0.1770985722541809,-0.17709863185882568,-0x1.6ab2a80000000p-3,-0x1.6ab2b00000000p-3,5.960464477539063e-08,3.3656197233393273e-07,1.8709856703935657e-06,False
dq_da,"[21, 0]",0.28538453578948975,0.2853846549987793,0x1.243bd80000000p-2,0x1.243be00000000p-2,1.1920928955078125e-07,4.177146081899632e-07,2.9538452963606687e-06,False
dq_da,"[21, 1]",0.06563162803649902,0.0656316801905632,0x1.0cd3c00000000p-4,0x1.0cd3ce0000000p-4,5.21540641784668e-08,7.946483385946621e-07,7.563162967016979e-07,False
dq_da,"[21, 2]",-0.04049114137887955,-0.040491051971912384,-0x1.4bb4140000000p-5,-0x1.4bb3e40000000p-5,8.940696716308594e-08,2.208062408675919e-06,5.049113838140329e-07,False
dq_da,"[22, 0]",0.30421483516693115,0.30421480536460876,0x1.3784180000000p-2,0x1.3784160000000p-2,2.9802322387695312e-08,9.796472407843604e-08,3.1421484436577884e-06,False
dq_da,"[22, 2]",0.12226474285125732,0.12226472795009613,0x1.f4cbe00000000p-4,0x1.f4cbdc0000000p-4,1.4901161193847656e-08,1.2187619133977036e-07,1.322647335655347e-06,False
dq_da,"[23, 0]",-0.6655116081237793,-0.6655115485191345,-0x1.54bdf00000000p-1,-0x1.54bdee0000000p-1,5.960464477539063e-08,8.956214143796675e-08,6.7551159190770704e-06,False
dq_da,"[23, 1]",-0.5762110948562622,-0.5762110352516174,-0x1.2705240000000p-1,-0x1.2705220000000p-1,5.960464477539063e-08,1.0344237607965394e-07,5.862110810994636e-06,False
dq_da,"[23, 2]",1.0277104377746582,1.0277105569839478,0x1.0718080000000p+0,0x1.07180a0000000p+0,1.1920928955078125e-07,1.1599501685407595e-07,1.0377103535574861e-05,False
dq_da,"[24, 0]",0.4018530547618866,0.4018530249595642,0x1.9b7f5e0000000p-2,0x1.9b7f5c0000000p-2,2.9802322387695312e-08,7.416223924278573e-08,4.118530341656879e-06,False
dq_da,"[24, 1]",-0.4677653908729553,-0.4677654504776001,-0x1.defde40000000p-2,-0x1.defde80000000p-2,5.960464477539063e-08,1.2742423004864675e-07,4.777653430210194e-06,False
dq_da,"[24, 2]",1.7203431129455566,1.7203433513641357,0x1.b868680000000p+0,0x1.b8686c0000000p+0,2.384185791015625e-07,1.3858780687844546e-07,1.7303431377513334e-05,False
dq_da,"[25, 0]",0.1480209231376648,0.14802075922489166,0x1.2f25980000000p-3,0x1.2f25820000000p-3,1.6391277313232422e-07,1.1073621867624716e-06,1.5802091866135015e-06,False
dq_da,"[25, 1]",-1.8668876886367798,-1.8668874502182007,-0x1.ddec5a0000000p+0,-0x1.ddec560000000p+0,2.384185791015625e-07,1.2770911745401146e-07,1.8768876543617807e-05,False
dq_da,"[25, 2]",0.21093294024467468,0.21093258261680603,0x1.affd9c0000000p-3,0x1.affd6c0000000p-3,3.5762786865234375e-07,1.6954576570046773e-06,2.209329522884218e-06,False
dq_da,"[26, 0]",-0.2922769784927368,-0.29227691888809204,-0x1.2b4aa80000000p-2,-0x1.2b4aa40000000p-2,5.960464477539063e-08,2.0393205473373203e-07,3.022769760718802e-06,False
dq_da,"[26, 1]",0.015680285170674324,0.01568029262125492,0x1.00e7e20000000p-6,0x1.00e7ea0000000p-6,7.450580596923828e-09,4.75155937269438e-07,2.568028492078156e-07,False
dq_da,"[26, 2]",0.6255831718444824,0.625583291053772,0x1.404c700000000p-1,0x1.404c740000000p-1,1.1920928955078125e-07,1.905570592624832e-07,6.355831374094123e-06,False
dq_da,"[27, 0]",-0.19821040332317352,-0.1982104331254959,-0x1.95ef560000000p-3,-0x1.95ef5a0000000p-3,2.9802322387695312e-08,1.5035700391116156e-07,2.0821041744056856e-06,False
dq_da,"[27, 2]",0.6607306003570557,0.6607304811477661,0x1.524b480000000p-1,0x1.524b440000000p-1,1.1920928955078125e-07,1.8042041565255357e-07,6.707305601594271e-06,False
dq_da,"[28, 0]",-0.07351531088352203,-0.07351525872945786,-0x1.2d1e640000000p-4,-0x1.2d1e560000000p-4,5.21540641784668e-08,7.094313218793281e-07,8.351531164407788e-07,False
dq_da,"[28, 1]",-0.06589078158140182,-0.06589074432849884,-0x1.0de37e0000000p-4,-0x1.0de3740000000p-4,3.725290298461914e-08,5.65373517972263e-07,7.58907845010981e-07,False
dq_da,"[28, 2]",0.2788161635398865,0.2788160443305969,0x1.1d81fc0000000p-2,0x1.1d81f40000000p-2,1.1920928955078125e-07,4.2755516049458727e-07,2.888161588998628e-06,False
dq_da,"[29, 0]",-0.20885483920574188,-0.2088547796010971,-0x1.abbc160000000p-3,-0x1.abbc0e0000000p-3,5.960464477539063e-08,2.853879038765024e-07,2.1885484784434084e-06,False
dq_da,"[29, 1]",-0.1698189079761505,-0.16981886327266693,-0x1.5bca040000000p-3,-0x1.5bc9fe0000000p-3,4.470348358154297e-08,2.632420860215469e-07,1.7981890323426342e-06,False
dq_da,"[29, 2]",0.24713768064975739,0.2471376210451126,0x1.fa23520000000p-3,0x1.fa234a0000000p-3,5.960464477539063e-08,2.4117991485022515e-07,2.571376853666152e-06,False
dq_da,"[30, 0]",-0.18480198085308075,-0.18480196595191956,-0x1.7a79760000000p-3,-0x1.7a79740000000p-3,1.4901161193847656e-08,8.063312484563797e-08,1.9480198716337327e-06,False
dq_da,"[30, 1]",0.056110233068466187,0.05611025542020798,0x1.cba7b00000000p-5,0x1.cba7bc0000000p-5,2.2351741790771484e-08,3.983541070574007e-07,6.611023195546295e-07,False
dq_da,"[30, 2]",0.5849114656448364,0.584911584854126,0x1.2b79840000000p-1,0x1.2b79880000000p-1,1.1920928955078125e-07,2.0380740770632493e-07,5.949114438408287e-06,False
dq_da,"[31, 0]",-0.1515323519706726,-0.1515323370695114,-0x1.3656980000000p-3,-0x1.3656960000000p-3,1.4901161193847656e-08,9.833650042422367e-08,1.6153234128069016e-06,False
dq_da,"[31, 1]",-0.3051106929779053,-0.30511072278022766,-0x1.386ef00000000p-2,-0x1.386ef20000000p-2,2.9802322387695312e-08,9.767708269029253e-08,3.151106966470252e-06,False
dq_da,"[31, 2]",0.1663651019334793,0.16636517643928528,0x1.54b73a0000000p-3,0x1.54b7440000000p-3,7.450580596923828e-08,4.478451616555331e-07,1.7636509710428072e-06,False
dq_da,"[32, 1]",-0.9796607494354248,-0.9796608090400696,-0x1.f596180000000p-1,-0x1.f5961a0000000p-1,5.960464477539063e-08,6.084212806294483e-08,9.896607480186503e-06,False
dq_da,"[33, 1]",-0.04175949469208717,-0.04175948724150658,-0x1.5618020000000p-5,-0x1.5617fe0000000p-5,7.450580596923828e-09,1.7841644521468807e-07,5.175949695512827e-07,False
dq_da,"[33, 2]",-0.09533970803022385,-0.09533969312906265,-0x1.8682ee0000000p-4,-0x1.8682ea0000000p-4,1.4901161193847656e-08,1.5629543557154387e-07,1.05339699985052e-06,False
dq_da,"[34, 0]",-0.023676609620451927,-0.023676645010709763,-0x1.83eae60000000p-6,-0x1.83eb0c0000000p-6,3.5390257835388184e-08,1.4947350318610638e-06,3.3676607813504233e-07,False
dq_da,"[34, 1]",0.1221843957901001,0.12218441069126129,0x1.f477a00000000p-4,0x1.f477a40000000p-4,1.4901161193847656e-08,1.219563357292062e-07,1.3218439107731683e-06,False
dq_da,"[35, 0]",0.09588829427957535,0.09588830173015594,0x1.88c22a0000000p-4,0x1.88c22c0000000p-4,7.450580596923828e-09,7.770062709845113e-08,1.0588828445179388e-06,False
dq_da,"[35, 1]",0.4429718852043152,0.44297194480895996,0x1.c59a6c0000000p-2,0x1.c59a700000000p-2,5.960464477539063e-08,1.3455627042311893e-07,4.529718808043981e-06,False
dq_da,"[36, 0]",0.3840036988258362,0.38400375843048096,0x1.8938440000000p-2,0x1.8938480000000p-2,5.960464477539063e-08,1.5521893397809208e-07,3.940036549465731e-06,False
dq_da,"[36, 1]",-0.04966825991868973,-0.04966827481985092,-0x1.96e1e40000000p-5,-0x1.96e1ec0000000p-5,1.4901161193847656e-08,3.0001375563069566e-07,5.966825824543776e-07,False
dq_da,"[37, 2]",0.7169431447982788,0.7169432640075684,0x1.6f132c0000000p-1,0x1.6f13300000000p-1,1.1920928955078125e-07,1.662743976502102e-07,7.269431080203503e-06,False
dq_da,"[38, 0]",0.08413241803646088,0.08413241058588028,0x1.589b3c0000000p-4,0x1.589b3a0000000p-4,7.450580596923828e-09,8.855778510603289e-08,9.413241741640377e-07,False
dq_da,"[38, 2]",0.4889771640300751,0.48897719383239746,0x1.f4b66e0000000p-2,0x1.f4b6700000000p-2,2.9802322387695312e-08,6.094829079965438e-08,4.989771241525887e-06,False
dq_da,"[39, 0]",0.5222833156585693,0.522283136844635,0x1.0b68b80000000p-1,0x1.0b68b20000000p-1,1.7881393432617188e-07,3.423696085345896e-07,5.322832748788642e-06,False
dq_da,"[39, 1]",-0.35768190026283264,-0.35768184065818787,-0x1.6e442a0000000p-2,-0x1.6e44260000000p-2,5.960464477539063e-08,1.666414899148987e-07,3.6768190057046013e-06,False
dq_da,"[39, 2]",0.8808693885803223,0.8808692693710327,0x1.c301500000000p-1,0x1.c3014c0000000p-1,1.1920928955078125e-07,1.3533140224444424e-07,8.908693416742608e-06,False
dq_da,"[40, 0]",0.7704929709434509,0.7704931497573853,0x1.8a7e0e0000000p-1,0x1.8a7e140000000p-1,1.7881393432617188e-07,2.320773077361346e-07,7.80492973717628e-06,False
dq_da,"[40, 1]",-0.03858104720711708,-0.038581088185310364,-0x1.3c0e520000000p-5,-0x1.3c0e680000000p-5,4.0978193283081055e-08,1.0621327374318075e-06,4.858104603044922e-07,False
dq_da,"[40, 2]",0.024861838668584824,0.02486160397529602,0x1.97561c0000000p-6,0x1.9755200000000p-6,2.3469328880310059e-07,9.439900722212342e-06,3.486183857148717e-07,False
dq_da,"[41, 0]",-0.1986108273267746,-0.19861097633838654,-0x1.96c1460000000p-3,-0x1.96c15a0000000p-3,1.4901161193847656e-07,7.502693279319944e-07,2.086108224830241e-06,False
dq_da,"[41, 1]",-0.6162071228027344,-0.6162071824073792,-0x1.3b7f800000000p-1,-0x1.3b7f820000000p-1,5.960464477539063e-08,9.672826322468815e-08,6.262071110541001e-06,False
dq_da,"[41, 2]",0.8670325875282288,0.8670326471328735,0x1.bbebb20000000p-1,0x1.bbebb40000000p-1,5.960464477539063e-08,6.874556462210253e-08,8.77032562129898e-06,False
dq_da,"[42, 0]",0.40522244572639465,0.40522250533103943,0x1.9ef2a20000000p-2,0x1.9ef2a60000000p-2,5.960464477539063e-08,1.4709117277189418e-07,4.15222439187346e-06,False
dq_da,"[42, 1]",-0.5962474346160889,-0.5962474942207336,-0x1.3147580000000p-1,-0x1.31475a0000000p-1,5.960464477539063e-08,9.99662913665512e-08,6.062473858037265e-06,False
dq_da,"[42, 2]",0.7959035634994507,0.7959036827087402,0x1.9780ac0000000p-1,0x1.9780b00000000p-1,1.1920928955078125e-07,1.497785598881334e-07,8.059035280894022e-06,False
dq_da,"[43, 1]",0.3012920320034027,0.30129188299179077,0x1.3485e60000000p-2,0x1.3485dc0000000p-2,1.4901161193847656e-07,4.945753491973982e-07,3.1129202398005873e-06,False
dq_da,"[44, 0]",0.24920561909675598,0.24920576810836792,0x1.fe5f840000000p-3,0x1.fe5f980000000p-3,1.4901161193847656e-07,5.979464366757383e-07,2.5920562620740384e-06,False
dq_da,"[44, 1]",-0.2737467288970947,-0.2737468481063843,-0x1.1851100000000p-2,-0x1.1851180000000p-2,1.1920928955078125e-07,4.3547292795448786e-07,2.8374672638165066e-06,False
dq_da,"[44, 2]",-0.6089872121810913,-0.6089873313903809,-0x1.37cd2c0000000p-1,-0x1.37cd300000000p-1,1.1920928955078125e-07,1.957500702253377e-07,6.189871783135459e-06,False
dq_da,"[45, 0]",0.2443467229604721,0.24434678256511688,0x1.f46c0e0000000p-3,0x1.f46c160000000p-3,5.960464477539063e-08,2.439347008759878e-07,2.543467189752846e-06,False
dq_da,"[45, 2]",0.16250620782375336,0.16250625252723694,0x1.4cd00e0000000p-3,0x1.4cd0140000000p-3,4.470348358154297e-08,2.750878515978065e-07,1.7250620203412836e-06,False
dq_da,"[46, 0]",1.5399415493011475,1.539941668510437,0x1.8a399c0000000p+0,0x1.8a399e0000000p+0,1.1920928955078125e-07,7.741156773442506e-08,1.5499415894737467e-05,False
dq_da,"[46, 1]",0.4674229919910431,0.46742305159568787,0x1.dea4220000000p-2,0x1.dea4260000000p-2,5.960464477539063e-08,1.2751757144315398e-07,4.7742296374053694e-06,False
dq_da,"[46, 2]",-0.5671752691268921,-0.5671753883361816,-0x1.2264cc0000000p-1,-0x1.2264d00000000p-1,1.1920928955078125e-07,2.1018069023759034e-07,5.771752512373496e-06,False
dq_da,"[47, 0]",-0.07391832768917084,-0.07391827553510666,-0x1.2ec4fc0000000p-4,-0x1.2ec4ee0000000p-4,5.21540641784668e-08,7.055633671499776e-07,8.391832579945913e-07,False
dq_da,"[47, 2]",0.21946799755096436,0.21946804225444794,0x1.c178700000000p-3,0x1.c178760000000p-3,4.470348358154297e-08,2.036902148850291e-07,2.2946799163037213e-06,False
dq_da,"[48, 0]",0.08521322160959244,0.08521324396133423,0x1.5d088a0000000p-4,0x1.5d08900000000p-4,2.2351741790771484e-08,2.623036820879373e-07,9.521322112959751e-07,False
dq_da,"[48, 1]",0.20560328662395477,0.20560327172279358,0x1.a513560000000p-3,0x1.a513540000000p-3,1.4901161193847656e-08,7.247530639479343e-08,2.156032905986649e-06,False
dq_da,"[48, 2]",-0.1475180685520172,-0.14751805365085602,-0x1.2e1df40000000p-3,-0x1.2e1df20000000p-3,1.4901161193847656e-08,1.0101244776393795e-07,1.575180590407399e-06,False
dq_da,"[49, 0]",0.10675439983606339,0.10675433278083801,0x1.b5441a0000000p-4,0x1.b544080000000p-4,6.705522537231445e-08,6.281261051093661e-07,1.1675439282043953e-06,False
dq_da,"[50, 0]",-0.15215390920639038,-0.1521538943052292,-0x1.379c780000000p-3,-0x1.379c760000000p-3,1.4901161193847656e-08,9.793479031573785e-08,1.6215390132856555e-06,False
dq_da,"[50, 1]",-0.14561958611011505,-0.14561960101127625,-0x1.2a3a9a0000000p-3,-0x1.2a3a9c0000000p-3,1.4901161193847656e-08,1.0232937472147223e-07,1.5561957980025909e-06,False
dq_da,"[50, 2]",0.3094949722290039,0.3094950318336487,0x1.3cec400000000p-2,0x1.3cec440000000p-2,5.960464477539063e-08,1.9258679501677816e-07,3.1949496133165667e-06,False
dq_da,"[51, 0]",0.5122573971748352,0.5122575163841248,0x1.06469a0000000p-1,0x1.06469e0000000p-1,1.1920928955078125e-07,2.3271365178567585e-07,5.222573690844001e-06,False
dq_da,"[51, 1]",-0.2477065473794937,-0.24770665168762207,-0x1.fb4d920000000p-3,-0x1.fb4da00000000p-3,1.043081283569336e-07,4.210955643297166e-07,2.577065515652066e-06,False
dq_da,"[51, 2]",-0.43040731549263,-0.43040725588798523,-0x1.b8bcb20000000p-2,-0x1.b8bcae0000000p-2,5.960464477539063e-08,1.384842743836013e-07,4.404073024488753e-06,False
dq_da,"[52, 0]",0.24650417268276215,0.24650409817695618,0x1.f8d72e0000000p-3,0x1.f8d7240000000p-3,7.450580596923828e-08,3.0224967455266293e-07,2.5650417683209525e-06,False
dq_da,"[52, 1]",-0.5963696241378784,-0.5963695645332336,-0x1.31575c0000000p-1,-0x1.31575a0000000p-1,5.960464477539063e-08,9.994580938215299e-08,6.063695764169097e-06,False
dq_da,"[52, 2]",0.40387070178985596,0.4038705825805664,0x1.9d90480000000p-2,0x1.9d90400000000p-2,1.1920928955078125e-07,2.9516696562160833e-07,4.138706572121009e-06,False
dq_da,"[53, 0]",0.036828070878982544,0.036828089505434036,0x1.2db2100000000p-5,0x1.2db21a0000000p-5,1.862645149230957e-08,5.057677757142453e-07,4.6828068889226415e-07,False
dq_da,"[53, 1]",-0.16472816467285156,-0.16472814977169037,-0x1.515d000000000p-3,-0x1.515cfe0000000p-3,1.4901161193847656e-08,9.045909801424188e-08,1.7472815443397849e-06,False
dq_da,"[53, 2]",0.54409259557724,0.5440926551818848,0x1.16934e0000000p-1,0x1.1693500000000p-1,5.960464477539063e-08,1.0954871516337165e-07,5.540925485547632e-06,False
dq_da,"[54, 0]",-0.0646509975194931,-0.0646510124206543,-0x1.08cf7c0000000p-4,-0x1.08cf800000000p-4,1.4901161193847656e-08,2.3048617601537804e-07,7.465099542969256e-07,False
dq_da,"[54, 1]",-0.19269180297851562,-0.19269177317619324,-0x1.8aa2000000000p-3,-0x1.8aa1fc0000000p-3,2.9802322387695312e-08,1.5466315601924257e-07,2.0269180822651833e-06,False
dq_da,"[54, 2]",0.5026410222053528,0.502640962600708,0x1.015a2a0000000p-1,0x1.015a280000000p-1,5.960464477539063e-08,1.1858292925212e-07,5.126410087541444e-06,False
dq_da,"[55, 1]",0.09956223517656326,0.09956225007772446,0x1.97ce920000000p-4,0x1.97ce960000000p-4,1.4901161193847656e-08,1.4966680054361977e-07,1.0956223377434071e-06,False
dq_da,"[56, 1]",0.09906098991632462,0.09906098246574402,0x1.95c0fa0000000p-4,0x1.95c0f80000000p-4,7.450580596923828e-09,7.521205474745635e-08,1.090609885068261e-06,False
dq_da,"[57, 0]",0.42733967304229736,0.42733970284461975,0x1.b598880000000p-2,0x1.b5988a0000000p-2,2.9802322387695312e-08,6.973918937955833e-08,4.373396677692654e-06,False
dq_da,"[57, 1]",-0.6938658356666565,-0.6938657760620117,-0x1.6342620000000p-1,-0x1.6342600000000p-1,5.960464477539063e-08,8.590226195259106e-08,7.038658168312395e-06,False
dq_da,"[57, 2]",0.2104957103729248,0.2104957401752472,0x1.af18600000000p-3,0x1.af18640000000p-3,2.9802322387695312e-08,1.4158161387182674e-07,2.2049571271054447e-06,False
dq_da,"[58, 0]",-0.07657712697982788,-0.07657715678215027,-0x1.39a8f00000000p-4,-0x1.39a8f80000000p-4,2.9802322387695312e-08,3.8918047154662653e-07,8.657712555759645e-07,False
dq_da,"[58, 2]",0.45420002937316895,0.4542000889778137,0x1.d119d00000000p-2,0x1.d119d40000000p-2,5.960464477539063e-08,1.3122994478368844e-07,4.642000021704007e-06,False
dq_da,"[59, 1]",0.05244344845414162,0.052443452179431915,0x1.ad9de20000000p-5,0x1.ad9de40000000p-5,3.725290298461914e-09,7.10344267638967e-08,6.244345058803447e-07,False
dq_da,"[59, 2]",0.11416873335838318,0.11416874080896378,0x1.d3a2980000000p-4,0x1.d3a29a0000000p-4,7.450580596923828e-09,6.525937862107977e-08,1.2416873005349771e-06,False
dq_da,"[60, 0]",-0.20081941783428192,-0.2008194625377655,-0x1.9b47360000000p-3,-0x1.9b473c0000000p-3,4.470348358154297e-08,2.2260538380024937e-07,2.1081941667944193e-06,False
dq_da,"[60, 1]",0.05205677077174187,0.05205671861767769,0x1.aa72f60000000p-5,0x1.aa72da0000000p-5,5.21540641784668e-08,1.001868986594492e-06,6.205677323123382e-07,False
dq_da,"[61, 1]",0.4193245768547058,0.4193248152732849,0x1.ad636c0000000p-2,0x1.ad637c0000000p-2,2.384185791015625e-07,5.68577641906674e-07,4.293245638109511e-06,False
dq_da,"[62, 0]",0.10934947431087494,0.10934945195913315,0x1.bfe53c0000000p-4,0x1.bfe5360000000p-4,2.2351741790771484e-08,2.0440648600858044e-07,1.19349465421692e-06,False
dq_da,"[62, 1]",0.07507528364658356,0.07507526129484177,0x1.3382240000000p-4,0x1.33821e0000000p-4,2.2351741790771484e-08,2.977243735234112e-07,8.50752826409007e-07,False
dq_da,"[62, 2]",-0.052253007888793945,-0.05225301533937454,-0x1.ac0e800000000p-5,-0x1.ac0e840000000p-5,7.450580596923828e-09,1.4258663563981476e-07,6.22530080818251e-07,False
dq_da,"[63, 0]",0.06412769854068756,0.06412769109010696,0x1.06aac40000000p-4,0x1.06aac20000000p-4,7.450580596923828e-09,1.1618350208212454e-07,7.412770060000184e-07,False
dq_da,"[63, 1]",0.0672992467880249,0.06729920208454132,0x1.13a8600000000p-4,0x1.13a8540000000p-4,4.470348358154297e-08,6.642493893333948e-07,7.729924504928931e-07,False
dq_da,"[63, 2]",-0.15042224526405334,-0.15042221546173096,-0x1.3410940000000p-3,-0x1.3410900000000p-3,2.9802322387695312e-08,1.9812443522153186e-07,1.6042223478507367e-06,False
dq_da,"[64, 0]",0.1053820252418518,0.10538199543952942,0x1.afa5100000000p-4,0x1.afa5080000000p-4,2.9802322387695312e-08,2.828027106074206e-07,1.1538202215888305e-06,False
dq_da,"[65, 0]",0.08621101081371307,0.08621107786893845,0x1.611ecc0000000p-4,0x1.611ede0000000p-4,6.705522537231445e-08,7.778034933056182e-07,9.621101071388694e-07,False
dq_da,"[65, 2]",0.09918034821748734,0.09918037801980972,0x1.963e220000000p-4,0x1.963e2a0000000p-4,2.9802322387695312e-08,3.004861640770143e-07,1.0918033694906626e-06,False
dq_da,"[66, 0]",0.3232051134109497,0.32320499420166016,0x1.4af6480000000p-2,0x1.4af6400000000p-2,1.1920928955078125e-07,3.688347882021554e-07,3.3320511647616513e-06,False
dq_da,"[66, 1]",-0.28323906660079956,-0.2832391560077667,-0x1.22096c0000000p-2,-0x1.2209720000000p-2,8.940696716308594e-08,3.15659023439366e-07,2.9323907710931962e-06,False
dq_da,"[66, 2]",0.6348772048950195,0.6348770260810852,0x1.450ea00000000p-1,0x1.450e9a0000000p-1,1.7881393432617188e-07,2.816512121517101e-07,6.448771728173597e-06,False
dq_da,"[67, 0]",0.0029320542234927416,0.0029320467729121447,0x1.804f6a0000000p-9,0x1.804f2a0000000p-9,7.450580596923828e-09,2.5410787212688367e-06,1.2932054005432292e-07,False
dq_da,"[67, 1]",0.31089213490486145,0.310892254114151,0x1.3e5a820000000p-2,0x1.3e5a8a0000000p-2,1.1920928955078125e-07,3.834426032915288e-07,3.2089212709252024e-06,False
dq_da,"[68, 0]",0.09217618405818939,0.09217622876167297,0x1.798dbc0000000p-4,0x1.798dc80000000p-4,4.470348358154297e-08,4.849786746793766e-07,1.0217618182650767e-06,False
dq_da,"[68, 1]",0.05769273638725281,0.05769279599189758,0x1.d89e700000000p-5,0x1.d89e900000000p-5,5.960464477539063e-08,1.0331394991443022e-06,6.769273568352219e-07,False
dq_da,"[68, 2]",0.8779776096343994,0.877977728843689,0x1.c186480000000p-1,0x1.c1864c0000000p-1,1.1920928955078125e-07,1.3577714083212378e-07,8.879776032699738e-06,False
dq_da,"[69, 1]",0.09996256232261658,0.09996259957551956,0x1.9972580000000p-4,0x1.9972620000000p-4,3.725290298461914e-08,3.7266854829501156e-07,1.0996255923600984e-06,False
dq_da,"[70, 1]",0.360050767660141,0.3600507080554962,0x1.70b1260000000p-2,0x1.70b1220000000p-2,5.960464477539063e-08,1.6554511232608347e-07,3.700507704706979e-06,False
dq_da,"[70, 2]",-0.21603867411613464,-0.21603870391845703,-0x1.ba727c0000000p-3,-0x1.ba72800000000p-3,2.9802322387695312e-08,1.3794901542338967e-07,2.2603867364523467e-06,False
dq_da,"[71, 0]",-0.1225728839635849,-0.12257283926010132,-0x1.f60efc0000000p-4,-0x1.f60ef00000000p-4,4.470348358154297e-08,3.6470940501672377e-07,1.3257288173917914e-06,False
dq_da,"[71, 1]",0.22406940162181854,0.22406944632530212,0x1.cae4e60000000p-3,0x1.cae4ec0000000p-3,4.470348358154297e-08,1.995073100475938e-07,2.340693981750519e-06,False
dq_da,"[71, 2]",0.009946165606379509,0.009946135804057121,0x1.45ea7c0000000p-7,0x1.45ea3c0000000p-7,2.9802322387695312e-08,2.9963629771637815e-06,1.994616525280435e-07,False
dq_da,"[72, 0]",0.20871205627918243,0.20871207118034363,0x1.ab713a0000000p-3,0x1.ab713c0000000p-3,1.4901161193847656e-08,7.139578546394659e-08,2.187120571761625e-06,False
dq_da,"[72, 2]",0.3383018672466278,0.3383018970489502,0x1.5a6bce0000000p-2,0x1.5a6bd00000000p-2,2.9802322387695312e-08,8.809387494739694e-08,3.4830186450562906e-06,False
dq_da,"[73, 1]",0.058865733444690704,0.05886561796069145,0x1.e23a640000000p-5,0x1.e23a260000000p-5,1.1548399925231934e-07,1.9618204428018592e-06,6.886573373776628e-07,False
dq_da,"[74, 0]",0.24100720882415771,0.24100719392299652,0x1.ed95300000000p-3,0x1.ed952e0000000p-3,1.4901161193847656e-08,6.182869494463858e-08,2.510072135919472e-06,False
dq_da,"[74, 2]",0.013883605599403381,0.013883627951145172,0x1.c6f0200000000p-7,0x1.c6f0500000000p-7,2.2351741790771484e-08,1.6099378242012294e-06,2.388360655913857e-07,False
dq_da,"[75, 0]",-0.27129578590393066,-0.27129581570625305,-0x1.15ce900000000p-2,-0x1.15ce920000000p-2,2.9802322387695312e-08,1.0985177041507272e-07,2.8129579732194543e-06,False
dq_da,"[75, 1]",-0.2310320883989334,-0.23103214800357819,-0x1.d9275a0000000p-3,-0x1.d927620000000p-3,5.960464477539063e-08,2.5799292725289585e-07,2.4103208033920964e-06,False
dq_da,"[76, 0]",0.40741029381752014,0.40741026401519775,0x1.a1302a0000000p-2,0x1.a130280000000p-2,2.9802322387695312e-08,7.315063669216917e-08,4.174102741671959e-06,False
dq_da,"[76, 1]",0.1268143355846405,0.12681426107883453,0x1.03b73c0000000p-3,0x1.03b7320000000p-3,7.450580596923828e-08,5.875187976639313e-07,1.3681433301826473e-06,False
dq_da,"[76, 2]",-0.20663650333881378,-0.20663659274578094,-0x1.a7310a0000000p-3,-0x1.a731160000000p-3,8.940696716308594e-08,4.3267750720930866e-07,2.166364993172465e-06,False
dq_da,"[77, 2]",0.4361368417739868,0.43613681197166443,0x1.be9aa80000000p-2,0x1.be9aa60000000p-2,2.9802322387695312e-08,6.833250377673749e-08,4.461368007468991e-06,False
dq_da,"[78, 0]",0.2896968424320221,0.2896968722343445,0x1.28a64a0000000p-2,0x1.28a64c0000000p-2,2.9802322387695312e-08,1.0287417058985889e-07,2.9969685328978812e-06,False
dq_da,"[78, 1]",0.4594096541404724,0.4594097137451172,0x1.d66f7c0000000p-2,0x1.d66f800000000p-2,5.960464477539063e-08,1.2974182026476414e-07,4.694096332968911e-06,False
dq_da,"[78, 2]",0.049724116921424866,0.04972417652606964,0x1.9757080000000p-5,0x1.9757280000000p-5,5.960464477539063e-08,1.1987069548078489e-06,5.972411827315227e-07,False
dq_da,"[79, 0]",0.23817357420921326,0.23817354440689087,0x1.e7c78c0000000p-3,0x1.e7c7880000000p-3,2.9802322387695312e-08,1.251285852624303e-07,2.4817356916173594e-06,False
dq_da,"[79, 1]",-0.004464021418243647,-0.004464075434952974,-0x1.248dda0000000p-8,-0x1.248ec20000000p-8,5.4016709327697754e-08,1.2100459264586243e-05,1.4464021091953327e-07,False
dq_da,"[79, 2]",0.4681147038936615,0.4681147634983063,0x1.df59760000000p-2,0x1.df597a0000000p-2,5.960464477539063e-08,1.2732914450158057e-07,4.7811467993597034e-06,False
dq_da,"[80, 0]",-0.3199058771133423,-0.31990596652030945,-0x1.4795680000000p-2,-0x1.47956e0000000p-2,8.940696716308594e-08,2.7947897665977906e-07,3.2990587897074874e-06,False
dq_da,"[80, 1]",-0.7911443710327148,-0.7911445498466492,-0x1.9510e00000000p-1,-0x1.9510e60000000p-1,1.7881393432617188e-07,2.2601934725612513e-07,8.011443242139649e-06,False
dq_da,"[80, 2]",0.4481584131717682,0.4481585621833801,0x1.caea0a0000000p-2,0x1.caea140000000p-2,1.4901161193847656e-07,3.324976337805892e-07,4.581583652907284e-06,False
dq_da,"[81, 0]",-0.1768236607313156,-0.17682339251041412,-0x1.6a22860000000p-3,-0x1.6a22620000000p-3,2.682209014892578e-07,1.5168835459006855e-06,1.8682364952837816e-06,False
dq_da,"[81, 1]",-0.41144683957099915,-0.41144677996635437,-0x1.a552520000000p-2,-0x1.a5524e0000000p-2,5.960464477539063e-08,1.44865968195401e-07,4.214467935526045e-06,False
dq_da,"[81, 2]",0.038548026233911514,0.03854815289378166,0x1.3bc9120000000p-5,0x1.3bc9560000000p-5,1.2665987014770508e-07,3.2857679762674776e-06,4.854802568843297e-07,False
dq_da,"[82, 0]",-0.31158825755119324,-0.31158819794654846,-0x1.3f10fe0000000p-2,-0x1.3f10fa0000000p-2,5.960464477539063e-08,1.9129297504286636e-07,3.2158825433725724e-06,False
dq_da,"[82, 1]",0.0029409804847091436,0.0029408172704279423,0x1.817aee0000000p-9,0x1.8175740000000p-9,1.632142812013626e-07,5.549655363235235e-05,1.2940981264364382e-07,True
dq_da,"[82, 2]",1.3296840190887451,1.329683780670166,0x1.54662c0000000p+0,0x1.5466280000000p+0,2.384185791015625e-07,1.7930468869209602e-07,1.33968396767159e-05,False
dq_da,"[83, 0]",-0.2768511474132538,-0.27685117721557617,-0x1.1b7ede0000000p-2,-0x1.1b7ee00000000p-2,2.9802322387695312e-08,1.076474584488884e-07,2.868511501219473e-06,False
dq_da,"[83, 1]",-0.19269247353076935,-0.19269251823425293,-0x1.8aa25a0000000p-3,-0x1.8aa2600000000p-3,4.470348358154297e-08,2.31993926708324e-07,2.026924676101771e-06,False
dq_da,"[83, 2]",0.4034983515739441,0.40349841117858887,0x1.9d2eac0000000p-2,0x1.9d2eb00000000p-2,5.960464477539063e-08,1.477196735572478e-07,4.134983100811951e-06,False
dq_da,"[84, 2]",0.1206355169415474,0.12063533812761307,0x1.ee1f820000000p-4,0x1.ee1f520000000p-4,1.7881393432617188e-07,1.4822660760248093e-06,1.3063551023151376e-06,False
dq_da,"[85, 2]",0.17814268171787262,0.17814260721206665,0x1.6cd6120000000p-3,0x1.6cd6080000000p-3,7.450580596923828e-08,4.182366923567161e-07,1.8814267832567566e-06,False
dq_da,"[86, 0]",-0.5367255210876465,-0.5367255806922913,-0x1.12cdb00000000p-1,-0x1.12cdb20000000p-1,5.960464477539063e-08,1.1105237674296706e-07,5.467255050461972e-06,False
dq_da,"[87, 0]",-0.01019343826919794,-0.010193395428359509,-0x1.4e04c20000000p-7,-0x1.4e04660000000p-7,4.284083843231201e-08,4.202785880576377e-06,2.0193438388105278e-07,False
dq_da,"[87, 1]",0.20516587793827057,0.20516586303710938,0x1.a42e020000000p-3,0x1.a42e000000000p-3,1.4901161193847656e-08,7.262982199374817e-08,2.1516589185921475e-06,False
dq_da,"[87, 2]",0.04185471683740616,0.04185468703508377,0x1.56dfb40000000p-5,0x1.56dfa40000000p-5,2.9802322387695312e-08,7.120421457746084e-07,5.185471536606201e-07,False
dq_da,"[88, 1]",-0.11209284514188766,-0.11209265887737274,-0x1.cb21de0000000p-4,-0x1.cb21ac0000000p-4,1.862645149230957e-07,1.6616985204302843e-06,1.2209284250275232e-06,False
dq_da,"[88, 2]",0.615889847278595,0.6158900260925293,0x1.3b55ea0000000p-1,0x1.3b55f00000000p-1,1.7881393432617188e-07,2.903342783068905e-07,6.258898338273866e-06,False
dq_da,"[89, 1]",-0.38809075951576233,-0.3880907893180847,-0x1.8d67aa0000000p-2,-0x1.8d67ac0000000p-2,2.9802322387695312e-08,7.679214631361222e-08,3.980907422374003e-06,False
dq_da,"[89, 2]",0.19948388636112213,0.19948387145996094,0x1.988b020000000p-3,0x1.988b000000000p-3,1.4901161193847656e-08,7.46985707250176e-08,2.09483891921991e-06,False
dq_da,"[90, 0]",-0.09838248044252396,-0.09838249534368515,-0x1.92f9820000000p-4,-0x1.92f9860000000p-4,1.4901161193847656e-08,1.5146153183800916e-07,1.0838247135325219e-06,False
dq_da,"[90, 1]",-0.06048233434557915,-0.060482364147901535,-0x1.ef78a60000000p-5,-0x1.ef78b60000000p-5,2.9802322387695312e-08,4.927442485505466e-07,7.048233783280011e-07,False
dq_da,"[90, 2]",0.694504976272583,0.6945050954818726,0x1.6396280000000p-1,0x1.63962c0000000p-1,1.1920928955078125e-07,1.716464152504407e-07,7.045049642329104e-06,False
dq_da,"[91, 0]",-0.2546806335449219,-0.2546808421611786,-0x1.04cb000000000p-2,-0x1.04cb0e0000000p-2,2.086162567138672e-07,8.191288587990354e-07,2.6468062515050406e-06,False
dq_da,"[91, 1]",0.11695532500743866,0.11695525795221329,0x1.df0c8c0000000p-4,0x1.df0c7a0000000p-4,6.705522537231445e-08,5.733405073095181e-07,1.2695531950157601e-06,False
dq_da,"[91, 2]",-0.4680677652359009,-0.4680677056312561,-0x1.df4d280000000p-2,-0x1.df4d240000000p-2,5.960464477539063e-08,1.273419132918725e-07,4.780677500093589e-06,False
dq_da,"[92, 0]",-0.0149438651278615,-0.014943932183086872,-0x1.e9ae3a0000000p-7,-0x1.e9aeca0000000p-7,6.705522537231445e-08,4.487140696103847e-06,2.4943864218585077e-07,False
dq_da,"[92, 2]",0.4182119071483612,0.41821205615997314,0x1.ac3fbe0000000p-2,0x1.ac3fc80000000p-2,1.4901161193847656e-07,3.5630647858530366e-07,4.282118879928021e-06,False
dq_da,"[93, 0]",1.1350769996643066,1.1350767612457275,0x1.2294680000000p+0,0x1.2294640000000p+0,2.384185791015625e-07,2.100461723496059e-07,1.1450769306975417e-05,False
dq_da,"[93, 1]",-0.8793616890907288,-0.8793612718582153,-0x1.c23bb20000000p-1,-0x1.c23ba40000000p-1,4.172325134277344e-07,4.7447201601329497e-07,8.893616723071318e-06,False
dq_da,"[93, 2]",2.8266143798828125,2.8266148567199707,0x1.69ce800000000p+1,0x1.69ce840000000p+1,4.76837158203125e-07,1.68695511349834e-07,2.836614294210449e-05,False
dq_da,"[94, 0]",0.08309078961610794,0.0830908864736557,0x1.5457020000000p-4,0x1.54571c0000000p-4,9.685754776000977e-08,1.1656833231156707e-06,9.309079018748889e-07,False
dq_da,"[94, 2]",0.4942290782928467,0.4942290484905243,0x1.fa17300000000p-2,0x1.fa172e0000000p-2,2.9802322387695312e-08,6.030062514864104e-08,5.042290467827115e-06,False
dq_da,"[95, 0]",-0.1281595230102539,-0.1281595379114151,-0x1.0678800000000p-3,-0x1.0678820000000p-3,1.4901161193847656e-08,1.1627041708524017e-07,1.3815952115692198e-06,False
dq_da,"[95, 1]",-0.14387574791908264,-0.14387573301792145,-0x1.26a8540000000p-3,-0x1.26a8520000000p-3,1.4901161193847656e-08,1.0356965235189073e-07,1.5387573739644722e-06,False
dq_da,"[95, 2]",0.5628651976585388,0.562865138053894,0x1.202fde0000000p-1,0x1.202fdc0000000p-1,5.960464477539063e-08,1.0589506159439205e-07,5.728651558456477e-06,False
dq_da,"[96, 0]",0.41233381628990173,0.41233372688293457,0x1.a63ad60000000p-2,0x1.a63ad00000000p-2,8.940696716308594e-08,2.1683151764643555e-07,4.2233377826050855e-06,False
dq_da,"[96, 1]",0.2008913904428482,0.20089125633239746,0x1.9b6cf20000000p-3,0x1.9b6ce00000000p-3,1.341104507446289e-07,6.675768954010108e-07,2.1089140318508726e-06,False
dq_da,"[97, 0]",0.10277208685874939,0.10277209430932999,0x1.a4f4580000000p-4,0x1.a4f45a0000000p-4,7.450580596923828e-09,7.249614972948787e-08,1.127720793192566e-06,False
dq_da,"[97, 1]",0.22950422763824463,0.22950425744056702,0x1.d606500000000p-3,0x1.d606540000000p-3,2.9802322387695312e-08,1.298552218160928e-07,2.395042201897013e-06,False
dq_da,"[98, 0]",-0.9662631154060364,-0.966264009475708,-0x1.eeba0a0000000p-1,-0x1.eeba280000000p-1,8.940696716308594e-07,9.252859364865228e-07,9.762630725163035e-06,False
dq_da,"[98, 1]",-1.2088019847869873,-1.208802580833435,-0x1.35740c0000000p+0,-0x1.3574160000000p+0,5.960464477539062e-07,4.930885746840831e-07,1.2188019354653079e-05,False
dq_da,"[98, 2]",0.7216237783432007,0.7216244339942932,0x1.7178ac0000000p-1,0x1.7178c20000000p-1,6.556510925292969e-07,9.08577450197979e-07,7.316237315535545e-06,False
dq_da,"[99, 0]",0.5254472494125366,0.5254471302032471,0x1.0d076c0000000p-1,0x1.0d07680000000p-1,1.1920928955078125e-07,2.268720403124391e-07,5.354472250473918e-06,False
dq_da,"[99, 1]",-0.4515441954135895,-0.4515440762042999,-0x1.ce619a0000000p-2,-0x1.ce61920000000p-2,1.1920928955078125e-07,2.640035920328732e-07,4.615441866917536e-06,False
dq_da,"[100, 0]",0.2893942594528198,0.28939419984817505,0x1.2856f80000000p-2,0x1.2856f40000000p-2,5.960464477539063e-08,2.0596346620036538e-07,2.9939426440250827e-06,False
dq_da,"[100, 2]",-0.19299161434173584,-0.19299152493476868,-0x1.8b3f300000000p-3,-0x1.8b3f240000000p-3,8.940696716308594e-08,4.6326866308693826e-07,2.0299162315495778e-06,False
dq_da,"[101, 0]",-0.07919172942638397,-0.07919171452522278,-0x1.445e8c0000000p-4,-0x1.445e880000000p-4,1.4901161193847656e-08,1.8816562413502614e-07,8.919172955756949e-07,False
dq_da,"[101, 1]",0.06375481188297272,0.06375480443239212,0x1.0523c40000000p-4,0x1.0523c20000000p-4,7.450580596923828e-09,1.1686303161869556e-07,7.375481345661683e-07,False
dq_da,"[101, 2]",-0.14243736863136292,-0.1424374282360077,-0x1.23b6340000000p-3,-0x1.23b63c0000000p-3,5.960464477539063e-08,4.1846213074640046e-07,1.5243736015690956e-06,False
dq_da,"[102, 0]",0.451443612575531,0.4514436721801758,0x1.ce473c0000000p-2,0x1.ce47400000000p-2,5.960464477539063e-08,1.3203120636781226e-07,4.614435965777375e-06,False
dq_da,"[102, 1]",0.02430521696805954,0.024305231869220734,0x1.8e37780000000p-6,0x1.8e37880000000p-6,1.4901161193847656e-08,6.130848868138009e-07,3.4305216445318365e-07,False
dq_da,"[102, 2]",0.35422128438949585,0.35422125458717346,0x1.6ab8fc0000000p-2,0x1.6ab8fa0000000p-2,2.9802322387695312e-08,8.41347589799973e-08,3.6422127323021414e-06,False
dq_da,"[103, 0]",-0.20270629227161407,-0.20270635187625885,-0x1.9f247a0000000p-3,-0x1.9f24820000000p-3,5.960464477539063e-08,2.940443737953829e-07,2.1270629986247513e-06,False
dq_da,"[103, 1]",-0.1781701296567917,-0.17817017436027527,-0x1.6ce4760000000p-3,-0x1.6ce47c0000000p-3,4.470348358154297e-08,2.5090335662692217e-07,1.8817012232830166e-06,False
dq_da,"[103, 2]",0.3589198589324951,0.3589199483394623,0x1.6f88b00000000p-2,0x1.6f88b60000000p-2,8.940696716308594e-08,2.4910008442832197e-07,3.6891985928377835e-06,False
dq_da,"[104, 0]",0.3457624018192291,0.34576237201690674,0x1.620f8a0000000p-2,0x1.620f880000000p-2,2.9802322387695312e-08,8.619306850857807e-08,3.557624040695373e-06,False
dq_da,"[104, 1]",0.15513664484024048,0.15513670444488525,0x1.3db8480000000p-3,0x1.3db8500000000p-3,5.960464477539063e-08,3.8420738592594557e-07,1.6513663467776496e-06,False
dq_da,"[104, 2]",0.5362551808357239,0.5362552404403687,0x1.12900a0000000p-1,0x1.12900c0000000p-1,5.960464477539063e-08,1.1114977888418737e-07,5.4625515986117534e-06,False
dq_da,"[105, 0]",0.926011323928833,0.9260112047195435,0x1.da1e280000000p-1,0x1.da1e240000000p-1,1.1920928955078125e-07,1.2873415958349864e-07,9.360112926515285e-06,False
dq_da,"[105, 1]",0.33842143416404724,0.33842140436172485,0x1.5a8b260000000p-2,0x1.5a8b240000000p-2,2.9802322387695312e-08,8.806275069813948e-08,3.4842144032154465e-06,False
dq_da,"[105, 2]",0.08512995392084122,0.08512996882200241,0x1.5cb13a0000000p-4,0x1.5cb13e0000000p-4,1.4901161193847656e-08,1.7504016515389662e-07,9.512995120530832e-07,False
dq_da,"[106, 0]",-0.05753248184919357,-0.057532452046871185,-0x1.d74e5c0000000p-5,-0x1.d74e4c0000000p-5,2.9802322387695312e-08,5.180086349449403e-07,6.75324827170698e-07,False
dq_da,"[106, 2]",0.28476232290267944,0.2847621738910675,0x1.2398bc0000000p-2,0x1.2398b20000000p-2,1.4901161193847656e-07,5.232841564837314e-07,2.9476232157321647e-06,False
dq_da,"[107, 0]",0.3818400800228119,0.38184013962745667,0x1.8701160000000p-2,0x1.87011a0000000p-2,5.960464477539063e-08,1.5609845035604886e-07,3.918400580005255e-06,False
dq_da,"[107, 1]",0.28728604316711426,0.28728601336479187,0x1.262e500000000p-2,0x1.262e4e0000000p-2,2.9802322387695312e-08,1.0373745295506509e-07,2.9728603294643108e-06,False
dq_da,"[107, 2]",0.4879874289035797,0.4879873991012573,0x1.f3b2fa0000000p-2,0x1.f3b2f80000000p-2,2.9802322387695312e-08,6.107190600105373e-08,4.9798741201811936e-06,False
dq_da,"[108, 0]",-0.6899632811546326,-0.6899634003639221,-0x1.6142de0000000p-1,-0x1.6142e20000000p-1,1.1920928955078125e-07,1.7277628071929876e-07,6.99963266015402e-06,False
dq_da,"[108, 1]",-0.7353318333625793,-0.7353318929672241,-0x1.787d6a0000000p-1,-0x1.787d6c0000000p-1,5.960464477539063e-08,8.105815914813062e-08,7.453318175976165e-06,False
dq_da,"[108, 2]",1.3432047367095947,1.3432049751281738,0x1.57dc440000000p+0,0x1.57dc480000000p+0,2.384185791015625e-07,1.774998051939638e-07,1.3532046978070866e-05,False
dq_da,"[109, 0]",-0.11827387660741806,-0.11827388405799866,-0x1.e473260000000p-4,-0x1.e473280000000p-4,7.450580596923828e-09,6.29943044959476e-08,1.2827387081415509e-06,False
dq_da,"[109, 1]",-0.5471525192260742,-0.547152578830719,-0x1.1824600000000p-1,-0x1.1824620000000p-1,5.960464477539063e-08,1.0893606934260132e-07,5.571524980041431e-06,False
dq_da,"[110, 0]",0.2726597487926483,0.2726598083972931,0x1.17341e0000000p-2,0x1.1734220000000p-2,5.960464477539063e-08,2.186044879719985e-07,2.8265974378882675e-06,False
dq_da,"[110, 1]",-0.019748441874980927,-0.019748428836464882,-0x1.438ef80000000p-6,-0x1.438eea0000000p-6,1.30385160446167e-08,6.60230114717812e-07,2.974844051095715e-07,False
dq_da,"[110, 2]",0.2943858206272125,0.2943858802318573,0x1.2d737a0000000p-2,0x1.2d737e0000000p-2,5.960464477539063e-08,2.0247118101136176e-07,3.043858214368811e-06,False
dq_da,"[111, 0]",-1.287223219871521,-1.2872236967086792,-0x1.4987760000000p+0,-0x1.49877e0000000p+0,4.76837158203125e-07,3.704385928112131e-07,1.2972232070751488e-05,False
dq_da,"[111, 1]",-0.034239303320646286,-0.034239571541547775,-0x1.187d060000000p-5,-0x1.187d960000000p-5,2.682209014892578e-07,7.83371375805771e-06,4.4239303065296554e-07,False
dq_da,"[111, 2]",1.4956351518630981,1.4956352710723877,0x1.7ee1f20000000p+0,0x1.7ee1f40000000p+0,1.1920928955078125e-07,7.970479257744336e-08,1.5056351003295276e-05,False
dq_da,"[112, 0]",1.1604090929031372,1.1604089736938477,0x1.2910920000000p+0,0x1.2910900000000p+0,1.1920928955078125e-07,1.027303993736733e-07,1.170409086626023e-05,False
dq_da,"[112, 1]",0.21714536845684052,0.21714526414871216,0x1.bcb6b60000000p-3,0x1.bcb6a80000000p-3,1.043081283569336e-07,4.803608250924574e-07,2.271453695357195e-06,False
dq_da,"[112, 2]",-0.046814415603876114,-0.0468144454061985,-0x1.7f80f20000000p-5,-0x1.7f81020000000p-5,2.9802322387695312e-08,6.366056694986865e-07,5.681441734850523e-07,False
dq_da,"[113, 0]",0.24354419112205505,0.24354425072669983,0x1.f2c74c0000000p-3,0x1.f2c7540000000p-3,5.960464477539063e-08,2.4473851953019507e-07,2.535442035878077e-06,False
dq_da,"[113, 2]",-0.1537221074104309,-0.15372207760810852,-0x1.3ad2a80000000p-3,-0x1.3ad2a40000000p-3,2.9802322387695312e-08,1.938714143966586e-07,1.6372209756809752e-06,False
dq_da,"[114, 0]",0.49954888224601746,0.49954885244369507,0x1.ff89be0000000p-2,0x1.ff89bc0000000p-2,2.9802322387695312e-08,5.965847076606667e-08,5.095488631923217e-06,False
dq_da,"[114, 1]",-0.2813813388347626,-0.28138139843940735,-0x1.20226e0000000p-2,-0x1.2022720000000p-2,5.960464477539063e-08,2.1182870556456003e-07,2.9138134323147824e-06,False
dq_da,"[115, 0]",0.2482769787311554,0.24827700853347778,0x1.fc78a40000000p-3,0x1.fc78a80000000p-3,2.9802322387695312e-08,1.2003659195469147e-07,2.582769866421586e-06,False
dq_da,"[115, 1]",0.12435393035411835,0.12435396015644073,0x1.fd5a8c0000000p-4,0x1.fd5a940000000p-4,2.9802322387695312e-08,2.396572613573876e-07,1.3435392247629352e-06,False
dq_da,"[115, 2]",0.005282297730445862,0.005282312631607056,0x1.5a2e400000000p-8,0x1.5a2e800000000p-8,1.4901161193847656e-08,2.820962004462762e-06,1.5282297738394846e-07,False
dq_da,"[117, 0]",0.2244718074798584,0.224471777677536,0x1.cbb7e00000000p-3,0x1.cbb7dc0000000p-3,2.9802322387695312e-08,1.327664383437971e-07,2.3447180410585133e-06,False
dq_da,"[117, 1]",0.043449919670820236,0.043449971824884415,0x1.63f1160000000p-5,0x1.63f1320000000p-5,5.21540641784668e-08,1.2003259056308918e-06,5.344991791389475e-07,False
dq_da,"[117, 2]",-0.11436663568019867,-0.1143665760755539,-0x1.d4721c0000000p-4,-0x1.d4720c0000000p-4,5.960464477539063e-08,5.211716198600264e-07,1.2436662473191973e-06,False
dq_da,"[119, 0]",0.06535068154335022,0.06535071134567261,0x1.0bad280000000p-4,0x1.0bad300000000p-4,2.9802322387695312e-08,4.560369025061508e-07,7.535068107245024e-07,False
dq_da,"[119, 1]",0.041093237698078156,0.04109323024749756,0x1.50a2c40000000p-5,0x1.50a2c00000000p-5,7.450580596923828e-09,1.8130916457994928e-07,5.109323524266074e-07,False
dq_da,"[120, 1]",-0.3051014542579651,-0.30510151386260986,-0x1.386c840000000p-2,-0x1.386c880000000p-2,5.960464477539063e-08,1.9536008086344468e-07,3.151014652758022e-06,False
dq_da,"[121, 0]",-0.052426133304834366,-0.05242614075541496,-0x1.ad79920000000p-5,-0x1.ad79960000000p-5,7.450580596923828e-09,1.4211577561141226e-07,6.242613608264946e-07,False
dq_da,"[122, 0]",0.7903728485107422,0.7903732061386108,0x1.94abc00000000p-1,0x1.94abcc0000000p-1,3.5762786865234375e-07,4.52479952121588e-07,8.003727998584509e-06,False
dq_da,"[122, 1]",-1.7656853199005127,-1.7656852006912231,-0x1.c403f40000000p+0,-0x1.c403f20000000p+0,1.1920928955078125e-07,6.751445923416189e-08,1.7756852685124613e-05,False
dq_da,"[123, 0]",0.03305225074291229,0.03305226191878319,0x1.0ec3980000000p-5,0x1.0ec39e0000000p-5,1.1175870895385742e-08,3.381273784443345e-07,4.305225047573913e-07,False
dq_da,"[123, 1]",0.051696036010980606,0.05169600248336792,0x1.a77e720000000p-5,0x1.a77e600000000p-5,3.3527612686157227e-08,6.485528731648926e-07,6.169603921080125e-07,False
dq_da,"[123, 2]",-0.025351054966449738,-0.025351112708449364,-0x1.9f5a080000000p-6,-0x1.9f5a460000000p-6,5.774199962615967e-08,2.277696123596315e-06,3.5351052929399884e-07,False
dq_da,"[124, 0]",0.46059155464172363,0.46059149503707886,0x1.d7a5500000000p-2,0x1.d7a54c0000000p-2,5.960464477539063e-08,1.294088963957552e-07,4.70591521661845e-06,False
dq_da,"[125, 2]",0.2860070466995239,0.2860071063041687,0x1.24df080000000p-2,0x1.24df0c0000000p-2,5.960464477539063e-08,2.0840271407022587e-07,2.960070560220629e-06,False
dq_da,"[126, 0]",-0.945487380027771,-0.9454874992370605,-0x1.e416ec0000000p-1,-0x1.e416f00000000p-1,1.1920928955078125e-07,1.2608236986439714e-07,9.554873031447642e-06,False
dq_da,"[126, 1]",-0.8515729904174805,-0.8515729308128357,-0x1.b401600000000p-1,-0x1.b4015e0000000p-1,5.960464477539063e-08,6.999358298831163e-08,8.615729711891618e-06,False
dq_da,"[126, 2]",2.089080333709717,2.0890800952911377,0x1.0b66fc0000000p+1,0x1.0b66fa0000000p+1,2.384185791015625e-07,1.1412609426952338e-07,2.099080302286893e-05,False
dq_da,"[127, 0]",-0.1421947330236435,-0.1421946883201599,-0x1.2336fe0000000p-3,-0x1.2336f80000000p-3,4.470348358154297e-08,3.1438213378908964e-07,1.521947297078441e-06,False
dq_da,"[127, 1]",0.19694319367408752,0.19694317877292633,0x1.9356f40000000p-3,0x1.9356f20000000p-3,1.4901161193847656e-08,7.566222988394776e-08,2.069431957352208e-06,False
dq_da,"[127, 2]",0.045865923166275024,0.045865900814533234,0x1.77bbd00000000p-5,0x1.77bbc40000000p-5,2.2351741790771484e-08,4.873278514364801e-07,5.58659223770519e-07,False
dq_da,"[128, 0]",0.4268953502178192,0.4268953204154968,0x1.b5240e0000000p-2,0x1.b5240c0000000p-2,2.9802322387695312e-08,6.981177558502093e-08,4.368953341327142e-06,False
dq_da,"[128, 1]",0.04631822183728218,0.04631824418902397,0x1.7b705a0000000p-5,0x1.7b70660000000p-5,2.2351741790771484e-08,4.825690819758598e-07,5.631821977658547e-07,False
dq_da,"[128, 2]",-0.009941097348928452,-0.009941119700670242,-0x1.45bff80000000p-7,-0x1.45c0280000000p-7,2.2351741790771484e-08,2.2484179569150656e-06,1.9941097662012908e-07,False
dq_da,"[130, 0]",0.01548147201538086,0.01548148412257433,0x1.fb4c000000000p-7,0x1.fb4c1a0000000p-7,1.210719347000122e-08,7.820440755228386e-07,2.548147222114494e-07,False
dq_da,"[130, 1]",0.016743386164307594,0.01674336940050125,0x1.1252da0000000p-6,0x1.1252c80000000p-6,1.6763806343078613e-08,1.0012195967154212e-06,2.6743384751171106e-07,False
dq_da,"[130, 2]",-0.19432616233825684,-0.19432610273361206,-0x1.8dfae00000000p-3,-0x1.8dfad80000000p-3,5.960464477539063e-08,3.067247562458362e-07,2.043261702056043e-06,False
dq_da,"[131, 0]",0.14534519612789154,0.1453453004360199,0x1.29aabe0000000p-3,0x1.29aacc0000000p-3,1.043081283569336e-07,7.176579008854975e-07,1.553451852487342e-06,False
dq_da,"[131, 2]",0.6575863361358643,0.6575862169265747,0x1.50af280000000p-1,0x1.50af240000000p-1,1.1920928955078125e-07,1.8128310002802638e-07,6.675863005511928e-06,False
dq_da,"[132, 0]",-0.5761803388595581,-0.5761802792549133,-0x1.27011c0000000p-1,-0x1.27011a0000000p-1,5.960464477539063e-08,1.0344789774216688e-07,5.861802947038086e-06,False
dq_da,"[132, 1]",-0.3451942801475525,-0.34519436955451965,-0x1.617a9c0000000p-2,-0x1.617aa20000000p-2,8.940696716308594e-08,2.590047758753973e-07,3.5519428820407484e-06,False
dq_da,"[132, 2]",0.7967814207077026,0.7967814803123474,0x1.97f3bc0000000p-1,0x1.97f3be0000000p-1,5.960464477539063e-08,7.480677037179114e-08,8.067813723755535e-06,False
dq_da,"[133, 0]",-0.2546975314617157,-0.25469738245010376,-0x1.04cf6e0000000p-2,-0x1.04cf640000000p-2,1.4901161193847656e-07,5.850532240469512e-07,2.6469754175195703e-06,False
dq_da,"[133, 2]",1.13560152053833,1.1356016397476196,0x1.22b6c80000000p+0,0x1.22b6ca0000000p+0,1.1920928955078125e-07,1.0497457725687993e-07,1.1456014362920541e-05,False
dq_da,"[134, 1]",0.8127780556678772,0.8127779364585876,0x1.a024720000000p-1,0x1.a0246e0000000p-1,1.1920928955078125e-07,1.4666893221277292e-07,8.227780199376866e-06,False
dq_da,"[134, 2]",2.8269433975219727,2.826944351196289,0x1.69d9480000000p+1,0x1.69d9500000000p+1,9.5367431640625e-07,3.3735175498816737e-07,2.8369433493935503e-05,False
dq_da,"[135, 0]",-0.40718603134155273,-0.4071860611438751,-0x1.a0f5600000000p-2,-0x1.a0f5620000000p-2,2.9802322387695312e-08,7.319092526211134e-08,4.171859927737387e-06,False
dq_da,"[135, 1]",-0.05168551579117775,-0.05168546736240387,-0x1.a768620000000p-5,-0x1.a768480000000p-5,4.842877388000488e-08,9.369892732747234e-07,6.168551749397011e-07,False
dq_da,"[135, 2]",0.4086030423641205,0.4086030125617981,0x1.a268d60000000p-2,0x1.a268d40000000p-2,2.9802322387695312e-08,7.293710349111258e-08,4.18603030993836e-06,False
dq_da,"[136, 0]",0.20052973926067352,0.20052972435951233,0x1.9aaf560000000p-3,0x1.9aaf540000000p-3,1.4901161193847656e-08,7.430898403791006e-08,2.1052974261692725e-06,False
dq_da,"[136, 1]",-0.10657963156700134,-0.10657960176467896,-0x1.b48cd80000000p-4,-0x1.b48cd00000000p-4,2.9802322387695312e-08,2.7962493348421894e-07,1.165796220448101e-06,False
dq_da,"[137, 0]",0.17375868558883667,0.1737585812807083,0x1.63db980000000p-3,0x1.63db8a0000000p-3,1.043081283569336e-07,6.003045430704788e-07,1.8375867512077093e-06,False
dq_da,"[137, 1]",0.2899406850337982,0.28994059562683105,0x1.28e6360000000p-2,0x1.28e6300000000p-2,8.940696716308594e-08,3.083629575913564e-07,2.9994068881933345e-06,False
dq_da,"[137, 2]",-0.10211313515901566,-0.10211307555437088,-0x1.a241620000000p-4,-0x1.a241520000000p-4,5.960464477539063e-08,5.837118278914001e-07,1.1211312767045456e-06,False
dq_da,"[138, 2]",0.6815130114555359,0.6815131306648254,0x1.5cef460000000p-1,0x1.5cef4a0000000p-1,1.1920928955078125e-07,1.7491858195954465e-07,6.915129688422894e-06,False
dq_da,"[139, 0]",1.3230133056640625,1.3230128288269043,0x1.52b1000000000p+0,0x1.52b0f80000000p+0,4.76837158203125e-07,3.6041750764085116e-07,1.3330132787814364e-05,False
dq_da,"[139, 2]",1.4604413509368896,1.4604412317276,0x1.75df7c0000000p+0,0x1.75df7a0000000p+0,1.1920928955078125e-07,8.162552332163639e-08,1.4704412933497224e-05,False
dq_da,"[140, 0]",2.9019103050231934,2.901909828186035,0x1.7371cc0000000p+1,0x1.7371c80000000p+1,4.76837158203125e-07,1.6431836551864545e-07,2.9119102691765875e-05,False
dq_da,"[140, 1]",0.1413719356060028,0.14137181639671326,0x1.21879c0000000p-3,0x1.21878c0000000p-3,1.1920928955078125e-07,8.432316431106394e-07,1.5137193258851767e-06,False
dq_da,"[140, 2]",2.293024778366089,2.2930243015289307,0x1.2581d60000000p+1,0x1.2581d20000000p+1,4.76837158203125e-07,2.0795115809559577e-07,2.3030248485156335e-05,False
dq_da,"[141, 0]",0.19460830092430115,0.19460828602313995,0x1.8e8ecc0000000p-3,0x1.8e8eca0000000p-3,1.4901161193847656e-08,7.657001845796865e-08,2.0460829546209425e-06,False
dq_da,"[141, 1]",0.11609257757663727,0.11609256267547607,0x1.db83e40000000p-4,0x1.db83e00000000p-4,1.4901161193847656e-08,1.2835584759078e-07,1.2609257282747421e-06,False
dq_da,"[141, 2]",0.20777364075183868,0.2077736258506775,0x1.a9853a0000000p-3,0x1.a985380000000p-3,1.4901161193847656e-08,7.171824654911521e-08,2.177736405428732e-06,False
dq_da,"[142, 0]",-0.4239582419395447,-0.42395830154418945,-0x1.b2221c0000000p-2,-0x1.b222200000000p-2,5.960464477539063e-08,1.4059083862294648e-07,4.339582119428087e-06,False
dq_da,"[142, 1]",-0.38959038257598877,-0.389590322971344,-0x1.8ef0c80000000p-2,-0x1.8ef0c40000000p-2,5.960464477539063e-08,1.5299311133216916e-07,3.9959036257641856e-06,False
dq_da,"[142, 2]",0.6723562479019165,0.6723561882972717,0x1.583f140000000p-1,0x1.583f120000000p-1,5.960464477539063e-08,8.86503917549462e-08,6.823562216595747e-06,False
dq_da,"[143, 0]",0.11290254443883896,0.11290261894464493,0x1.ce72e60000000p-4,0x1.ce72fa0000000p-4,7.450580596923828e-08,6.599125497087377e-07,1.2290254289837321e-06,False
dq_da,"[143, 1]",0.10867069661617279,0.10867074877023697,0x1.bd1d7c0000000p-4,0x1.bd1d8a0000000p-4,5.21540641784668e-08,4.79927577557325e-07,1.1867068678839132e-06,False
dq_da,"[143, 2]",-0.09122252464294434,-0.09122251719236374,-0x1.75a5c00000000p-4,-0x1.75a5be0000000p-4,7.450580596923828e-09,8.167479058583693e-08,1.012225197882799e-06,False
dq_da,"[144, 0]",-0.20318233966827393,-0.2031823694705963,-0x1.a01e100000000p-3,-0x1.a01e140000000p-3,2.9802322387695312e-08,1.4667772029966845e-07,2.1318235212675063e-06,False
dq_da,"[144, 2]",0.23466137051582336,0.2346613109111786,0x1.e096240000000p-3,0x1.e0961c0000000p-3,5.960464477539063e-08,2.540027983488294e-07,2.4466137347189942e-06,False
dq_da,"[145, 0]",-0.015669377520680428,-0.015669401735067368,-0x1.00ba220000000p-6,-0x1.00ba3c0000000p-6,2.421438694000244e-08,1.5453317726274908e-06,2.566937666870217e-07,False
dq_da,"[145, 1]",0.03772873431444168,0.0377286933362484,0x1.3512e40000000p-5,0x1.3512ce0000000p-5,4.0978193283081055e-08,1.0861269010923475e-06,4.772873580805026e-07,False
dq_da,"[145, 2]",0.02091745287179947,0.020917411893606186,0x1.56b6280000000p-6,0x1.56b5fc0000000p-6,4.0978193283081055e-08,1.959043174818245e-06,3.09174538415391e-07,False
dq_da,"[146, 0]",-0.00685656676068902,-0.006856751162558794,-0x1.c15a1a0000000p-8,-0x1.c15d320000000p-8,1.8440186977386475e-07,2.6894198833022682e-05,1.6856566276146623e-07,True
dq_da,"[146, 2]",0.7124279141426086,0.7124277353286743,0x1.6cc35a0000000p-1,0x1.6cc3540000000p-1,1.7881393432617188e-07,2.5099231904938837e-07,7.2242787609866355e-06,False
dq_da,"[147, 0]",0.5416977405548096,0.5416974425315857,0x1.1559680000000p-1,0x1.15595e0000000p-1,2.980232238769531e-07,5.501651595809062e-07,5.516977125807898e-06,False
dq_da,"[147, 1]",1.1160061359405518,1.1160056591033936,0x1.1db2940000000p+0,0x1.1db28c0000000p+0,4.76837158203125e-07,4.2727109004759586e-07,1.1260061000939459e-05,False
dq_da,"[148, 0]",1.1585465669631958,1.1585466861724854,0x1.2896820000000p+0,0x1.2896840000000p+0,1.1920928955078125e-07,1.0289555288507297e-07,1.1685465324262623e-05,False
dq_da,"[148, 1]",-0.9521039128303528,-0.9521036744117737,-0x1.e77a2a0000000p-1,-0x1.e77a220000000p-1,2.384185791015625e-07,2.50412350888053e-07,9.621038771001622e-06,False
dq_da,"[148, 2]",0.5463188886642456,0.5463186502456665,0x1.17b71c0000000p-1,0x1.17b7140000000p-1,2.384185791015625e-07,4.364091816127719e-07,5.563188551604981e-06,False
dq_da,"[149, 0]",0.09611761569976807,0.09611759334802628,0x1.89b2a00000000p-4,0x1.89b29a0000000p-4,2.2351741790771484e-08,2.3254573709557197e-07,1.0611761354084592e-06,False
dq_da,"[150, 0]",-0.2023627609014511,-0.2023627758026123,-0x1.9e705e0000000p-3,-0x1.9e70600000000p-3,1.4901161193847656e-08,7.363588600723031e-08,2.1236276097624796e-06,False
dq_da,"[150, 1]",0.016679774969816208,0.016679760068655014,0x1.11480c0000000p-6,0x1.1147fc0000000p-6,1.4901161193847656e-08,8.933670400717552e-07,2.667977412329492e-07,False
dq_da,"[151, 0]",-0.11166571825742722,-0.1116657555103302,-0x1.c961fe0000000p-4,-0x1.c962080000000p-4,3.725290298461914e-08,3.336109198593843e-07,1.2166570968474844e-06,False
dq_da,"[151, 1]",-0.3075141906738281,-0.30751416087150574,-0x1.3ae5000000000p-2,-0x1.3ae4fe0000000p-2,2.9802322387695312e-08,9.691364916328631e-08,3.1751419555803295e-06,False
dq_da,"[151, 2]",0.8483566641807556,0.8483567237854004,0x1.b25bce0000000p-1,0x1.b25bd00000000p-1,5.960464477539063e-08,7.025894566756291e-08,8.58356634125812e-06,False
dq_da,"[152, 0]",0.422919899225235,0.4229198694229126,0x1.b111ea0000000p-2,0x1.b111e80000000p-2,2.9802322387695312e-08,7.04680069258776e-08,4.329198873165296e-06,False
dq_da,"[152, 1]",0.2418462187051773,0.24184618890285492,0x1.ef4d120000000p-3,0x1.ef4d0e0000000p-3,2.9802322387695312e-08,1.2322839921688352e-07,2.5184622245433275e-06,False
dq_da,"[153, 1]",-0.029603714123368263,-0.029603706672787666,-0x1.e506fa0000000p-6,-0x1.e506f20000000p-6,7.450580596923828e-09,2.516772242116258e-07,3.960371373068483e-07,False
dq_da,"[153, 2]",0.10310275852680206,0.10310272872447968,0x1.a64f140000000p-4,0x1.a64f0c0000000p-4,2.9802322387695312e-08,2.8905455890346575e-07,1.1310274885545368e-06,False
dq_da,"[154, 0]",0.07810448110103607,0.07810445129871368,0x1.3fea7c0000000p-4,0x1.3fea740000000p-4,2.9802322387695312e-08,3.815699428198362e-07,8.810447980067693e-07,False
dq_da,"[154, 1]",0.005095715168863535,0.00509569002315402,0x1.4df3ea0000000p-8,0x1.4df37e0000000p-8,2.514570951461792e-08,4.934677210426973e-06,1.509571490032613e-07,False
dq_da,"[154, 2]",-0.1691136509180069,-0.16911369562149048,-0x1.5a58420000000p-3,-0x1.5a58480000000p-3,4.470348358154297e-08,2.643398882282839e-07,1.7911364693645737e-06,False
dq_da,"[155, 0]",0.1543230414390564,0.15432307124137878,0x1.3c0db80000000p-3,0x1.3c0dbc0000000p-3,2.9802322387695312e-08,1.9311647897676076e-07,1.6432303482361021e-06,False
dq_da,"[155, 1]",0.019789252430200577,0.019789237529039383,0x1.443a240000000p-6,0x1.443a140000000p-6,1.4901161193847656e-08,7.529926280139236e-07,2.978925124352827e-07,False
dq_da,"[155, 2]",0.9529522061347961,0.9529523253440857,0x1.e7e95a0000000p-1,0x1.e7e95e0000000p-1,1.1920928955078125e-07,1.2509472015841995e-07,9.629521628085058e-06,False
dq_da,"[156, 0]",1.0866738557815552,1.0866737365722656,0x1.1630420000000p+0,0x1.1630400000000p+0,1.1920928955078125e-07,1.0970107444523343e-07,1.0966738045681268e-05,False
dq_da,"[156, 1]",0.31824520230293274,0.31824496388435364,0x1.45e2120000000p-2,0x1.45e2020000000p-2,2.384185791015625e-07,7.49166294970931e-07,3.28245209857414e-06,False
dq_da,"[156, 2]",2.7836034297943115,2.7836031913757324,0x1.644d1e0000000p+1,0x1.644d1c0000000p+1,2.384185791015625e-07,8.565105810319393e-08,2.7936033802689053e-05,False
dq_da,"[157, 0]",-0.2084178626537323,-0.20841790735721588,-0x1.aad6fc0000000p-3,-0x1.aad7020000000p-3,4.470348358154297e-08,2.1448969398469373e-07,2.184178583775065e-06,False
dq_da,"[157, 1]",-0.10699063539505005,-0.10699068754911423,-0x1.b63bd00000000p-4,-0x1.b63bde0000000p-4,5.21540641784668e-08,4.874638232205482e-07,1.1699063406922505e-06,False
dq_da,"[157, 2]",-0.12368059158325195,-0.12368062883615494,-0x1.fa98800000000p-4,-0x1.fa988a0000000p-4,3.725290298461914e-08,3.012024967518323e-07,1.336805894425197e-06,False
dq_da,"[158, 0]",0.2324330359697342,0.23243305087089539,0x1.dc05da0000000p-3,0x1.dc05dc0000000p-3,1.4901161193847656e-08,6.410948052921351e-08,2.424330432404531e-06,False
dq_da,"[158, 1]",0.242071270942688,0.2420712560415268,0x1.efc3100000000p-3,0x1.efc30e0000000p-3,1.4901161193847656e-08,6.155691724928237e-08,2.5207127691828646e-06,False
dq_da,"[159, 0]",-0.5184454321861267,-0.5184451937675476,-0x1.0971ae0000000p-1,-0x1.0971a60000000p-1,2.384185791015625e-07,4.59872079682955e-07,5.284453891363228e-06,False
dq_da,"[159, 1]",-0.867746114730835,-0.8677459955215454,-0x1.bc49380000000p-1,-0x1.bc49340000000p-1,1.1920928955078125e-07,1.3737807352529447e-07,8.777460607234389e-06,False
dq_da,"[160, 2]",0.0819745734333992,0.08197455108165741,0x1.4fc4920000000p-4,0x1.4fc48c0000000p-4,2.2351741790771484e-08,2.72666765493221e-07,9.197457302434486e-07,False
dq_da,"[161, 0]",-0.27567237615585327,-0.2756722569465637,-0x1.1a49dc0000000p-2,-0x1.1a49d40000000p-2,1.1920928955078125e-07,4.3243102995341636e-07,2.8567237677634694e-06,False
dq_da,"[161, 1]",-0.45300114154815674,-0.4530012011528015,-0x1.cfdf880000000p-2,-0x1.cfdf8c0000000p-2,5.960464477539063e-08,1.3157725071439867e-07,4.630011062545236e-06,False
dq_da,"[161, 2]",-0.3437439799308777,-0.34374433755874634,-0x1.5ffe6c0000000p-2,-0x1.5ffe840000000p-2,3.5762786865234375e-07,1.0403902018131573e-06,3.537439852152602e-06,False
dq_da,"[162, 0]",0.38590994477272034,0.38590943813323975,0x1.8b2bfa0000000p-2,0x1.8b2bd80000000p-2,5.066394805908203e-07,1.3128438057982751e-06,3.9590991036675405e-06,False
dq_da,"[162, 1]",0.5757531523704529,0.5757532119750977,0x1.26c91e0000000p-1,0x1.26c9200000000p-1,5.960464477539063e-08,1.0352465206658499e-07,5.857531050423859e-06,False
dq_da,"[162, 2]",0.20007720589637756,0.20007728040218353,0x1.99c2140000000p-3,0x1.99c21e0000000p-3,7.450580596923828e-08,3.7238527815020444e-07,2.100772007906926e-06,False
dq_da,"[163, 0]",-0.11428044736385345,-0.11428048461675644,-0x1.d417bc0000000p-4,-0x1.d417c60000000p-4,3.725290298461914e-08,3.259779239926402e-07,1.2428043874024297e-06,False
dq_da,"[163, 1]",-0.2471555918455124,-0.24715560674667358,-0x1.fa2cb60000000p-3,-0x1.fa2cb80000000p-3,1.4901161193847656e-08,6.029060917691803e-08,2.571556024122401e-06,False
dq_da,"[163, 2]",0.27900999784469604,0.27900996804237366,0x1.1db4cc0000000p-2,0x1.1db4ca0000000p-2,2.9802322387695312e-08,1.0681453215982616e-07,2.8900999495817814e-06,False
dq_da,"[164, 0]",0.04219628870487213,0.04219687730073929,0x1.59ac080000000p-5,0x1.59ad440000000p-5,5.885958671569824e-07,1.3948996113703742e-05,5.21962874699966e-07,True
dq_da,"[165, 1]",-0.06880813091993332,-0.06880819797515869,-0x1.19d68e0000000p-4,-0x1.19d6a00000000p-4,6.705522537231445e-08,9.745247324090435e-07,7.880813086558192e-07,False
dq_da,"[165, 2]",0.6975767612457275,0.6975768804550171,0x1.6528c80000000p-1,0x1.6528cc0000000p-1,1.1920928955078125e-07,1.708905688571078e-07,7.075767371134134e-06,False
dq_da,"[166, 0]",0.16868947446346283,0.16868950426578522,0x1.5979de0000000p-3,0x1.5979e20000000p-3,2.9802322387695312e-08,1.7666972099169307e-07,1.7868946997623425e-06,False
dq_da,"[166, 1]",0.13944226503372192,0.13944225013256073,0x1.1d93e80000000p-3,0x1.1d93e60000000p-3,1.4901161193847656e-08,1.0686258710903788e-07,1.4944225767976604e-06,False
dq_da,"[166, 2]",-0.26310113072395325,-0.26310116052627563,-0x1.0d6a620000000p-2,-0x1.0d6a640000000p-2,2.9802322387695312e-08,1.1327325848311928e-07,2.7310113637213362e-06,False
dq_da,"[167, 0]",0.2585078477859497,0.2585078775882721,0x1.08b6480000000p-2,0x1.08b64a0000000p-2,2.9802322387695312e-08,1.1528594834912828e-07,2.6850784706766717e-06,False
dq_da,"[167, 1]",-0.3657926321029663,-0.3657926917076111,-0x1.7692580000000p-2,-0x1.76925c0000000p-2,5.960464477539063e-08,1.629465427794965e-07,3.7579263789666584e-06,False
dq_da,"[167, 2]",0.6357449293136597,0.6357450485229492,0x1.45805c0000000p-1,0x1.4580600000000p-1,1.1920928955078125e-07,1.8751119207427693e-07,6.457448762375861e-06,False
dq_da,"[168, 0]",0.23012155294418335,0.23012125492095947,0x1.d749f80000000p-3,0x1.d749d00000000p-3,2.980232238769531e-07,1.2950687150509518e-06,2.401215624558972e-06,False
dq_da,"[168, 1]",0.7205894589424133,0.7205899357795715,0x1.70f11a0000000p-1,0x1.70f12a0000000p-1,4.76837158203125e-07,6.617320754358023e-07,7.305894087039633e-06,False
dq_da,"[169, 0]",0.01522166095674038,0.015221703797578812,0x1.f2c88c0000000p-7,0x1.f2c8e80000000p-7,4.284083843231201e-08,2.8144654222732143e-06,2.522166084872879e-07,False
dq_da,"[169, 1]",0.33134979009628296,0.33134984970092773,0x1.534d5c0000000p-2,0x1.534d600000000p-2,5.960464477539063e-08,1.7988435954062572e-07,3.413498006921145e-06,False
dq_da,"[169, 2]",0.4227658808231354,0.422765851020813,0x1.b0e98a0000000p-2,0x1.b0e9880000000p-2,2.9802322387695312e-08,7.049367921949962e-08,4.327658643887844e-06,False
dq_da,"[170, 1]",0.44388192892074585,0.44388189911842346,0x1.c688fc0000000p-2,0x1.c688fa0000000p-2,2.9802322387695312e-08,6.714020203561036e-08,4.538819212029921e-06,False
dq_da,"[170, 2]",0.15119290351867676,0.15119287371635437,0x1.35a4a00000000p-3,0x1.35a49c0000000p-3,2.9802322387695312e-08,1.971145582505058e-07,1.6119289512062096e-06,False
dq_da,"[171, 2]",0.05731698498129845,0.05731702968478203,0x1.d58a6e0000000p-5,0x1.d58a860000000p-5,4.470348358154297e-08,7.799343178314238e-07,6.731698363182659e-07,False
dq_da,"[172, 0]",0.4248946011066437,0.42489439249038696,0x1.b317920000000p-2,0x1.b317840000000p-2,2.086162567138672e-07,4.909835431434604e-07,4.34894582213019e-06,False
dq_da,"[172, 1]",0.1699938327074051,0.16999374330043793,0x1.5c25ba0000000p-3,0x1.5c25ae0000000p-3,8.940696716308594e-08,5.259424164932737e-07,1.799938218027819e-06,False
dq_da,"[172, 2]",0.8981261849403381,0.8981260657310486,0x1.cbd7320000000p-1,0x1.cbd72e0000000p-1,1.1920928955078125e-07,1.327311145690516e-07,9.081261850951705e-06,False
dq_da,"[173, 0]",-0.04210178181529045,-0.04210172966122627,-0x1.58e5d60000000p-5,-0x1.58e5ba0000000p-5,5.21540641784668e-08,1.2387614473724145e-06,5.210177960179863e-07,False
dq_da,"[173, 1]",-0.3462326228618622,-0.34623265266418457,-0x1.628ace0000000p-2,-0x1.628ad00000000p-2,2.9802322387695312e-08,8.607600907551009e-08,3.562326128303539e-06,False
dq_da,"[173, 2]",0.33446720242500305,0.33446723222732544,0x1.567e920000000p-2,0x1.567e940000000p-2,2.9802322387695312e-08,8.910387078798207e-08,3.4446720746927895e-06,False
dq_da,"[174, 0]",0.13652651011943817,0.13652649521827698,0x1.179b360000000p-3,0x1.179b340000000p-3,1.4901161193847656e-08,1.0914481869353871e-07,1.4652650861535221e-06,False
dq_da,"[174, 1]",0.1527210772037506,0.152721107006073,0x1.38c5d40000000p-3,0x1.38c5d80000000p-3,2.9802322387695312e-08,1.9514216985213494e-07,1.6272107359327492e-06,False
dq_da,"[174, 2]",-0.14540965855121613,-0.14540967345237732,-0x1.29cc8a0000000p-3,-0x1.29cc8c0000000p-3,1.4901161193847656e-08,1.0247710738278899e-07,1.5540965705440613e-06,False
dq_da,"[175, 1]",-0.37755200266838074,-0.3775520324707031,-0x1.829cfe0000000p-2,-0x1.829d000000000p-2,2.9802322387695312e-08,7.893567555479742e-08,3.8755197238060646e-06,False
dq_da,"[176, 0]",-0.09816020727157593,-0.09816017001867294,-0x1.9210700000000p-4,-0x1.9210660000000p-4,3.725290298461914e-08,3.7951125023150186e-07,1.0816020221682265e-06,False
dq_da,"[177, 1]",0.0015042199520394206,0.0015042393933981657,0x1.8a527e0000000p-10,0x1.8a53cc0000000p-10,1.9441358745098114e-08,1.2924545189511368e-05,1.1504219799007842e-07,False
dq_da,"[177, 2]",0.4055209159851074,0.4055209457874298,0x1.9f40e00000000p-2,0x1.9f40e20000000p-2,2.9802322387695312e-08,7.349145558940735e-08,4.155208898737328e-06,False
dq_da,"[178, 1]",0.656979501247406,0.6569793820381165,0x1.505f9e0000000p-1,0x1.505f9a0000000p-1,1.1920928955078125e-07,1.814505465154373e-07,6.669794856861699e-06,False
dq_da,"[178, 2]",0.9932747483253479,0.9932748079299927,0x1.fc8e820000000p-1,0x1.fc8e840000000p-1,5.960464477539063e-08,6.000821512465056e-08,1.0032747013610788e-05,False
dq_da,"[179, 0]",0.13037948310375214,0.13037945330142975,0x1.0b04660000000p-3,0x1.0b04620000000p-3,2.9802322387695312e-08,2.2858138165787562e-07,1.403794726684282e-06,False
dq_da,"[179, 1]",0.23285211622714996,0.23285207152366638,0x1.dce1920000000p-3,0x1.dce18c0000000p-3,4.470348358154297e-08,1.919822946248605e-07,2.4285211566166254e-06,False
dq_da,"[179, 2]",0.1284610629081726,0.12846101820468903,0x1.0716980000000p-3,0x1.0716920000000p-3,4.470348358154297e-08,3.479924777946e-07,1.3846105275661102e-06,False
dq_da,"[180, 0]",0.6693679094314575,0.6693678498268127,0x1.56b7640000000p-1,0x1.56b7620000000p-1,5.960464477539063e-08,8.904616420290771e-08,6.7936789491795935e-06,False
dq_da,"[180, 1]",-0.9243892431259155,-0.9243893027305603,-0x1.d9498c0000000p-1,-0x1.d9498e0000000p-1,5.960464477539063e-08,6.448002853628143e-08,9.343892088509165e-06,False
dq_da,"[181, 0]",0.2777046859264374,0.27770471572875977,0x1.1c5e9e0000000p-2,0x1.1c5ea00000000p-2,2.9802322387695312e-08,1.073165988837142e-07,2.8770468816219363e-06,False
dq_da,"[181, 1]",0.053907670080661774,0.05390768125653267,0x1.b99c940000000p-5,0x1.b99c9a0000000p-5,1.1175870895385742e-08,2.0731504215751382e-07,6.390766884578625e-07,False
dq_da,"[181, 2]",0.07532054930925369,0.0753205418586731,0x1.3483520000000p-4,0x1.3483500000000p-4,7.450580596923828e-09,9.891829872792058e-08,8.532055062460131e-07,False
dq_da,"[182, 0]",0.10817909985780716,0.10817912966012955,0x1.bb1a020000000p-4,0x1.bb1a0a0000000p-4,2.9802322387695312e-08,2.7549057467540497e-07,1.1817909353339928e-06,False
dq_da,"[182, 1]",0.05250244215130806,0.05250247195363045,0x1.ae199a0000000p-5,0x1.ae19aa0000000p-5,2.9802322387695312e-08,5.676368787152278e-07,6.250244268812821e-07,False
dq_da,"[183, 0]",3.036442756652832,3.0364420413970947,0x1.84aa280000000p+1,0x1.84aa220000000p+1,7.152557373046875e-07,2.3555712872820194e-07,3.046442725462839e-05,False
dq_da,"[183, 1]",0.3771652281284332,0.3771650493144989,0x1.82379a0000000p-2,0x1.82378e0000000p-2,1.7881393432617188e-07,4.740997339905409e-07,3.871652097586775e-06,False
dq_da,"[183, 2]",-1.3170174360275269,-1.317017674446106,-0x1.51280e0000000p+0,-0x1.5128120000000p+0,2.384185791015625e-07,1.8102917439020097e-07,1.3270173440105282e-05,False
dq_da,"[184, 0]",-0.34709838032722473,-0.3470984101295471,-0x1.636dc20000000p-2,-0x1.636dc40000000p-2,2.9802322387695312e-08,8.586131217206881e-08,3.570983835743391e-06,False
dq_da,"[184, 1]",0.11102678626775742,0.11102684587240219,0x1.c6c4060000000p-4,0x1.c6c4160000000p-4,5.960464477539063e-08,5.36849230523932e-07,1.2102677828806918e-06,False
dq_da,"[184, 2]",1.040513515472412,1.0405133962631226,0x1.0a5f180000000p+0,0x1.0a5f160000000p+0,1.1920928955078125e-07,1.1456774734603814e-07,1.050513492373284e-05,False
dq_da,"[185, 0]",2.3314177989959717,2.3314175605773926,0x1.2a6be60000000p+1,0x1.2a6be40000000p+1,2.384185791015625e-07,1.0226334344888239e-07,2.3414178940583952e-05,False
dq_da,"[185, 1]",0.2587784230709076,0.2587783932685852,0x1.08fd360000000p-2,0x1.08fd340000000p-2,2.9802322387695312e-08,1.1516540689147492e-07,2.687784217414446e-06,False
dq_da,"[185, 2]",2.7691104412078857,2.7691102027893066,0x1.6272360000000p+1,0x1.6272340000000p+1,2.384185791015625e-07,8.609933917896187e-08,2.7791104002972133e-05,False
dq_da,"[186, 0]",-0.007127277087420225,-0.007127244025468826,-0x1.d317de0000000p-8,-0x1.d317500000000p-8,3.306195139884949e-08,4.638791363563575e-06,1.7127277374129335e-07,False
dq_da,"[186, 1]",0.17518550157546997,0.17518547177314758,0x1.66c7a80000000p-3,0x1.66c7a40000000p-3,2.9802322387695312e-08,1.7011865776379024e-07,1.851854904089123e-06,False
dq_da,"[187, 0]",-0.1982746571302414,-0.19827468693256378,-0x1.9611060000000p-3,-0x1.96110a0000000p-3,2.9802322387695312e-08,1.503082785215407e-07,2.0827465050388128e-06,False
dq_da,"[188, 0]",0.2445749193429947,0.24457493424415588,0x1.f4e3b20000000p-3,0x1.f4e3b40000000p-3,1.4901161193847656e-08,6.092677545954782e-08,2.5457491119595943e-06,False
dq_da,"[188, 1]",0.1735648214817047,0.17356480658054352,0x1.6375f40000000p-3,0x1.6375f20000000p-3,1.4901161193847656e-08,8.585357946753266e-08,1.8356481632508803e-06,False
dq_da,"[188, 2]",0.08130490034818649,0.0813048779964447,0x1.4d065e0000000p-4,0x1.4d06580000000p-4,2.2351741790771484e-08,2.749126029925703e-07,9.130490070674568e-07,False
dq_da,"[189, 0]",-1.9539086818695068,-1.9539082050323486,-0x1.f4335c0000000p+0,-0x1.f433540000000p+0,4.76837158203125e-07,2.4404270405661205e-07,1.9639086531242356e-05,False
dq_da,"[189, 1]",-3.158569097518921,-3.1585686206817627,-0x1.944bfe0000000p+1,-0x1.944bfa0000000p+1,4.76837158203125e-07,1.5096619497027438e-07,3.1685689464211464e-05,False
dq_da,"[189, 2]",2.5661332607269287,2.5661325454711914,0x1.48770e0000000p+1,0x1.4877080000000p+1,7.152557373046875e-07,2.787289920797299e-07,2.5761331926332787e-05,False
dq_da,"[190, 0]",1.071757197380066,1.0717575550079346,0x1.125eae0000000p+0,0x1.125eb40000000p+0,3.5762786865234375e-07,3.336836641046806e-07,1.081757181964349e-05,False
dq_da,"[190, 1]",0.6933020353317261,0.6933020949363708,0x1.62f87c0000000p-1,0x1.62f87e0000000p-1,5.960464477539063e-08,8.597211855417593e-08,7.033020210656105e-06,False
dq_da,"[190, 2]",-0.31466934084892273,-0.31466931104660034,-0x1.4238ae0000000p-2,-0x1.4238ac0000000p-2,2.9802322387695312e-08,9.470996541097353e-08,3.246693495384534e-06,False
dq_da,"[191, 0]",-0.4523073434829712,-0.45230716466903687,-0x1.cf29a80000000p-2,-0x1.cf299c0000000p-2,1.7881393432617188e-07,3.953372345211636e-07,4.623072982212761e-06,False
dq_da,"[191, 1]",0.29259374737739563,0.29259371757507324,0x1.2b9db20000000p-2,0x1.2b9db00000000p-2,2.9802322387695312e-08,1.0185563654323563e-07,3.025937530765077e-06,False
dq_da,"[191, 2]",-0.24998839199543,-0.24998827278614044,-0x1.fff9ea0000000p-3,-0x1.fff9da0000000p-3,1.1920928955078125e-07,4.768592997428477e-07,2.599883828224847e-06,False
dq_da,"[192, 0]",-0.6647850871086121,-0.6647852659225464,-0x1.545eb60000000p-1,-0x1.545ebc0000000p-1,1.7881393432617188e-07,2.6898006257014214e-07,6.747850420651957e-06,False
dq_da,"[192, 1]",-0.024053065106272697,-0.024053113535046577,-0x1.8a15de0000000p-6,-0x1.8a16120000000p-6,4.842877388000488e-08,2.0134138275531192e-06,3.4053064723593707e-07,False
dq_da,"[192, 2]",0.3766504228115082,0.37665075063705444,0x1.81b0a60000000p-2,0x1.81b0bc0000000p-2,3.2782554626464844e-07,8.703708436528325e-07,3.8665039028273895e-06,False
dq_da,"[193, 0]",0.12280574440956116,0.12280580401420593,0x1.f703280000000p-4,0x1.f703380000000p-4,5.960464477539063e-08,4.853571391302934e-07,1.3280573512020055e-06,False
dq_da,"[193, 2]",0.9581594467163086,0.9581595063209534,0x1.ea93e00000000p-1,0x1.ea93e20000000p-1,5.960464477539063e-08,6.220743841712427e-08,9.681593837740365e-06,False
dq_da,"[194, 0]",0.5988179445266724,0.5988180041313171,0x1.3298440000000p-1,0x1.3298460000000p-1,5.960464477539063e-08,9.953717205736765e-08,6.088179361540824e-06,False
dq_da,"[194, 1]",-0.11388343572616577,-0.1138833612203598,-0x1.d277700000000p-4,-0x1.d2775c0000000p-4,7.450580596923828e-08,6.542286461078368e-07,1.2388343293423532e-06,False
dq_da,"[195, 0]",-0.08727363497018814,-0.08727365732192993,-0x1.65790a0000000p-4,-0x1.6579100000000p-4,2.2351741790771484e-08,2.5611104428509976e-07,9.72736302173871e-07,False
dq_da,"[195, 1]",-0.33869919180870056,-0.3386991620063782,-0x1.5ad3f60000000p-2,-0x1.5ad3f40000000p-2,2.9802322387695312e-08,8.79905329225818e-08,3.486992000034661e-06,False
dq_da,"[195, 2]",0.3053887188434601,0.3053886592388153,0x1.38b7d20000000p-2,0x1.38b7ce0000000p-2,5.960464477539063e-08,1.951763149638265e-07,3.1538872917735716e-06,False
dq_da,"[196, 0]",-0.07470275461673737,-0.07470273226499557,-0x1.31fb840000000p-4,-0x1.31fb7e0000000p-4,2.2351741790771484e-08,2.9920907074239955e-07,8.47027536110545e-07,False
dq_da,"[196, 1]",-0.14352941513061523,-0.14352935552597046,-0x1.25f2c00000000p-3,-0x1.25f2b80000000p-3,5.960464477539063e-08,4.152782530406674e-07,1.5352941318269586e-06,False
dq_da,"[196, 2]",-0.13181667029857635,-0.13181671500205994,-0x1.0df5e60000000p-3,-0x1.0df5ec0000000p-3,4.470348358154297e-08,3.391337641914763e-07,1.4181666756485356e-06,False
dq_da,"[197, 0]",0.3947755694389343,0.3947756290435791,0x1.94400c0000000p-2,0x1.9440100000000p-2,5.960464477539063e-08,1.509836205419255e-07,4.047755282954313e-06,False
dq_da,"[197, 1]",0.022850096225738525,0.02285008318722248,0x1.7660400000000p-6,0x1.7660320000000p-6,1.30385160446167e-08,5.706109906850202e-07,3.2850095976755256e-07,False
dq_da,"[197, 2]",-0.30081918835639954,-0.3008192479610443,-0x1.3409f20000000p-2,-0x1.3409f60000000p-2,5.960464477539063e-08,1.9814109964545622e-07,3.10819177684607e-06,False
dq_da,"[198, 0]",0.07496260851621628,0.07496263086795807,0x1.330bfe0000000p-4,0x1.330c040000000p-4,2.2351741790771484e-08,2.9817187839636405e-07,8.49626076160348e-07,False
dq_da,"[198, 1]",-0.43717408180236816,-0.43717414140701294,-0x1.bfaa900000000p-2,-0x1.bfaa940000000p-2,5.960464477539063e-08,1.3634075590587252e-07,4.47174033979536e-06,False
dq_da,"[198, 2]",0.19764353334903717,0.19764351844787598,0x1.94c6220000000p-3,0x1.94c6200000000p-3,1.4901161193847656e-08,7.539412467157377e-08,2.076435293929535e-06,False
dq_da,"[199, 0]",0.04475027322769165,0.04475030675530434,0x1.6e98200000000p-5,0x1.6e98320000000p-5,3.3527612686157227e-08,7.492158207742563e-07,5.475027364809648e-07,False
dq_da,"[199, 1]",-0.02399718388915062,-0.023997191339731216,-0x1.892b7c0000000p-6,-0x1.892b840000000p-6,7.450580596923828e-09,3.1047728897440814e-07,3.3997181958511646e-07,False
dq_da,"[200, 0]",0.3498981297016144,0.34989818930625916,0x1.664bb20000000p-2,0x1.664bb60000000p-2,5.960464477539063e-08,1.7034856638479373e-07,3.598981265895418e-06,False
dq_da,"[200, 1]",-0.12901540100574493,-0.12901543080806732,-0x1.08393a0000000p-3,-0x1.08393e0000000p-3,2.9802322387695312e-08,2.309981766158929e-07,1.3901538977734162e-06,False
dq_da,"[201, 0]",0.09841886907815933,0.09841887652873993,0x1.931faa0000000p-4,0x1.931fac0000000p-4,7.450580596923828e-09,7.570276580811907e-08,1.0841886251000687e-06,False
dq_da,"[201, 1]",-0.5266276597976685,-0.5266276001930237,-0x1.0da2240000000p-1,-0x1.0da2220000000p-1,5.960464477539063e-08,1.1318175881284106e-07,5.366276127460878e-06,False
dq_da,"[201, 2]",0.3052240014076233,0.30522412061691284,0x1.388ca40000000p-2,0x1.388cac0000000p-2,1.1920928955078125e-07,3.9056328794922836e-07,3.1522399694949854e-06,False
dq_da,"[202, 0]",0.44280219078063965,0.4428022503852844,0x1.c56df00000000p-2,0x1.c56df40000000p-2,5.960464477539063e-08,1.3460783622210723e-07,4.528021690930473e-06,False
dq_da,"[202, 1]",0.8122075796127319,0.8122076988220215,0x1.9fd9ac0000000p-1,0x1.9fd9b00000000p-1,1.1920928955078125e-07,1.467719491212103e-07,8.222075848607346e-06,False
dq_da,"[202, 2]",-0.23688539862632751,-0.23688548803329468,-0x1.e5242c0000000p-3,-0x1.e524380000000p-3,8.940696716308594e-08,3.7742709209409763e-07,2.4688540634087985e-06,False
dq_da,"[203, 0]",0.6403920650482178,0.640392005443573,0x1.47e1780000000p-1,0x1.47e1760000000p-1,5.960464477539063e-08,9.307523941743835e-08,6.503920303657651e-06,False
dq_da,"[203, 1]",-1.174060344696045,-1.1740604639053345,-0x1.2c8f380000000p+0,-0x1.2c8f3a0000000p+0,1.1920928955078125e-07,1.0153591345566109e-07,1.1840603292512242e-05,False
dq_da,"[204, 0]",0.35335251688957214,0.3533523976802826,0x1.69d53e0000000p-2,0x1.69d5360000000p-2,1.1920928955078125e-07,3.373664650817696e-07,3.6335252389108064e-06,False
dq_da,"[204, 1]",0.21780706942081451,0.21780705451965332,0x1.be11a20000000p-3,0x1.be11a00000000p-3,1.4901161193847656e-08,6.841449744249505e-08,2.278070724059944e-06,False
dq_da,"[204, 2]",0.13438543677330017,0.13438540697097778,0x1.1338ac0000000p-3,0x1.1338a80000000p-3,2.9802322387695312e-08,2.2176750028330797e-07,1.4438543303185725e-06,False
dq_da,"[205, 0]",0.3646814823150635,0.36468151211738586,0x1.756f100000000p-2,0x1.756f120000000p-2,2.9802322387695312e-08,8.172151269788864e-08,3.746814854821423e-06,False
dq_da,"[205, 1]",-0.08252832293510437,-0.08252833783626556,-0x1.5209380000000p-4,-0x1.52093c0000000p-4,1.4901161193847656e-08,1.805581485711892e-07,9.25283245578612e-07,False
dq_da,"[205, 2]",0.2581303119659424,0.25813034176826477,0x1.0853500000000p-2,0x1.0853520000000p-2,2.9802322387695312e-08,1.15454563087606e-07,2.6813031581696123e-06,False
dq_da,"[206, 0]",-0.4950885772705078,-0.4950886070728302,-0x1.faf8800000000p-2,-0x1.faf8820000000p-2,2.9802322387695312e-08,6.019594019316637e-08,5.05088564750622e-06,False
dq_da,"[206, 1]",0.10001733154058456,0.10001732409000397,0x1.99abc60000000p-4,0x1.99abc40000000p-4,7.450580596923828e-09,7.449289520287358e-08,1.1001732218574034e-06,False
dq_da,"[206, 2]",0.39306819438934326,0.39306825399398804,0x1.9280780000000p-2,0x1.92807c0000000p-2,5.960464477539063e-08,1.516394499127315e-07,4.0306817936652806e-06,False
dq_da,"[207, 0]",0.6492303609848022,0.6492303013801575,0x1.4c67ec0000000p-1,0x1.4c67ea0000000p-1,5.960464477539063e-08,9.180815987252621e-08,6.5923031797865406e-06,False
dq_da,"[207, 1]",-0.2788034975528717,-0.27880343794822693,-0x1.1d7eaa0000000p-2,-0x1.1d7ea60000000p-2,5.960464477539063e-08,2.1378729211991798e-07,2.888034941861406e-06,False
dq_da,"[208, 0]",-0.2255866527557373,-0.22558659315109253,-0x1.ce00600000000p-3,-0x1.ce00580000000p-3,5.960464477539063e-08,2.642206178746305e-07,2.355866627112846e-06,False
dq_da,"[208, 2]",0.23247788846492767,0.2324777990579605,0x1.dc1d5e0000000p-3,0x1.dc1d520000000p-3,8.940696716308594e-08,3.845826704356623e-07,2.4247788132925052e-06,False
dq_da,"[209, 1]",-0.41602498292922974,-0.4160250425338745,-0x1.aa02740000000p-2,-0x1.aa02780000000p-2,5.960464477539063e-08,1.4327179189027215e-07,4.26024962507654e-06,False
dq_da,"[209, 2]",0.5154659748077393,0.5154657959938049,0x1.07eb280000000p-1,0x1.07eb220000000p-1,1.7881393432617188e-07,3.4689764808019905e-07,5.2546592996804975e-06,False
dq_da,"[210, 0]",-0.0035329528618603945,-0.003532917471602559,-0x1.cf123a0000000p-9,-0x1.cf110a0000000p-9,3.5390257835388184e-08,1.0017189365145466e-05,1.353295289163725e-07,False
dq_da,"[210, 2]",0.35770514607429504,0.35770517587661743,0x1.6e4a420000000p-2,0x1.6e4a440000000p-2,2.9802322387695312e-08,8.331533027904887e-08,3.6770513816009043e-06,False
dq_da,"[211, 0]",0.4594203233718872,0.4594201445579529,0x1.d672480000000p-2,0x1.d6723c0000000p-2,1.7881393432617188e-07,3.89216421715474e-07,4.694202743849019e-06,False
dq_da,"[211, 2]",1.7059611082077026,1.7059612274169922,0x1.b4b9de0000000p+0,0x1.b4b9e00000000p+0,1.1920928955078125e-07,6.987808161466444e-08,1.7159611161332577e-05,False
dq_da,"[212, 0]",0.02782536670565605,0.02782529965043068,0x1.c7e40c0000000p-6,0x1.c7e3c40000000p-6,6.705522537231445e-08,2.4098595386591674e-06,3.782536452945351e-07,False
dq_da,"[212, 1]",0.028899552300572395,0.028899582102894783,0x1.d97d820000000p-6,0x1.d97da20000000p-6,2.9802322387695312e-08,1.0312382031989138e-06,3.8899551668691856e-07,False
dq_da,"[212, 2]",1.0860354900360107,1.0860356092453003,0x1.16066c0000000p+0,0x1.16066e0000000p+0,1.1920928955078125e-07,1.0976555613926439e-07,1.0960354302369524e-05,False
dq_da,"[213, 0]",-0.33724430203437805,-0.3372443616390228,-0x1.5956920000000p-2,-0x1.5956960000000p-2,5.960464477539063e-08,1.767402574805093e-07,3.472443040664075e-06,False
dq_da,"[213, 2]",0.17601239681243896,0.17601241171360016,0x1.6879300000000p-3,0x1.6879320000000p-3,1.4901161193847656e-08,8.465972547221502e-08,1.8601239162308048e-06,False
dq_da,"[214, 1]",0.19220465421676636,0.19220468401908875,0x1.89a2980000000p-3,0x1.89a29c0000000p-3,2.9802322387695312e-08,1.5505515466906734e-07,2.022046601268812e-06,False
dq_da,"[214, 2]",0.19078822433948517,0.19078834354877472,0x1.86bbfa0000000p-3,0x1.86bc0a0000000p-3,1.1920928955078125e-07,6.248251953886964e-07,2.007882358157076e-06,False
dq_da,"[215, 0]",-0.3153810203075409,-0.3153810501098633,-0x1.42f33e0000000p-2,-0x1.42f3400000000p-2,2.9802322387695312e-08,9.449624571140601e-08,3.253810291425907e-06,False
dq_da,"[215, 1]",-0.13919536769390106,-0.13919538259506226,-0x1.1d12760000000p-3,-0x1.1d12780000000p-3,1.4901161193847656e-08,1.0705213428234337e-07,1.49195363974286e-06,False
dq_da,"[215, 2]",0.6327843070030212,0.632784366607666,0x1.43fc4e0000000p-1,0x1.43fc500000000p-1,5.960464477539063e-08,9.41942524739414e-08,6.427842890843749e-06,False
dq_da,"[216, 0]",-0.1998516172170639,-0.19985158741474152,-0x1.994bce0000000p-3,-0x1.994bca0000000p-3,2.9802322387695312e-08,1.4912224780911456e-07,2.0985162336728536e-06,False
dq_da,"[216, 1]",-0.21284954249858856,-0.21284952759742737,-0x1.b3ea760000000p-3,-0x1.b3ea740000000p-3,1.4901161193847656e-08,7.000795500392709e-08,2.2284955321083544e-06,False
dq_da,"[216, 2]",0.20036503672599792,0.20036500692367554,0x1.9a58fc0000000p-3,0x1.9a58f80000000p-3,2.9802322387695312e-08,1.487401338809945e-07,2.1036503312643617e-06,False
dq_da,"[217, 0]",0.19668351113796234,0.19668354094028473,0x1.92cece0000000p-3,0x1.92ced20000000p-3,2.9802322387695312e-08,1.5152425444952867e-07,2.066835122604971e-06,False
dq_da,"[217, 2]",0.3164190351963043,0.31641900539398193,0x1.44035a0000000p-2,0x1.4403580000000p-2,2.9802322387695312e-08,9.41862501072546e-08,3.2641903544572415e-06,False
dq_da,"[218, 0]",1.1095871925354004,1.1095870733261108,0x1.1c0de80000000p+0,0x1.1c0de60000000p+0,1.1920928955078125e-07,1.0743571154456884e-07,1.119587159337243e-05,False
dq_da,"[218, 1]",0.07117784023284912,0.07117759436368942,0x1.238b600000000p-4,0x1.238b1e0000000p-4,2.4586915969848633e-07,3.4542936241695043e-06,8.117784204841882e-07,False
dq_da,"[219, 0]",0.11706174910068512,0.11706170439720154,0x1.df7c240000000p-4,0x1.df7c180000000p-4,4.470348358154297e-08,3.8187951166775567e-07,1.2706174175036722e-06,False
dq_da,"[219, 1]",0.14053089916706085,0.14053092896938324,0x1.1fceaa0000000p-3,0x1.1fceae0000000p-3,2.9802322387695312e-08,2.1206953463143217e-07,1.5053088873173692e-06,False
dq_da,"[219, 2]",0.015066982246935368,0.015067070722579956,0x1.edb7020000000p-7,0x1.edb7c00000000p-7,8.847564458847046e-08,5.872154299940617e-06,2.50669813794957e-07,False
dq_da,"[220, 0]",-0.09406308084726334,-0.09406305104494095,-0x1.81484a0000000p-4,-0x1.8148420000000p-4,2.9802322387695312e-08,3.1683336458102393e-07,1.0406307637822465e-06,False
dq_da,"[220, 1]",-0.1240481361746788,-0.12404811382293701,-0x1.fc19e60000000p-4,-0x1.fc19e00000000p-4,2.2351741790771484e-08,1.8018603487356555e-07,1.3404812762018992e-06,False
dq_da,"[220, 2]",0.2884741723537445,0.2884741425514221,0x1.2765c60000000p-2,0x1.2765c40000000p-2,2.9802322387695312e-08,1.0331019288322942e-07,2.984741740874597e-06,False
dq_da,"[221, 0]",0.33956292271614075,0.3395628035068512,0x1.5bb6620000000p-2,0x1.5bb65a0000000p-2,1.1920928955078125e-07,3.510668614736681e-07,3.495629243843723e-06,False
dq_da,"[221, 1]",-1.1030380725860596,-1.1030378341674805,-0x1.1a60b40000000p+0,-0x1.1a60b00000000p+0,2.384185791015625e-07,2.1614718931921634e-07,1.1130380698887166e-05,False
dq_da,"[221, 2]",1.6627509593963623,1.6627510786056519,0x1.a9aa0c0000000p+0,0x1.a9aa0e0000000p+0,1.1920928955078125e-07,7.169401339215492e-08,1.672751022852026e-05,False
dq_da,"[222, 0]",-0.9764671325683594,-0.9764671921730042,-0x1.f3f3800000000p-1,-0x1.f3f3820000000p-1,5.960464477539063e-08,6.104111729661099e-08,9.864670573733747e-06,False
dq_da,"[222, 2]",0.5976815223693848,0.5976814031600952,0x1.3203500000000p-1,0x1.32034c0000000p-1,1.1920928955078125e-07,1.9945286091194635e-07,6.0768147704948206e-06,False
dq_da,"[223, 0]",0.3597462773323059,0.3597464859485626,0x1.7061540000000p-2,0x1.7061620000000p-2,2.086162567138672e-07,5.798983057194044e-07,3.6974627164454432e-06,False
dq_da,"[223, 1]",0.22941376268863678,0.2294139564037323,0x1.d5d6e20000000p-3,0x1.d5d6fc0000000p-3,1.9371509552001953e-07,8.443917803786344e-07,2.3941377094161e-06,False
dq_da,"[223, 2]",-0.01188928447663784,-0.011889223009347916,-0x1.85968c0000000p-7,-0x1.8596080000000p-7,6.146728992462158e-08,5.169973857165529e-06,2.1889283630116552e-07,False
dq_da,"[224, 1]",0.3253975510597229,0.3253975212574005,0x1.4d35040000000p-2,0x1.4d35020000000p-2,2.9802322387695312e-08,9.158742065094843e-08,3.3539754440425895e-06,False
dq_da,"[225, 0]",-0.09091872721910477,-0.09091870486736298,-0x1.7467320000000p-4,-0x1.74672c0000000p-4,2.2351741790771484e-08,2.4584310047484593e-07,1.009187258205202e-06,False
dq_da,"[225, 1]",0.1078057661652565,0.1078057810664177,0x1.b9928a0000000p-4,0x1.b9928e0000000p-4,1.4901161193847656e-08,1.382223022375772e-07,1.1780575732700527e-06,False
dq_da,"[225, 2]",-0.1567741185426712,-0.15677410364151,-0x1.4112ca0000000p-3,-0x1.4112c80000000p-3,1.4901161193847656e-08,9.504860452965531e-08,1.6677411167620448e-06,False
dq_da,"[226, 0]",0.2097533643245697,0.20975333452224731,0x1.ad932c0000000p-3,0x1.ad93280000000p-3,2.9802322387695312e-08,1.420826907051635e-07,2.1975336039758986e-06,False
dq_da,"[226, 1]",0.22925113141536713,0.22925107181072235,0x1.d5819e0000000p-3,0x1.d581960000000p-3,5.960464477539063e-08,2.599971673308619e-07,2.3925113055156544e-06,False
dq_da,"[226, 2]",-0.05913642793893814,-0.05913640558719635,-0x1.e472140000000p-5,-0x1.e472080000000p-5,2.2351741790771484e-08,3.77969088931969e-07,6.913642778272333e-07,False
dq_da,"[227, 0]",0.02492993138730526,0.024929892271757126,0x1.9873b60000000p-6,0x1.98738c0000000p-6,3.91155481338501e-08,1.5690194861012891e-06,3.492993130294053e-07,False
dq_da,"[227, 1]",0.2492082267999649,0.24920819699764252,0x1.fe60e20000000p-3,0x1.fe60de0000000p-3,2.9802322387695312e-08,1.195880359584482e-07,2.592082182673039e-06,False
dq_da,"[227, 2]",-0.05471227318048477,-0.05471222847700119,-0x1.c033f40000000p-5,-0x1.c033dc0000000p-5,4.470348358154297e-08,8.170650017423911e-07,6.471227607107721e-07,False
dq_da,"[228, 1]",-0.32970085740089417,-0.3297008275985718,-0x1.519d1a0000000p-2,-0x1.519d180000000p-2,2.9802322387695312e-08,9.039200753869342e-08,3.3970086406043265e-06,False
dq_da,"[228, 2]",0.5583508610725403,0.5583509206771851,0x1.1de02a0000000p-1,0x1.1de02c0000000p-1,5.960464477539063e-08,1.0675123641950802e-07,5.683508334186627e-06,False
dq_da,"[229, 0]",0.05289389565587044,0.05289385840296745,0x1.b14e8a0000000p-5,0x1.b14e760000000p-5,3.725290298461914e-08,7.04294938436523e-07,6.289389489211317e-07,False
dq_da,"[229, 1]",-0.39687931537628174,-0.3968794345855713,-0x1.9667880000000p-2,-0x1.9667900000000p-2,1.1920928955078125e-07,3.00366597432166e-07,4.0687928049010225e-06,False
dq_da,"[230, 0]",0.313054621219635,0.3130546510219574,0x1.4091640000000p-2,0x1.4091660000000p-2,2.9802322387695312e-08,9.519847453964398e-08,3.230546099075582e-06,False
dq_da,"[230, 1]",0.2386142909526825,0.2386142611503601,0x1.e8ae9c0000000p-3,0x1.e8ae980000000p-3,2.9802322387695312e-08,1.2489747478538555e-07,2.4861428755684756e-06,False
dq_da,"[230, 2]",-0.5637757778167725,-0.5637756586074829,-0x1.20a7380000000p-1,-0x1.20a7340000000p-1,1.1920928955078125e-07,2.1144805123132544e-07,5.737757419410627e-06,False
dq_da,"[231, 0]",0.11410701274871826,0.11410696059465408,0x1.d361e00000000p-4,0x1.d361d20000000p-4,5.21540641784668e-08,4.5706274243913755e-07,1.2410700946929865e-06,False
dq_da,"[231, 2]",0.02944127470254898,0.029441315680742264,0x1.e25da80000000p-6,0x1.e25dd40000000p-6,4.0978193283081055e-08,1.3918620609023164e-06,3.94412722926063e-07,False
dq_da,"[232, 0]",0.7855306267738342,0.785530686378479,0x1.9231120000000p-1,0x1.9231140000000p-1,5.960464477539063e-08,7.587819334325163e-08,7.955305591167416e-06,False
dq_da,"[232, 1]",0.24561229348182678,0.2456122636795044,0x1.f703940000000p-3,0x1.f703900000000p-3,2.9802322387695312e-08,1.2133888725688086e-07,2.5561230359016918e-06,False
dq_da,"[232, 2]",-0.21393828094005585,-0.21393835544586182,-0x1.b625460000000p-3,-0x1.b625500000000p-3,7.450580596923828e-08,3.482584119207461e-07,2.2393828658096027e-06,False
dq_da,"[233, 0]",0.2430768758058548,0.24307690560817719,0x1.f1d24a0000000p-3,0x1.f1d24e0000000p-3,2.9802322387695312e-08,1.2260451467830445e-07,2.5307688247266924e-06,False
dq_da,"[233, 1]",0.7402923107147217,0.7402923703193665,0x1.7b07980000000p-1,0x1.7b079a0000000p-1,5.960464477539063e-08,8.05150126682321e-08,7.502922926505562e-06,False
dq_da,"[233, 2]",0.8186444044113159,0.8186445832252502,0x1.a3255c0000000p-1,0x1.a325620000000p-1,1.7881393432617188e-07,2.1842686930078791e-07,8.286443517135922e-06,False
dq_da,"[234, 2]",-1.091144323348999,-1.0911444425582886,-0x1.17553c0000000p+0,-0x1.17553e0000000p+0,1.1920928955078125e-07,1.0925162418927101e-07,1.1011442438757513e-05,False
dq_da,"[235, 2]",0.25330233573913574,0.25330230593681335,0x1.0361b00000000p-2,0x1.0361ae0000000p-2,2.9802322387695312e-08,1.17655142423903e-07,2.6330233140470227e-06,False
dq_da,"[236, 0]",0.46865203976631165,0.4686518907546997,0x1.dfe6520000000p-2,0x1.dfe6480000000p-2,1.4901161193847656e-07,3.179578862236034e-07,4.786520094057778e-06,False
dq_da,"[236, 1]",0.12651558220386505,0.1265154629945755,0x1.031a9a0000000p-3,0x1.031a8a0000000p-3,1.1920928955078125e-07,9.422498594575444e-07,1.365155753774161e-06,False
dq_da,"[237, 0]",0.4658088684082031,0.46580880880355835,0x1.dcfd000000000p-2,0x1.dcfcfc0000000p-2,5.960464477539063e-08,1.2795944606867634e-07,4.758088380185654e-06,False
dq_da,"[237, 2]",-0.12248726934194565,-0.12248730659484863,-0x1.f5b5360000000p-4,-0x1.f5b5400000000p-4,3.725290298461914e-08,3.0413693753447014e-07,1.3248726418169099e-06,False
dq_da,"[238, 0]",0.16286639869213104,0.16286641359329224,0x1.4d8ce60000000p-3,0x1.4d8ce80000000p-3,1.4901161193847656e-08,9.149315827886364e-08,1.7286639604208176e-06,False
dq_da,"[238, 1]",0.17249654233455658,0.17249643802642822,0x1.6145de0000000p-3,0x1.6145d00000000p-3,1.043081283569336e-07,6.046969228787686e-07,1.8249653521706932e-06,False
dq_da,"[238, 2]",-0.1639290302991867,-0.16392900049686432,-0x1.4fba060000000p-3,-0x1.4fba020000000p-3,2.9802322387695312e-08,1.8180015054870468e-07,1.739290269142657e-06,False
dq_da,"[239, 1]",-0.45322445034980774,-0.4532244801521301,-0x1.d01a120000000p-2,-0x1.d01a140000000p-2,2.9802322387695312e-08,6.575621055901393e-08,4.63224432678544e-06,False
dq_da,"[240, 0]",0.22302056849002838,0.2230205237865448,0x1.c8bf020000000p-3,0x1.c8befc0000000p-3,4.470348358154297e-08,2.0044556376216813e-07,2.3302056888496736e-06,False
dq_da,"[240, 1]",0.27186664938926697,0.2718665897846222,0x1.1664360000000p-2,0x1.1664320000000p-2,5.960464477539063e-08,2.1924220903626496e-07,2.818666416715132e-06,False
dq_da,"[241, 0]",-0.12485519796609879,-0.12485521286725998,-0x1.ff682a0000000p-4,-0x1.ff682e0000000p-4,1.4901161193847656e-08,1.1934754368731755e-07,1.3485519048117567e-06,False
dq_da,"[241, 1]",-0.17347727715969086,-0.17347729206085205,-0x1.63480e0000000p-3,-0x1.6348100000000p-3,1.4901161193847656e-08,8.589690498848852e-08,1.8347726609135862e-06,False
dq_da,"[242, 0]",-0.8426825404167175,-0.842682421207428,-0x1.af74160000000p-1,-0x1.af74120000000p-1,1.1920928955078125e-07,1.4146405536280686e-07,8.52682478580391e-06,False
dq_da,"[242, 2]",0.9184145927429199,0.9184144735336304,0x1.d63a700000000p-1,0x1.d63a6c0000000p-1,1.1920928955078125e-07,1.2979899327900814e-07,9.284145562560298e-06,False
dq_da,"[243, 1]",-0.041584473103284836,-0.04158449545502663,-0x1.54a8f60000000p-5,-0x1.54a9020000000p-5,2.2351741790771484e-08,5.375021040967783e-07,5.158447038411396e-07,False
dq_da,"[244, 1]",-0.4878673851490021,-0.4878673553466797,-0x1.f393820000000p-2,-0x1.f393800000000p-2,2.9802322387695312e-08,6.108693324230566e-08,4.978673587174853e-06,False
dq_da,"[245, 0]",-0.8146642446517944,-0.8146641850471497,-0x1.a11bac0000000p-1,-0x1.a11baa0000000p-1,5.960464477539063e-08,7.316467509982223e-08,8.246642209996935e-06,False
dq_da,"[245, 1]",0.20879575610160828,0.2087956964969635,0x1.ab9d1c0000000p-3,0x1.ab9d140000000p-3,5.960464477539063e-08,2.854686603226966e-07,2.1879575342609314e-06,False
dq_da,"[246, 0]",0.1165367141366005,0.1165366843342781,0x1.dd559a0000000p-4,0x1.dd55920000000p-4,2.9802322387695312e-08,2.557333335549689e-07,1.2653671319640125e-06,False
dq_da,"[246, 1]",0.4285264015197754,0.4285261929035187,0x1.b6cfa00000000p-2,0x1.b6cf920000000p-2,2.086162567138672e-07,4.868224127475144e-07,4.385263764561387e-06,False
dq_da,"[246, 2]",0.1030888557434082,0.10308870673179626,0x1.a640800000000p-4,0x1.a640580000000p-4,1.4901161193847656e-07,1.4454677070950494e-06,1.1308884495520033e-06,False
dq_da,"[247, 0]",-0.39360570907592773,-0.3936057388782501,-0x1.930d600000000p-2,-0x1.930d620000000p-2,2.9802322387695312e-08,7.571618424352263e-08,4.0360569073527586e-06,False
dq_da,"[247, 1]",-0.08043280243873596,-0.08043277263641357,-0x1.4973e80000000p-4,-0x1.4973e00000000p-4,2.9802322387695312e-08,3.705244811082535e-07,9.043280329024128e-07,False
dq_da,"[247, 2]",1.7310731410980225,1.731073021888733,0x1.bb279c0000000p+0,0x1.bb279a0000000p+0,1.1920928955078125e-07,6.886438632810548e-08,1.74107317434391e-05,False
dq_da,"[248, 0]",-0.3007296025753021,-0.3007296919822693,-0x1.33f2760000000p-2,-0x1.33f27c0000000p-2,8.940696716308594e-08,2.9730018726938796e-07,3.1072959245648235e-06,False
dq_da,"[248, 1]",0.057666949927806854,0.05766713246703148,0x1.d8685c0000000p-5,0x1.d868be0000000p-5,1.825392246246338e-07,3.1654045315931274e-06,6.766695150872692e-07,False
dq_da,"[249, 1]",-0.25703299045562744,-0.25703302025794983,-0x1.0733a80000000p-2,-0x1.0733aa0000000p-2,2.9802322387695312e-08,1.1594746003175106e-07,2.6703298772190465e-06,False
dq_da,"[249, 2]",0.3220583200454712,0.32205840945243835,0x1.49c9a80000000p-2,0x1.49c9ae0000000p-2,8.940696716308594e-08,2.776111082938725e-07,3.320583118693321e-06,False
dq_da,"[250, 0]",0.6404049396514893,0.640404999256134,0x1.47e3280000000p-1,0x1.47e32a0000000p-1,5.960464477539063e-08,9.307336824701523e-08,6.504048997157952e-06,False
dq_da,"[251, 0]",0.10038074851036072,0.10038069635629654,0x1.9b28d80000000p-4,0x1.9b28ca0000000p-4,5.21540641784668e-08,5.195624156267748e-07,1.1038074489988503e-06,False
dq_da,"[251, 2]",0.4742852449417114,0.4742853045463562,0x1.e5ab080000000p-2,0x1.e5ab0c0000000p-2,5.960464477539063e-08,1.2567256816668606e-07,4.8428523768961895e-06,False
dq_da,"[252, 0]",-0.1897120326757431,-0.1897120475769043,-0x1.8487be0000000p-3,-0x1.8487c00000000p-3,1.4901161193847656e-08,7.854621018855881e-08,1.997120307350997e-06,False
dq_da,"[252, 1]",-0.40872183442115784,-0.4087219536304474,-0x1.a287fa0000000p-2,-0x1.a288020000000p-2,1.1920928955078125e-07,2.916636193894766e-07,4.1872181100188754e-06,False
dq_da,"[252, 2]",0.3392516076564789,0.33925166726112366,0x1.5b64c60000000p-2,0x1.5b64ca0000000p-2,5.960464477539063e-08,1.756945094148099e-07,3.4925160434795544e-06,False
dq_da,"[253, 0]",-0.3848530054092407,-0.3848528563976288,-0x1.8a16e80000000p-2,-0x1.8a16de0000000p-2,1.4901161193847656e-07,3.871909790077441e-07,3.948529865738237e-06,False
dq_da,"[253, 1]",-1.2141627073287964,-1.2141634225845337,-0x1.36d35e0000000p+0,-0x1.36d36a0000000p+0,7.152557373046875e-07,5.890938117167814e-07,1.2241626791364979e-05,False
dq_da,"[253, 2]",0.6000374555587769,0.6000370979309082,0x1.33381c0000000p-1,0x1.3338100000000p-1,3.5762786865234375e-07,5.960092413219564e-07,6.1003743212495465e-06,False
dq_da,"[254, 0]",2.040170907974243,2.040170431137085,0x1.0524520000000p+1,0x1.05244e0000000p+1,4.76837158203125e-07,2.337241239640032e-07,2.0501709514064714e-05,False
dq_da,"[254, 1]",0.16167549788951874,0.1616755872964859,0x1.4b1c860000000p-3,0x1.4b1c920000000p-3,8.940696716308594e-08,5.530025781901866e-07,1.7167549231089652e-06,False
dq_da,"[254, 2]",-0.9490596652030945,-0.9490595459938049,-0x1.e5eb260000000p-1,-0x1.e5eb220000000p-1,1.1920928955078125e-07,1.2560779255672086e-07,9.590596164343879e-06,False
dq_da,"[255, 0]",1.3968589305877686,1.396858811378479,0x1.65988c0000000p+0,0x1.65988a0000000p+0,1.1920928955078125e-07,8.534096531896783e-08,1.4068588825466577e-05,False
dq_da,"[255, 1]",0.014009746722877026,0.014009842649102211,0x1.cb12460000000p-7,0x1.cb13140000000p-7,9.592622518539429e-08,6.847106309834486e-06,2.400974778993259e-07,False
dq_da,"[255, 2]",-1.128273367881775,-1.1282732486724854,-0x1.20d6860000000p+0,-0x1.20d6840000000p+0,1.1920928955078125e-07,1.0565638873014016e-07,1.1382733646314591e-05,False
